time,open,high,low,close,tick_volume,spread,real_volume,body_size,upper_wick,lower_wick,price_change,price_change_pct,candle_direction,range,body_to_range,hour,minute,day_of_week,session_asia,session_europe,session_us,hour_sin,hour_cos
2025-12-03 03:15:00,4215.8,4219.63,4214.07,4216.79,3772,33,0,0.9899999999997817,2.8400000000001455,1.730000000000473,1.019999999999527,0.00024194868315859902,1,5.5600000000004,0.17805755363653505,3,15,2,1.0,0.0,0.0,0.7071067811865476,0.7071067811865476
2025-12-03 03:30:00,4216.81,4218.82,4213.19,4217.13,4075,33,0,0.31999999999970896,1.6899999999995998,3.6200000000008004,0.3400000000001455,8.063005271786015e-05,1,5.630000000000109,0.05683836579597142,3,30,2,1.0,0.0,0.0,0.7071067811865476,0.7071067811865476
2025-12-03 03:45:00,4217.13,4219.7,4214.08,4214.32,3701,33,0,2.8100000000004,2.569999999999709,0.23999999999978172,-2.8100000000004,-0.0006663299447729617,-1,5.619999999999891,0.4999999991104012,3,45,2,1.0,0.0,0.0,0.7071067811865476,0.7071067811865476
2025-12-03 04:00:00,4214.34,4224.22,4214.18,4223.92,4594,33,0,9.579999999999927,0.3000000000001819,0.15999999999985448,9.600000000000364,0.002277947569240201,1,10.039999999999964,0.9541832659818853,4,0,2,1.0,0.0,0.0,0.8660254037844386,0.5000000000000001
2025-12-03 04:15:00,4224.04,4224.36,4219.22,4223.07,2858,33,0,0.9700000000002547,0.31999999999970896,3.8499999999994543,-0.8500000000003638,-0.00020123487187265947,-1,5.139999999999418,0.18871595294031226,4,15,2,1.0,0.0,0.0,0.8660254037844386,0.5000000000000001
2025-12-03 04:30:00,4223.09,4228.75,4222.42,4225.01,3026,33,0,1.9200000000000728,3.7399999999997817,0.6700000000000728,1.9400000000005093,0.00045938144525203454,1,6.329999999999927,0.30331753506586406,4,30,2,1.0,0.0,0.0,0.8660254037844386,0.5000000000000001
2025-12-03 04:45:00,4224.95,4228.49,4224.13,4226.54,2740,33,0,1.5900000000001455,1.949999999999818,0.819999999999709,1.5299999999997453,0.0003621293204039151,1,4.359999999999673,0.3646788982462101,4,45,2,1.0,0.0,0.0,0.8660254037844386,0.5000000000000001
2025-12-03 05:00:00,4226.54,4227.36,4220.45,4222.64,2377,33,0,3.899999999999636,0.819999999999709,2.1900000000005093,-3.899999999999636,-0.0009227405868629272,-1,6.9099999999998545,0.5643994203119717,5,0,2,1.0,0.0,0.0,0.9659258262890683,0.25881904510252074
2025-12-03 05:15:00,4222.43,4225.79,4221.3,4225.6,2716,33,0,3.1700000000000728,0.18999999999959982,1.1300000000001091,2.9600000000000364,0.0007009832711289706,1,4.489999999999782,0.7060133614565909,5,15,2,1.0,0.0,0.0,0.9659258262890683,0.25881904510252074
2025-12-03 05:30:00,4225.58,4226.04,4220.56,4222.6,2357,33,0,2.9799999999995634,0.4600000000000364,2.0399999999999636,-3.0,-0.0007099583491101854,-1,5.479999999999563,0.5437956194455921,5,30,2,1.0,0.0,0.0,0.9659258262890683,0.25881904510252074
2025-12-03 05:45:00,4222.61,4224.12,4220.09,4221.0,2265,33,0,1.6099999999996726,1.5100000000002183,0.9099999999998545,-1.6000000000003638,-0.0003789134656373712,-1,4.029999999999745,0.3995037210929869,5,45,2,1.0,0.0,0.0,0.9659258262890683,0.25881904510252074
2025-12-03 06:00:00,4221.02,4221.23,4217.18,4220.23,2043,33,0,0.7900000000008731,0.20999999999912689,3.0499999999992724,-0.7700000000004366,-0.00018242122719745003,-1,4.049999999999272,0.19506172791367846,6,0,2,1.0,0.0,0.0,1.0,6.123233995736766e-17
2025-12-03 06:15:00,4220.19,4224.18,4220.09,4222.67,1344,33,0,2.480000000000473,1.5100000000002183,0.0999999999994543,2.4400000000005093,0.0005781675406317925,1,4.0900000000001455,0.6063569667327177,6,15,2,1.0,0.0,0.0,1.0,6.123233995736766e-17
2025-12-03 06:30:00,4222.64,4225.09,4222.09,4223.9,1681,33,0,1.2599999999993088,1.1900000000005093,0.5500000000001819,1.2299999999995634,0.0002912848979436147,1,3.0,0.4199999985997696,6,30,2,1.0,0.0,0.0,1.0,6.123233995736766e-17
2025-12-03 06:45:00,4223.91,4223.95,4220.04,4222.23,2079,33,0,1.680000000000291,0.03999999999996362,2.1899999999996,-1.6700000000000728,-0.00039536920855135605,-1,3.9099999999998545,0.4296675180827822,6,45,2,1.0,0.0,0.0,1.0,6.123233995736766e-17
2025-12-03 07:00:00,4222.23,4223.88,4219.9,4220.77,2075,33,0,1.4599999999991269,1.6500000000005457,0.8700000000008004,-1.4599999999991269,-0.00034578883670456775,-1,3.980000000000473,0.3668341699323145,7,0,2,1.0,0.0,0.0,0.9659258262890683,-0.25881904510252063
2025-12-03 07:15:00,4220.77,4221.99,4218.86,4220.16,2229,33,0,0.6100000000005821,1.2199999999993452,1.300000000000182,-0.6100000000005821,-0.00014452339265124184,-1,3.130000000000109,0.19488817829127125,7,15,2,1.0,0.0,0.0,0.9659258262890683,-0.25881904510252063
2025-12-03 07:30:00,4220.29,4220.75,4205.7,4207.08,4901,33,0,13.210000000000036,0.4600000000000364,1.3800000000001091,-13.079999999999927,-0.0030994085532301922,-1,15.050000000000182,0.8777408632041507,7,30,2,1.0,0.0,0.0,0.9659258262890683,-0.25881904510252063
2025-12-03 07:45:00,4207.28,4209.55,4203.4,4207.74,4506,33,0,0.4600000000000364,1.8100000000004002,3.880000000000109,0.6599999999998545,0.000156878404974437,1,6.150000000000546,0.07479674784585823,7,45,2,1.0,0.0,0.0,0.9659258262890683,-0.25881904510252063
2025-12-03 08:00:00,4207.7,4209.76,4206.11,4207.57,3374,33,0,0.13000000000010914,2.0600000000004,1.4600000000000364,-0.17000000000007276,-4.040173584871517e-05,-1,3.6500000000005457,0.035616438258609676,8,0,2,0.0,1.0,0.0,0.8660254037844387,-0.4999999999999998
2025-12-03 08:15:00,4207.6,4211.69,4206.59,4209.03,2848,33,0,1.4299999999993815,2.6599999999998545,1.0100000000002183,1.4600000000000364,0.00034699363290451176,1,5.099999999999454,0.2803921563128653,8,15,2,0.0,1.0,0.0,0.8660254037844387,-0.4999999999999998
2025-12-03 08:30:00,4209.03,4209.8,4204.81,4206.69,3044,33,0,2.3400000000001455,0.7700000000004366,1.8799999999991996,-2.3400000000001455,-0.0005559475698676764,-1,4.989999999999782,0.46893787481179744,8,30,2,0.0,1.0,0.0,0.8660254037844387,-0.4999999999999998
2025-12-03 08:45:00,4206.69,4209.94,4205.28,4208.09,2875,33,0,1.4000000000005457,1.8499999999994543,1.4099999999998545,1.4000000000005457,0.00033280322533881646,1,4.6599999999998545,0.3004291839047849,8,45,2,0.0,1.0,0.0,0.8660254037844387,-0.4999999999999998
2025-12-03 09:00:00,4208.11,4210.22,4205.98,4206.09,2307,33,0,2.019999999999527,2.110000000000582,0.11000000000058208,-2.0,-0.0004752750060003469,-1,4.240000000000691,0.47641509321581293,9,0,2,0.0,1.0,0.0,0.7071067811865476,-0.7071067811865475
2025-12-03 09:15:00,4206.05,4208.22,4202.16,4202.43,2598,33,0,3.619999999999891,2.1700000000000728,0.27000000000043656,-3.6599999999998545,-0.0008701668295257245,-1,6.0600000000004,0.5973597349877978,9,15,2,0.0,1.0,0.0,0.7071067811865476,-0.7071067811865475
2025-12-03 09:30:00,4202.42,4207.34,4200.1,4205.95,2788,33,0,3.5299999999997453,1.3900000000003274,2.319999999999709,3.519999999999527,0.0008376106205218235,1,7.239999999999782,0.48756906010002227,9,30,2,0.0,1.0,0.0,0.7071067811865476,-0.7071067811865475
2025-12-03 09:45:00,4205.95,4207.73,4203.1,4206.29,2341,33,0,0.3400000000001455,1.4399999999995998,2.8499999999994543,0.3400000000001455,8.083786064982834e-05,1,4.6299999999992,0.0734341251114175,9,45,2,0.0,1.0,0.0,0.7071067811865476,-0.7071067811865475
2025-12-03 10:00:00,4206.72,4208.14,4204.61,4206.72,2885,33,0,0.0,1.4200000000000728,2.110000000000582,0.43000000000029104,0.00010222785399967455,0,3.530000000000655,0.0,10,0,2,0.0,1.0,0.0,0.49999999999999994,-0.8660254037844387
2025-12-03 10:15:00,4206.73,4207.48,4203.69,4206.33,2576,33,0,0.3999999999996362,0.75,2.6400000000003274,-0.3900000000003274,-9.270880876319969e-05,-1,3.7899999999999636,0.10554089681905833,10,15,2,0.0,1.0,0.0,0.49999999999999994,-0.8660254037844387
2025-12-03 10:30:00,4206.33,4210.08,4203.99,4208.67,2655,33,0,2.3400000000001455,1.4099999999998545,2.3400000000001455,2.3400000000001455,0.0005563044268994933,1,6.0900000000001455,0.38423645257105504,10,30,2,0.0,1.0,0.0,0.49999999999999994,-0.8660254037844387
2025-12-03 10:45:00,4208.71,4209.48,4206.04,4206.33,2929,33,0,2.380000000000109,0.7699999999995271,0.2899999999999636,-2.3400000000001455,-0.0005559951243504826,-1,3.4399999999996,0.691860463105169,10,45,2,0.0,1.0,0.0,0.49999999999999994,-0.8660254037844387
2025-12-03 11:00:00,4206.33,4207.48,4197.03,4199.58,3537,33,0,6.75,1.1499999999996362,2.550000000000182,-6.75,-0.001604724308363823,-1,10.449999999999818,0.6459330137359605,11,0,2,0.0,1.0,0.0,0.258819045102521,-0.9659258262890682
2025-12-03 11:15:00,4199.59,4202.55,4198.91,4199.84,2608,33,0,0.25,2.7100000000000364,0.680000000000291,0.2600000000002183,6.191095300011389e-05,1,3.6400000000003274,0.06868131849262757,11,15,2,0.0,1.0,0.0,0.258819045102521,-0.9659258262890682
2025-12-03 11:30:00,4199.84,4202.11,4199.83,4201.43,2208,33,0,1.5900000000001455,0.6799999999993815,0.010000000000218279,1.5900000000001455,0.0003785858508895923,1,2.2799999999997453,0.69736841799414,11,30,2,0.0,1.0,0.0,0.258819045102521,-0.9659258262890682
2025-12-03 11:45:00,4201.42,4202.24,4199.97,4202.09,1904,33,0,0.6700000000000728,0.1499999999996362,1.449999999999818,0.6599999999998545,0.000157089371951896,1,2.269999999999527,0.2951541837218813,11,45,2,0.0,1.0,0.0,0.258819045102521,-0.9659258262890682
2025-12-03 12:00:00,4202.09,4202.52,4195.05,4195.27,2519,33,0,6.819999999999709,0.43000000000029104,0.22000000000025466,-6.819999999999709,-0.0016230018871560838,-1,7.470000000000255,0.912985273208785,12,0,2,0.0,1.0,0.0,1.2246467991473532e-16,-1.0
2025-12-03 12:15:00,4195.28,4204.79,4194.46,4202.98,3052,33,0,7.699999999999818,1.8100000000004002,0.819999999999709,7.709999999999127,0.0018377839805302461,1,10.329999999999927,0.7454017417759782,12,15,2,0.0,1.0,0.0,1.2246467991473532e-16,-1.0
2025-12-03 12:30:00,4203.03,4203.96,4198.68,4201.31,3374,33,0,1.7199999999993452,0.930000000000291,2.630000000000109,-1.6699999999991633,-0.00039733712746650317,-1,5.279999999999745,0.32575757514050235,12,30,2,0.0,1.0,0.0,1.2246467991473532e-16,-1.0
2025-12-03 12:45:00,4201.26,4201.59,4197.85,4200.48,2863,33,0,0.7800000000006548,0.32999999999992724,2.6299999999991996,-0.8300000000008367,-0.00019755742851654287,-1,3.7399999999997817,0.20855614917517082,12,45,2,0.0,1.0,0.0,1.2246467991473532e-16,-1.0
2025-12-03 13:00:00,4200.53,4200.73,4196.93,4199.54,2145,33,0,0.9899999999997817,0.1999999999998181,2.6099999999996726,-0.9399999999995998,-0.00022378394850102845,-1,3.7999999999992724,0.2605263151038706,13,0,2,0.0,1.0,0.0,-0.2588190451025208,-0.9659258262890683
2025-12-03 13:15:00,4199.67,4205.43,4199.1,4205.16,1902,33,0,5.489999999999782,0.27000000000043656,0.569999999999709,5.619999999999891,0.0013382418074360265,1,6.329999999999927,0.8672985768288877,13,15,2,0.0,1.0,0.0,-0.2588190451025208,-0.9659258262890683
2025-12-03 13:30:00,4205.16,4207.07,4202.61,4203.88,2385,33,0,1.2799999999997453,1.9099999999998545,1.2700000000004366,-1.2799999999997453,-0.00030438794243256985,-1,4.460000000000036,0.2869955150515201,13,30,2,0.0,1.0,0.0,-0.2588190451025208,-0.9659258262890683
2025-12-03 13:45:00,4203.89,4209.06,4203.04,4208.62,2833,33,0,4.729999999999563,0.4400000000005093,0.8500000000003638,4.739999999999782,0.0011275298057984008,1,6.020000000000437,0.7857142844089829,13,45,2,0.0,1.0,0.0,-0.2588190451025208,-0.9659258262890683
2025-12-03 14:00:00,4208.62,4210.43,4205.77,4207.44,2812,33,0,1.180000000000291,1.8100000000004002,1.6699999999991633,-1.180000000000291,-0.0002803769406599529,-1,4.6599999999998545,0.2532188835768539,14,0,2,0.0,1.0,0.0,-0.4999999999999997,-0.8660254037844388
2025-12-03 14:15:00,4207.41,4209.58,4205.15,4208.03,2879,33,0,0.6199999999998909,1.550000000000182,2.2600000000002183,0.5900000000001455,0.00014022778696788204,1,4.430000000000291,0.1399548529571787,14,15,2,0.0,1.0,0.0,-0.4999999999999997,-0.8660254037844388
2025-12-03 14:30:00,4208.03,4214.26,4207.57,4214.13,3067,33,0,6.100000000000364,0.13000000000010914,0.4600000000000364,6.100000000000364,0.0014496094371951637,1,6.690000000000509,0.9118086682932456,14,30,2,0.0,1.0,0.0,-0.4999999999999997,-0.8660254037844388
2025-12-03 14:45:00,4214.13,4214.15,4210.63,4213.45,2703,33,0,0.680000000000291,0.019999999999527063,2.819999999999709,-0.680000000000291,-0.00016136189438870917,-1,3.519999999999527,0.19318181763311484,14,45,2,0.0,1.0,0.0,-0.4999999999999997,-0.8660254037844388
2025-12-03 15:00:00,4213.41,4216.65,4211.2,4211.5,3993,33,0,1.9099999999998545,3.2399999999997817,0.3000000000001819,-1.949999999999818,-0.0004628036407219305,-1,5.449999999999818,0.35045871495327174,15,0,2,0.0,1.0,0.0,-0.7071067811865471,-0.7071067811865479
2025-12-03 15:15:00,4211.5,4222.82,4211.5,4220.28,4933,33,0,8.779999999999745,2.5399999999999636,0.0,8.779999999999745,0.00208476789742366,1,11.319999999999709,0.775618373873126,15,15,2,0.0,1.0,0.0,-0.7071067811865471,-0.7071067811865479
2025-12-03 15:30:00,4220.34,4225.57,4216.78,4223.55,4450,33,0,3.2100000000000364,2.019999999999527,3.5600000000004,3.2700000000004366,0.0007748301060594171,1,8.789999999999964,0.3651877128951277,15,30,2,0.0,1.0,0.0,-0.7071067811865471,-0.7071067811865479
2025-12-03 15:45:00,4223.55,4238.51,4222.3,4237.17,4491,33,0,13.61999999999989,1.3400000000001455,1.25,13.61999999999989,0.003224775366693869,1,16.210000000000036,0.8402220846142898,15,45,2,0.0,1.0,0.0,-0.7071067811865471,-0.7071067811865479
2025-12-03 16:00:00,4237.11,4240.69,4218.42,4226.44,6538,33,0,10.670000000000073,3.5799999999999272,8.019999999999527,-10.730000000000473,-0.0025323506019348935,-1,22.269999999999527,0.47911989201657385,16,0,2,0.0,0.0,1.0,-0.8660254037844384,-0.5000000000000004
2025-12-03 16:15:00,4226.44,4230.94,4221.3,4224.66,4905,33,0,1.7799999999997453,4.5,3.3599999999996726,-1.7799999999997453,-0.00042115823246035563,-1,9.639999999999418,0.1846473027130062,16,15,2,0.0,0.0,1.0,-0.8660254037844384,-0.5000000000000004
2025-12-03 16:30:00,4224.64,4241.5,4223.44,4227.0,6692,33,0,2.3599999999996726,14.5,1.2000000000007276,2.3400000000001455,0.0005538907273011664,1,18.0600000000004,0.13067552595198587,16,30,2,0.0,0.0,1.0,-0.8660254037844384,-0.5000000000000004
2025-12-03 16:45:00,4227.0,4227.0,4205.08,4212.61,6477,33,0,14.390000000000327,0.0,7.529999999999745,-14.390000000000327,-0.003404305654128301,-1,21.920000000000073,0.6564781018903055,16,45,2,0.0,0.0,1.0,-0.8660254037844384,-0.5000000000000004
2025-12-03 17:00:00,4212.59,4219.28,4205.94,4217.56,5768,33,0,4.970000000000255,1.7199999999993452,6.650000000000546,4.950000000000728,0.0011750435003479382,1,13.340000000000146,0.37256371786166137,17,0,2,0.0,0.0,1.0,-0.9659258262890683,-0.25881904510252063
2025-12-03 17:15:00,4217.57,4224.36,4216.36,4221.59,4638,33,0,4.020000000000437,2.769999999999527,1.2100000000000364,4.029999999999745,0.0009555287891576515,1,8.0,0.5024999993719296,17,15,2,0.0,0.0,1.0,-0.9659258262890683,-0.25881904510252063
2025-12-03 17:30:00,4221.62,4229.32,4220.92,4227.38,4697,33,0,5.760000000000218,1.9399999999995998,0.6999999999998181,5.789999999999964,0.0013715211567205635,1,8.399999999999636,0.6857142848980148,17,30,2,0.0,0.0,1.0,-0.9659258262890683,-0.25881904510252063
2025-12-03 17:45:00,4227.43,4228.01,4214.23,4216.21,4812,33,0,11.220000000000255,0.5799999999999272,1.980000000000473,-11.170000000000073,-0.0026422985395209496,-1,13.780000000000655,0.8142235117458263,17,45,2,0.0,0.0,1.0,-0.9659258262890683,-0.25881904510252063
2025-12-03 18:00:00,4216.28,4221.87,4213.93,4219.26,4330,33,0,2.980000000000473,2.6099999999996726,2.3499999999994543,3.050000000000182,0.0007233985024465531,1,7.9399999999996,0.37531486098834693,18,0,2,0.0,0.0,1.0,-1.0,-1.8369701987210297e-16
2025-12-03 18:15:00,4219.07,4219.41,4212.61,4218.93,4428,33,0,0.13999999999941792,0.3400000000001455,6.3200000000006185,-0.32999999999992724,-7.821276716768515e-05,-1,6.800000000000182,0.02058823526375468,18,15,2,0.0,0.0,1.0,-1.0,-1.8369701987210297e-16
2025-12-03 18:30:00,4219.0,4225.02,4218.17,4220.67,4553,33,0,1.6700000000000728,4.350000000000364,0.8299999999999272,1.7399999999997817,0.0004124268475655632,1,6.850000000000364,0.24379562008204786,18,30,2,0.0,0.0,1.0,-1.0,-1.8369701987210297e-16
2025-12-03 18:45:00,4220.67,4220.87,4195.69,4200.7,5920,33,0,19.970000000000255,0.1999999999998181,5.010000000000218,-19.970000000000255,-0.004731476282201701,-1,25.18000000000029,0.7930897534578684,18,45,2,0.0,0.0,1.0,-1.0,-1.8369701987210297e-16
2025-12-03 19:00:00,4200.7,4212.31,4200.18,4211.01,4763,33,0,10.3100000000004,1.300000000000182,0.5199999999995271,10.3100000000004,0.0024543528459543412,1,12.13000000000011,0.849958779183901,19,0,2,0.0,0.0,1.0,-0.9659258262890684,0.2588190451025203
2025-12-03 19:15:00,4211.05,4213.0,4207.49,4208.84,3541,33,0,2.2100000000000364,1.949999999999818,1.3500000000003638,-2.1700000000000728,-0.0005153158030971364,-1,5.510000000000218,0.40108892849166233,19,15,2,0.0,0.0,1.0,-0.9659258262890684,0.2588190451025203
2025-12-03 19:30:00,4208.82,4215.24,4207.9,4212.41,3466,33,0,3.5900000000001455,2.8299999999999272,0.9200000000000728,3.569999999999709,0.0008482147099912824,1,7.3400000000001455,0.48910081677235234,19,30,2,0.0,0.0,1.0,-0.9659258262890684,0.2588190451025203
2025-12-03 19:45:00,4212.41,4214.46,4208.27,4211.0,3427,33,0,1.4099999999998545,2.050000000000182,2.7299999999995634,-1.4099999999998545,-0.0003347252522902221,-1,6.1899999999996,0.22778675245914023,19,45,2,0.0,0.0,1.0,-0.9659258262890684,0.2588190451025203
2025-12-03 20:00:00,4211.06,4211.42,4202.02,4204.44,4203,33,0,6.6200000000008,0.3599999999996726,2.4199999999991633,-6.5600000000004,-0.0015578247447163144,-1,9.399999999999636,0.7042553183998407,20,0,2,0.0,0.0,1.0,-0.8660254037844386,0.5000000000000001
2025-12-03 20:15:00,4204.14,4206.3,4198.48,4201.61,4032,33,0,2.530000000000655,2.1599999999998545,3.130000000000109,-2.8299999999999272,-0.000673097963105652,-1,7.8200000000006185,0.32352941135104357,20,15,2,0.0,0.0,1.0,-0.8660254037844386,0.5000000000000001
2025-12-03 20:30:00,4202.75,4206.53,4200.14,4204.88,3074,33,0,2.130000000000109,1.6499999999996362,2.6099999999996726,3.2700000000004366,0.000778273090553487,1,6.389999999999418,0.3333333328117324,20,30,2,0.0,0.0,1.0,-0.8660254037844386,0.5000000000000001
2025-12-03 20:45:00,4204.97,4205.59,4195.16,4196.85,2972,33,0,8.11999999999989,0.6199999999998909,1.6900000000005093,-8.029999999999745,-0.001909685888776789,-1,10.430000000000291,0.7785234891864266,20,45,2,0.0,0.0,1.0,-0.8660254037844386,0.5000000000000001
2025-12-03 21:00:00,4197.0,4203.68,4196.86,4201.06,3124,33,0,4.0600000000004,2.619999999999891,0.14000000000032742,4.210000000000036,0.0010031333023577292,1,6.8200000000006185,0.5953079170156822,21,0,2,0.0,0.0,1.0,-0.7071067811865477,0.7071067811865474
2025-12-03 21:15:00,4201.14,4206.74,4200.92,4205.93,3061,33,0,4.789999999999964,0.8099999999994907,0.22000000000025466,4.869999999999891,0.001159231241638989,1,5.819999999999709,0.8230240535687221,21,15,2,0.0,0.0,1.0,-0.7071067811865477,0.7071067811865474
2025-12-03 21:30:00,4206.06,4209.81,4204.74,4208.82,2324,33,0,2.759999999999309,0.9900000000006912,1.3200000000006185,2.889999999999418,0.0006871250829185026,1,5.0700000000006185,0.5443786971509241,21,30,2,0.0,0.0,1.0,-0.7071067811865477,0.7071067811865474
2025-12-03 21:45:00,4208.82,4209.94,4207.68,4207.8,2221,33,0,1.019999999999527,1.1199999999998909,0.11999999999989086,-1.019999999999527,-0.00024234821161264373,-1,2.259999999999309,0.45132743163122335,21,45,2,0.0,0.0,1.0,-0.7071067811865477,0.7071067811865474
2025-12-03 22:00:00,4207.77,4212.58,4207.43,4211.17,2394,33,0,3.399999999999636,1.4099999999998545,0.3400000000001455,3.369999999999891,0.0008008935785921125,1,5.149999999999636,0.6601941734753272,22,0,2,0.0,0.0,1.0,-0.5000000000000004,0.8660254037844384
2025-12-03 22:15:00,4211.18,4211.39,4208.07,4210.06,2205,33,0,1.1199999999998909,0.21000000000003638,1.9900000000006912,-1.1099999999996726,-0.0002635847044882236,-1,3.3200000000006185,0.3373493965741531,22,15,2,0.0,0.0,1.0,-0.5000000000000004,0.8660254037844384
2025-12-03 22:30:00,4210.04,4210.9,4207.65,4208.55,2729,33,0,1.4899999999997817,0.8599999999996726,0.9000000000005457,-1.5100000000002183,-0.00035866472211802637,-1,3.25,0.45846153705082043,22,30,2,0.0,0.0,1.0,-0.5000000000000004,0.8660254037844384
2025-12-03 22:45:00,4208.61,4208.75,4203.63,4206.13,3404,33,0,2.4799999999995634,0.14000000000032742,2.5,-2.4200000000000728,-0.0005750198999655636,-1,5.119999999999891,0.48437499905388015,22,45,2,0.0,0.0,1.0,-0.5000000000000004,0.8660254037844384
2025-12-03 23:00:00,4206.15,4209.95,4205.96,4209.81,1857,33,0,3.660000000000764,0.13999999999941792,0.18999999999959982,3.680000000000291,0.0008749135190781766,1,3.9899999999997817,0.917293230783968,23,0,2,0.0,0.0,1.0,-0.25881904510252157,0.9659258262890681
2025-12-03 23:15:00,4209.8,4209.89,4206.35,4206.85,1398,33,0,2.949999999999818,0.09000000000014552,0.5,-2.9600000000000364,-0.0007031196182250591,-1,3.5399999999999636,0.8333333309792416,23,15,2,0.0,0.0,1.0,-0.25881904510252157,0.9659258262890681
2025-12-03 23:30:00,4206.75,4209.53,4206.69,4209.45,962,35,0,2.699999999999818,0.07999999999992724,0.06000000000040018,2.5999999999994543,0.000618039625848189,1,2.8400000000001455,0.9507042220044498,23,30,2,0.0,0.0,1.0,-0.25881904510252157,0.9659258262890681
2025-12-03 23:45:00,4209.43,4209.43,4202.65,4202.66,914,42,0,6.770000000000437,0.0,0.010000000000218279,-6.789999999999964,-0.0016130373326681546,-1,6.780000000000655,0.9985250722735298,23,45,2,0.0,0.0,1.0,-0.25881904510252157,0.9659258262890681
2025-12-04 01:00:00,4202.32,4207.65,4202.32,4206.49,1194,35,0,4.170000000000073,1.1599999999998545,0.0,3.8299999999999272,0.0009113275877658262,1,5.329999999999927,0.7823639760181031,1,0,3,1.0,0.0,0.0,0.25881904510252074,0.9659258262890683
2025-12-04 01:15:00,4206.49,4208.83,4206.26,4206.95,1029,35,0,0.4600000000000364,1.8800000000001091,0.22999999999956344,0.4600000000000364,0.00010935483027418023,1,2.569999999999709,0.17898832615183083,1,15,3,1.0,0.0,0.0,0.25881904510252074,0.9659258262890683
2025-12-04 01:30:00,4207.03,4207.1,4203.96,4205.97,1172,35,0,1.0599999999994907,0.07000000000061846,2.0100000000002183,-0.9799999999995634,-0.00023294786008855905,-1,3.1400000000003274,0.3375796167591032,1,30,3,1.0,0.0,0.0,0.25881904510252074,0.9659258262890683
2025-12-04 01:45:00,4205.93,4207.43,4202.46,4207.27,1433,35,0,1.3400000000001455,0.15999999999985448,3.4700000000002547,1.300000000000182,0.00030908446803001014,1,4.970000000000255,0.26961770569494964,1,45,3,1.0,0.0,0.0,0.25881904510252074,0.9659258262890683
2025-12-04 02:00:00,4207.25,4210.32,4204.33,4207.68,1617,33,0,0.43000000000029104,2.639999999999418,2.9200000000000728,0.4099999999998545,9.745036567652051e-05,1,5.989999999999782,0.07178631039773684,2,0,3,1.0,0.0,0.0,0.49999999999999994,0.8660254037844387
2025-12-04 02:15:00,4207.66,4212.75,4206.4,4211.95,1570,33,0,4.289999999999964,0.8000000000001819,1.2600000000002183,4.269999999999527,0.0010148110122441647,1,6.350000000000364,0.6755905501171358,2,15,3,1.0,0.0,0.0,0.49999999999999994,0.8660254037844387
2025-12-04 02:30:00,4211.69,4215.59,4211.16,4213.33,1715,33,0,1.6400000000003274,2.2600000000002183,0.5299999999997453,1.3800000000001091,0.00032763921698978124,1,4.430000000000291,0.3702031594352569,2,30,3,1.0,0.0,0.0,0.49999999999999994,0.8660254037844387
2025-12-04 02:45:00,4213.33,4213.71,4209.33,4211.59,1739,33,0,1.7399999999997817,0.38000000000010914,2.2600000000002183,-1.7399999999997817,-0.00041297501026498797,-1,4.380000000000109,0.3972602730655561,2,45,3,1.0,0.0,0.0,0.49999999999999994,0.8660254037844387
2025-12-04 03:00:00,4211.59,4213.98,4205.76,4213.49,3796,33,0,1.8999999999996362,0.4899999999997817,5.829999999999927,1.8999999999996362,0.0004511360317598902,1,8.219999999999345,0.2311435520302131,3,0,3,1.0,0.0,0.0,0.7071067811865476,0.7071067811865476
2025-12-04 03:15:00,4213.55,4214.6,4210.31,4213.04,3780,33,0,0.5100000000002183,1.050000000000182,2.7299999999995634,-0.4499999999998181,-0.00010679982627223944,-1,4.289999999999964,0.1188811186040586,3,15,3,1.0,0.0,0.0,0.7071067811865476,0.7071067811865476
2025-12-04 03:30:00,4213.04,4214.7,4210.83,4214.59,2756,33,0,1.550000000000182,0.10999999999967258,2.2100000000000364,1.550000000000182,0.0003679053604998248,1,3.869999999999891,0.40051679483076424,3,30,3,1.0,0.0,0.0,0.7071067811865476,0.7071067811865476
2025-12-04 03:45:00,4214.59,4216.67,4207.58,4209.16,3592,33,0,5.430000000000291,2.0799999999999272,1.5799999999999272,-5.430000000000291,-0.0012883815507558959,-1,9.090000000000146,0.5973597353164584,3,45,3,1.0,0.0,0.0,0.7071067811865476,0.7071067811865476
2025-12-04 04:00:00,4209.14,4209.14,4198.85,4204.67,3252,33,0,4.470000000000255,0.0,5.819999999999709,-4.489999999999782,-0.001066721151013452,-1,10.289999999999964,0.4344023319393826,4,0,3,1.0,0.0,0.0,0.8660254037844386,0.5000000000000001
2025-12-04 04:15:00,4204.59,4206.57,4202.56,4205.91,2252,33,0,1.319999999999709,0.6599999999998545,2.0299999999997453,1.2399999999997817,0.00029491018320100787,1,4.009999999999309,0.32917705653570223,4,15,3,1.0,0.0,0.0,0.8660254037844386,0.5000000000000001
2025-12-04 04:30:00,4205.92,4207.4,4201.25,4201.55,3342,33,0,4.369999999999891,1.4799999999995634,0.3000000000001819,-4.359999999999673,-0.001036636542389084,-1,6.149999999999636,0.7105691045356843,4,30,3,1.0,0.0,0.0,0.8660254037844386,0.5000000000000001
2025-12-04 04:45:00,4201.55,4204.46,4199.71,4200.43,2706,33,0,1.1199999999998909,2.9099999999998545,0.7200000000002547,-1.1199999999998909,-0.00026656829027380154,-1,4.75,0.23578947318778867,4,45,3,1.0,0.0,0.0,0.8660254037844386,0.5000000000000001
2025-12-04 05:00:00,4200.54,4201.49,4187.37,4193.0,3783,33,0,7.539999999999964,0.9499999999998181,5.630000000000109,-7.430000000000291,-0.001768866520808653,-1,14.11999999999989,0.533994333899439,5,0,3,1.0,0.0,0.0,0.9659258262890683,0.25881904510252074
2025-12-04 05:15:00,4193.01,4195.94,4191.87,4193.14,2979,33,0,0.13000000000010914,2.7999999999992724,1.1400000000003274,0.14000000000032742,3.3388981636138186e-05,1,4.069999999999709,0.03194103186258185,5,15,3,1.0,0.0,0.0,0.9659258262890683,0.25881904510252074
2025-12-04 05:30:00,4193.14,4196.96,4190.08,4196.85,2019,33,0,3.7100000000000364,0.10999999999967258,3.0600000000004,3.7100000000000364,0.0008847784715034642,1,6.880000000000109,0.5392441852627232,5,30,3,1.0,0.0,0.0,0.9659258262890683,0.25881904510252074
2025-12-04 05:45:00,4196.98,4197.76,4193.57,4195.66,2720,33,0,1.319999999999709,0.7800000000006548,2.0900000000001455,-1.1900000000005093,-0.0002835459928280756,-1,4.190000000000509,0.3150357987706899,5,45,3,1.0,0.0,0.0,0.9659258262890683,0.25881904510252074
2025-12-04 06:00:00,4195.63,4197.32,4192.64,4197.02,2220,33,0,1.3900000000003274,0.2999999999992724,2.9899999999997817,1.360000000000582,0.0003241444730985309,1,4.6799999999993815,0.2970085463740226,6,0,3,1.0,0.0,0.0,1.0,6.123233995736766e-17
2025-12-04 06:15:00,4197.02,4198.97,4195.39,4198.22,1903,33,0,1.199999999999818,0.75,1.6300000000001091,1.199999999999818,0.0002859171507402438,1,3.5799999999999272,0.3351955297899126,6,15,3,1.0,0.0,0.0,1.0,6.123233995736766e-17
2025-12-04 06:30:00,4198.21,4198.41,4196.63,4197.07,2202,33,0,1.1400000000003274,0.1999999999998181,0.4399999999995998,-1.1500000000005457,-0.00027392561609457,-1,1.7799999999997453,0.6404494346044922,6,30,3,1.0,0.0,0.0,1.0,6.123233995736766e-17
2025-12-04 06:45:00,4197.08,4197.47,4194.47,4196.84,2563,33,0,0.23999999999978172,0.3900000000003274,2.369999999999891,-0.22999999999956344,-5.480013437935595e-05,-1,3.0,0.07999999973326058,6,45,3,1.0,0.0,0.0,1.0,6.123233995736766e-17
2025-12-04 07:00:00,4196.84,4197.78,4194.26,4194.28,1667,33,0,2.5600000000004,0.9399999999995998,0.019999999999527063,-2.5600000000004,-0.0006099827489254773,-1,3.519999999999527,0.727272725206823,7,0,3,1.0,0.0,0.0,0.9659258262890683,-0.25881904510252063
2025-12-04 07:15:00,4194.34,4197.23,4189.59,4196.91,3005,33,0,2.569999999999709,0.31999999999970896,4.75,2.630000000000109,0.0006270444510142645,1,7.639999999999418,0.33638743411466365,7,15,3,1.0,0.0,0.0,0.9659258262890683,-0.25881904510252063
2025-12-04 07:30:00,4196.97,4198.96,4180.79,4184.04,5088,33,0,12.930000000000291,1.9899999999997817,3.25,-12.86999999999989,-0.0030665418129051827,-1,18.170000000000073,0.7116125477646733,7,30,3,1.0,0.0,0.0,0.9659258262890683,-0.25881904510252063
2025-12-04 07:45:00,4184.1,4185.6,4174.88,4181.04,4626,33,0,3.0600000000004,1.5,6.1599999999998545,-3.0,-0.0007170103536295065,-1,10.720000000000255,0.28544776092778446,7,45,3,1.0,0.0,0.0,0.9659258262890683,-0.25881904510252063
2025-12-04 08:00:00,4181.07,4185.75,4179.36,4180.24,4297,33,0,0.8299999999999272,4.680000000000291,0.8800000000001091,-0.8000000000001819,-0.0001913399536957747,-1,6.390000000000327,0.12989045363082632,8,0,3,0.0,1.0,0.0,0.8660254037844387,-0.4999999999999998
2025-12-04 08:15:00,4180.24,4185.62,4178.6,4182.83,5072,33,0,2.5900000000001455,2.7899999999999636,1.639999999999418,2.5900000000001455,0.0006195816508143421,1,7.019999999999527,0.3689458684203506,8,15,3,0.0,1.0,0.0,0.8660254037844387,-0.4999999999999998
2025-12-04 08:30:00,4182.77,4189.25,4182.39,4188.96,3756,33,0,6.1899999999996,0.2899999999999636,0.38000000000010914,6.130000000000109,0.0014655149743116763,1,6.859999999999673,0.9023323602006664,8,30,3,0.0,1.0,0.0,0.8660254037844387,-0.4999999999999998
2025-12-04 08:45:00,4188.9,4190.16,4186.92,4190.07,2941,33,0,1.1700000000000728,0.09000000000014552,1.9799999999995634,1.1099999999996726,0.0002649822390282248,1,3.2399999999997817,0.36111110999661744,8,45,3,0.0,1.0,0.0,0.8660254037844387,-0.4999999999999998
2025-12-04 09:00:00,4190.08,4192.34,4186.64,4192.34,3380,33,0,2.2600000000002183,0.0,3.4399999999996,2.2700000000004366,0.0005417570589513867,1,5.699999999999818,0.3964912273746277,9,0,3,0.0,1.0,0.0,0.7071067811865476,-0.7071067811865475
2025-12-04 09:15:00,4192.42,4194.93,4188.87,4189.18,2578,33,0,3.2399999999997817,2.5100000000002183,0.3100000000004002,-3.1599999999998545,-0.0007537556591306656,-1,6.0600000000004,0.5346534644641969,9,15,3,0.0,1.0,0.0,0.7071067811865476,-0.7071067811865475
2025-12-04 09:30:00,4189.19,4191.74,4188.59,4189.7,2208,33,0,0.5100000000002183,2.0399999999999636,0.5999999999994543,0.5199999999995271,0.00012412930454158737,1,3.149999999999636,0.16190476139086654,9,30,3,0.0,1.0,0.0,0.7071067811865476,-0.7071067811865475
2025-12-04 09:45:00,4189.63,4193.75,4186.53,4193.65,2674,33,0,4.019999999999527,0.1000000000003638,3.100000000000364,3.949999999999818,0.0009427882664629492,1,7.220000000000255,0.5567867028298502,9,45,3,0.0,1.0,0.0,0.7071067811865476,-0.7071067811865475
2025-12-04 10:00:00,4193.63,4195.66,4189.81,4191.25,3722,33,0,2.380000000000109,2.0299999999997453,1.4399999999995998,-2.399999999999636,-0.0005722938251879953,-1,5.849999999999454,0.40683760614221454,10,0,3,0.0,1.0,0.0,0.49999999999999994,-0.8660254037844387
2025-12-04 10:15:00,4191.24,4196.27,4191.07,4192.79,3444,33,0,1.550000000000182,3.480000000000473,0.17000000000007276,1.5399999999999636,0.0003674321503131437,1,5.200000000000728,0.2980769225036915,10,15,3,0.0,1.0,0.0,0.49999999999999994,-0.8660254037844387
2025-12-04 10:30:00,4192.81,4194.32,4190.75,4190.75,2928,33,0,2.0600000000004,1.5099999999993088,0.0,-2.0399999999999636,-0.00048654952907251824,-1,3.569999999999709,0.5770308107087563,10,30,3,0.0,1.0,0.0,0.49999999999999994,-0.8660254037844387
2025-12-04 10:45:00,4191.0,4192.47,4184.77,4184.78,3276,33,0,6.220000000000255,1.4700000000002547,0.009999999999308784,-5.970000000000255,-0.0014245660084710981,-1,7.699999999999818,0.8077922067431792,10,45,3,0.0,1.0,0.0,0.49999999999999994,-0.8660254037844387
2025-12-04 11:00:00,4184.77,4191.36,4183.4,4189.23,3686,33,0,4.459999999999127,2.130000000000109,1.3700000000008004,4.449999999999818,0.0010633772862611221,1,7.960000000000036,0.5603015068336799,11,0,3,0.0,1.0,0.0,0.258819045102521,-0.9659258262890682
2025-12-04 11:15:00,4189.31,4191.89,4187.4,4191.29,2917,33,0,1.9799999999995634,0.6000000000003638,1.910000000000764,2.0600000000004,0.0004917371450124248,1,4.490000000000691,0.4409799544742671,11,15,3,0.0,1.0,0.0,0.258819045102521,-0.9659258262890682
2025-12-04 11:30:00,4191.18,4197.84,4190.61,4196.85,2206,33,0,5.670000000000073,0.9899999999997817,0.5700000000006185,5.5600000000004,0.0013265605577281459,1,7.230000000000473,0.7842323640604949,11,30,3,0.0,1.0,0.0,0.258819045102521,-0.9659258262890682
2025-12-04 11:45:00,4196.85,4202.15,4196.19,4199.85,2626,33,0,3.0,2.2999999999992724,0.660000000000764,3.0,0.0007148218306587083,1,5.960000000000036,0.503355703853427,11,45,3,0.0,1.0,0.0,0.258819045102521,-0.9659258262890682
2025-12-04 12:00:00,4199.87,4202.54,4199.02,4199.5,2342,33,0,0.36999999999989086,2.6700000000000728,0.47999999999956344,-0.3500000000003638,-8.333630963019245e-05,-1,3.519999999999527,0.1051136360650012,12,0,3,0.0,1.0,0.0,1.2246467991473532e-16,-1.0
2025-12-04 12:15:00,4199.54,4202.04,4198.37,4199.03,2362,33,0,0.5100000000002183,2.5,0.6599999999998545,-0.47000000000025466,-0.00011191808548642807,-1,3.6700000000000728,0.1389645772780824,12,15,3,0.0,1.0,0.0,1.2246467991473532e-16,-1.0
2025-12-04 12:30:00,4199.04,4201.55,4197.98,4201.06,2056,33,0,2.0200000000004366,0.4899999999997817,1.0600000000004002,2.030000000000655,0.0004834449861040895,1,3.5700000000006185,0.5658263289472895,12,30,3,0.0,1.0,0.0,1.2246467991473532e-16,-1.0
2025-12-04 12:45:00,4201.06,4201.84,4196.59,4197.26,2049,33,0,3.800000000000182,0.7799999999997453,0.6700000000000728,-3.800000000000182,-0.0009045336177060507,-1,5.25,0.7238095224308737,12,45,3,0.0,1.0,0.0,1.2246467991473532e-16,-1.0
2025-12-04 13:00:00,4197.26,4206.36,4197.26,4202.2,2492,33,0,4.9399999999996,4.1599999999998545,0.0,4.9399999999996,0.00117695830136794,1,9.099999999999454,0.5428571422605851,13,0,3,0.0,1.0,0.0,-0.2588190451025208,-0.9659258262890683
2025-12-04 13:15:00,4202.18,4203.87,4197.19,4199.14,2358,33,0,3.0399999999999636,1.6899999999995998,1.9500000000007276,-3.0599999999994907,-0.0007281899957164083,-1,6.680000000000291,0.455089819677984,13,15,3,0.0,1.0,0.0,-0.2588190451025208,-0.9659258262890683
2025-12-04 13:30:00,4199.17,4201.97,4197.9,4200.11,1545,33,0,0.9399999999995998,1.860000000000582,1.2700000000004366,0.9699999999993452,0.0002309996808868828,1,4.0700000000006185,0.2309582303906326,13,30,3,0.0,1.0,0.0,-0.2588190451025208,-0.9659258262890683
2025-12-04 13:45:00,4200.11,4200.58,4197.1,4198.5,1736,33,0,1.6099999999996726,0.47000000000025466,1.3999999999996362,-1.6099999999996726,-0.0003833232939136529,-1,3.4799999999995634,0.46264367683144764,13,45,3,0.0,1.0,0.0,-0.2588190451025208,-0.9659258262890683
2025-12-04 14:00:00,4198.45,4201.7,4193.2,4200.78,2531,33,0,2.3299999999999272,0.9200000000000728,5.25,2.2799999999997453,0.0005430510896748232,1,8.5,0.2741176467363236,14,0,3,0.0,1.0,0.0,-0.4999999999999997,-0.8660254037844388
2025-12-04 14:15:00,4200.78,4201.26,4193.1,4194.27,2122,33,0,6.509999999999309,0.48000000000047294,1.1700000000000728,-6.509999999999309,-0.0015497121963062358,-1,8.159999999999854,0.7977941166692994,14,15,3,0.0,1.0,0.0,-0.4999999999999997,-0.8660254037844388
2025-12-04 14:30:00,4194.21,4194.21,4188.6,4192.53,2827,33,0,1.680000000000291,0.0,3.9299999999993815,-1.7400000000006912,-0.0004148516905208036,-1,5.609999999999673,0.2994652401079745,14,30,3,0.0,1.0,0.0,-0.4999999999999997,-0.8660254037844388
2025-12-04 14:45:00,4192.56,4193.2,4188.79,4190.48,2916,33,0,2.0800000000008367,0.6399999999994179,1.6899999999995998,-2.050000000000182,-0.0004889648970908215,-1,4.4099999999998545,0.471655327728878,14,45,3,0.0,1.0,0.0,-0.4999999999999997,-0.8660254037844388
2025-12-04 15:00:00,4190.48,4192.34,4185.5,4187.54,4681,33,0,2.9399999999996,1.860000000000582,2.0399999999999636,-2.9399999999996,-0.0007015902712814761,-1,6.8400000000001455,0.42982456077504266,15,0,3,0.0,1.0,0.0,-0.7071067811865471,-0.7071067811865479
2025-12-04 15:15:00,4187.54,4196.84,4185.7,4195.88,3928,33,0,8.340000000000146,0.9600000000000364,1.8400000000001455,8.340000000000146,0.001991622766588533,1,11.140000000000327,0.7486535002256163,15,15,3,0.0,1.0,0.0,-0.7071067811865471,-0.7071067811865479
2025-12-04 15:30:00,4195.88,4195.9,4187.28,4191.64,4405,33,0,4.239999999999782,0.019999999999527063,4.360000000000582,-4.239999999999782,-0.001010515076694229,-1,8.61999999999989,0.491879349777383,15,30,3,0.0,1.0,0.0,-0.7071067811865471,-0.7071067811865479
2025-12-04 15:45:00,4191.72,4198.31,4188.23,4198.18,4014,33,0,6.460000000000036,0.13000000000010914,3.490000000000691,6.539999999999964,0.001560248494622621,1,10.080000000000837,0.6408730152371795,15,45,3,0.0,1.0,0.0,-0.7071067811865471,-0.7071067811865479
2025-12-04 16:00:00,4198.14,4206.19,4198.14,4204.74,4324,33,0,6.599999999999454,1.449999999999818,0.0,6.559999999999491,0.001562581880719619,1,8.049999999999272,0.8198757753790425,16,0,3,0.0,0.0,1.0,-0.8660254037844384,-0.5000000000000004
2025-12-04 16:15:00,4204.74,4210.19,4202.44,4208.13,3867,33,0,3.3900000000003274,2.0599999999994907,2.300000000000182,3.3900000000003274,0.0008062329656531266,1,7.75,0.43741935427433987,16,15,3,0.0,0.0,1.0,-0.8660254037844384,-0.5000000000000004
2025-12-04 16:30:00,4208.16,4213.22,4193.57,4199.84,6559,33,0,8.319999999999709,5.0600000000004,6.270000000000437,-8.289999999999964,-0.0019699961740725605,-1,19.650000000000546,0.42340966899569366,16,30,3,0.0,0.0,1.0,-0.8660254037844384,-0.5000000000000004
2025-12-04 16:45:00,4199.84,4208.29,4196.83,4201.28,6068,33,0,1.4399999999995998,7.010000000000218,3.0100000000002183,1.4399999999995998,0.00034287020457912675,1,11.460000000000036,0.12565445015209867,16,45,3,0.0,0.0,1.0,-0.8660254037844384,-0.5000000000000004
2025-12-04 17:00:00,4201.28,4203.06,4191.26,4202.57,6176,33,0,1.2899999999999636,0.4900000000006912,10.019999999999527,1.2899999999999636,0.0003070492802193531,1,11.800000000000182,0.10932203380565451,17,0,3,0.0,0.0,1.0,-0.9659258262890683,-0.25881904510252063
2025-12-04 17:15:00,4202.59,4206.23,4200.68,4205.88,5184,33,0,3.2899999999999636,0.3499999999994543,1.9099999999998545,3.3100000000004,0.0007876132937703359,1,5.549999999999272,0.5927927917247688,17,15,3,0.0,0.0,1.0,-0.9659258262890683,-0.25881904510252063
2025-12-04 17:30:00,4205.94,4210.11,4204.58,4206.42,4532,33,0,0.48000000000047294,3.6899999999996,1.3599999999996726,0.5399999999999636,0.00012839168021911316,1,5.529999999999745,0.0867992765158232,17,30,3,0.0,0.0,1.0,-0.9659258262890683,-0.25881904510252063
2025-12-04 17:45:00,4206.54,4208.46,4202.46,4207.39,4923,33,0,0.8500000000003638,1.069999999999709,4.079999999999927,0.9700000000002547,0.00023059989254526524,1,6.0,0.14166666643061618,17,45,3,0.0,0.0,1.0,-0.9659258262890683,-0.25881904510252063
2025-12-04 18:00:00,4207.41,4215.31,4206.55,4210.3,4241,33,0,2.8900000000003274,5.010000000000218,0.8599999999996726,2.9099999999998545,0.0006916401854831271,1,8.760000000000218,0.3299086754225078,18,0,3,0.0,0.0,1.0,-1.0,-1.8369701987210297e-16
2025-12-04 18:15:00,4210.33,4219.19,4209.72,4216.08,4125,33,0,5.75,3.1099999999996726,0.6099999999996726,5.779999999999745,0.0013728237892786132,1,9.469999999999345,0.6071805695806327,18,15,3,0.0,0.0,1.0,-1.0,-1.8369701987210297e-16
2025-12-04 18:30:00,4216.14,4216.5,4207.39,4210.83,4200,33,0,5.3100000000004,0.3599999999996726,3.4399999999996,-5.25,-0.001245232538282006,-1,9.109999999999673,0.5828759598432306,18,30,3,0.0,0.0,1.0,-1.0,-1.8369701987210297e-16
2025-12-04 18:45:00,4210.82,4216.68,4210.1,4215.63,3273,33,0,4.8100000000004,1.050000000000182,0.7199999999993452,4.800000000000182,0.0011399177834299132,1,6.579999999999927,0.7310030384027999,18,45,3,0.0,0.0,1.0,-1.0,-1.8369701987210297e-16
2025-12-04 19:00:00,4215.67,4216.83,4209.15,4211.08,3714,33,0,4.5900000000001455,1.1599999999998545,1.930000000000291,-4.550000000000182,-0.0010793167332048073,-1,7.680000000000291,0.597656249221798,19,0,3,0.0,0.0,1.0,-0.9659258262890684,0.2588190451025203
2025-12-04 19:15:00,4211.08,4213.45,4208.75,4211.05,2609,33,0,0.02999999999974534,2.369999999999891,2.300000000000182,-0.02999999999974534,-7.124063185630608e-06,-1,4.699999999999818,0.006382978709769514,19,15,3,0.0,0.0,1.0,-0.9659258262890684,0.2588190451025203
2025-12-04 19:30:00,4211.06,4214.17,4209.52,4213.49,2347,33,0,2.4299999999993815,0.680000000000291,1.5399999999999636,2.4399999999996,0.0005794279336506571,1,4.649999999999636,0.5225806440373689,19,30,3,0.0,0.0,1.0,-0.9659258262890684,0.2588190451025203
2025-12-04 19:45:00,4213.46,4217.55,4213.46,4216.45,2620,33,0,2.9899999999997817,1.1000000000003638,0.0,2.9600000000000364,0.0007025055239243565,1,4.0900000000001455,0.7310513429557853,19,45,3,0.0,0.0,1.0,-0.9659258262890684,0.2588190451025203
2025-12-04 20:00:00,4216.28,4217.32,4210.0,4213.66,3367,33,0,2.619999999999891,1.0399999999999636,3.6599999999998545,-2.7899999999999636,-0.0006616940791423979,-1,7.319999999999709,0.35792349677879237,20,0,3,0.0,0.0,1.0,-0.8660254037844386,0.5000000000000001
2025-12-04 20:15:00,4213.67,4215.14,4211.8,4212.9,3166,33,0,0.7700000000004366,1.4700000000002547,1.0999999999994543,-0.7600000000002183,-0.00018036576278110202,-1,3.3400000000001455,0.230538921465573,20,15,3,0.0,0.0,1.0,-0.8660254037844386,0.5000000000000001
2025-12-04 20:30:00,4212.97,4212.97,4209.63,4211.21,2763,33,0,1.7600000000002183,0.0,1.5799999999999272,-1.6899999999995998,-0.00040114885233440145,-1,3.3400000000001455,0.5269461062067906,20,30,3,0.0,0.0,1.0,-0.8660254037844386,0.5000000000000001
2025-12-04 20:45:00,4211.2,4212.02,4207.26,4207.88,2568,33,0,3.319999999999709,0.8200000000006185,0.6199999999998909,-3.3299999999999272,-0.0007907466025203984,-1,4.760000000000218,0.6974789901312536,20,45,3,0.0,0.0,1.0,-0.8660254037844386,0.5000000000000001
2025-12-04 21:00:00,4207.95,4209.7,4199.53,4203.65,3313,33,0,4.300000000000182,1.75,4.119999999999891,-4.230000000000473,-0.0010052568039013643,-1,10.170000000000073,0.42281219230796746,21,0,3,0.0,0.0,1.0,-0.7071067811865477,0.7071067811865474
2025-12-04 21:15:00,4203.63,4206.32,4200.57,4204.77,3303,33,0,1.1400000000003274,1.5499999999992724,3.0600000000004,1.1200000000008004,0.0002664351218585754,1,5.75,0.1982608692204728,21,15,3,0.0,0.0,1.0,-0.7071067811865477,0.7071067811865474
2025-12-04 21:30:00,4204.77,4210.02,4204.24,4208.2,2648,33,0,3.4299999999993815,1.8200000000006185,0.5300000000006548,3.4299999999993815,0.0008157402188465437,1,5.780000000000655,0.59342560450947,21,30,3,0.0,0.0,1.0,-0.7071067811865477,0.7071067811865474
2025-12-04 21:45:00,4208.2,4209.13,4205.99,4208.91,2083,33,0,0.7100000000000364,0.22000000000025466,2.2100000000000364,0.7100000000000364,0.00016871821681479883,1,3.1400000000003274,0.22611464896140632,21,45,3,0.0,0.0,1.0,-0.7071067811865477,0.7071067811865474
2025-12-04 22:00:00,4208.7,4208.87,4206.53,4207.21,2082,33,0,1.4899999999997817,0.17000000000007276,0.680000000000291,-1.699999999999818,-0.00040390504905066113,-1,2.3400000000001455,0.636752134030841,22,0,3,0.0,0.0,1.0,-0.5000000000000004,0.8660254037844384
2025-12-04 22:15:00,4207.21,4209.87,4205.99,4207.44,2272,34,0,0.22999999999956344,2.430000000000291,1.2200000000002547,0.22999999999956344,5.466805792902266e-05,1,3.880000000000109,0.05927835036257048,22,15,3,0.0,0.0,1.0,-0.5000000000000004,0.8660254037844384
2025-12-04 22:30:00,4207.39,4207.68,4205.36,4206.91,2290,34,0,0.48000000000047294,0.2899999999999636,1.550000000000182,-0.5299999999997453,-0.00012596733405580244,-1,2.3200000000006185,0.20689655083249114,22,30,3,0.0,0.0,1.0,-0.5000000000000004,0.8660254037844384
2025-12-04 22:45:00,4206.93,4210.21,4206.86,4209.73,2165,34,0,2.7999999999992724,0.48000000000047294,0.07000000000061846,2.819999999999709,0.0006703257260078559,1,3.350000000000364,0.8358208930270924,22,45,3,0.0,0.0,1.0,-0.5000000000000004,0.8660254037844384
2025-12-04 23:00:00,4209.76,4210.02,4208.38,4209.21,994,34,0,0.5500000000001819,0.2600000000002183,0.8299999999999272,-0.5199999999995271,-0.00012352336135560408,-1,1.6400000000003274,0.33536585161366683,23,0,3,0.0,0.0,1.0,-0.25881904510252157,0.9659258262890681
2025-12-04 23:15:00,4209.19,4209.23,4207.77,4208.24,661,37,0,0.9499999999998181,0.03999999999996362,0.46999999999934516,-0.9700000000002547,-0.00023044704350703687,-1,1.4599999999991269,0.6506849270503678,23,15,3,0.0,0.0,1.0,-0.25881904510252157,0.9659258262890681
2025-12-04 23:30:00,4208.24,4209.67,4207.96,4209.56,666,38,0,1.3200000000006185,0.10999999999967258,0.27999999999974534,1.3200000000006185,0.000313670322985528,1,1.7100000000000364,0.7719298200475393,23,30,3,0.0,0.0,1.0,-0.25881904510252157,0.9659258262890681
2025-12-04 23:45:00,4209.55,4210.14,4207.89,4208.42,548,42,0,1.1300000000001091,0.5900000000001455,0.5299999999997453,-1.1400000000003274,-0.00027081215138882145,-1,2.25,0.502222219990172,23,45,3,0.0,0.0,1.0,-0.25881904510252157,0.9659258262890681
2025-12-05 01:00:00,4208.12,4209.71,4207.1,4207.88,718,41,0,0.23999999999978172,1.5900000000001455,0.7799999999997453,-0.5399999999999636,-0.00012831418917312522,-1,2.6099999999996726,0.09195402263611939,1,0,4,1.0,0.0,0.0,0.25881904510252074,0.9659258262890683
2025-12-05 01:15:00,4207.83,4209.22,4206.74,4207.72,834,38,0,0.10999999999967258,1.3900000000003274,0.9800000000004729,-0.15999999999985448,-3.802389801987093e-05,-1,2.480000000000473,0.04435483853068678,1,15,4,1.0,0.0,0.0,0.25881904510252074,0.9659258262890683
2025-12-05 01:30:00,4207.62,4208.58,4203.76,4205.87,1335,38,0,1.75,0.9600000000000364,2.1099999999996726,-1.8500000000003638,-0.0004396680387479119,-1,4.819999999999709,0.3630705386658507,1,30,4,1.0,0.0,0.0,0.25881904510252074,0.9659258262890683
2025-12-05 01:45:00,4205.7,4206.33,4203.7,4205.87,1183,36,0,0.17000000000007276,0.4600000000000364,2.0,0.0,0.0,1,2.630000000000109,0.06463878302421212,1,45,4,1.0,0.0,0.0,0.25881904510252074,0.9659258262890683
2025-12-05 02:00:00,4205.94,4208.92,4204.05,4208.25,1259,33,0,2.3100000000004,0.6700000000000728,1.889999999999418,2.380000000000109,0.0005658757878869554,1,4.869999999999891,0.47433264789674034,2,0,4,1.0,0.0,0.0,0.49999999999999994,0.8660254037844387
2025-12-05 02:15:00,4208.25,4210.32,4204.76,4205.75,1618,33,0,2.5,2.069999999999709,0.9899999999997817,-2.5,-0.0005940711697261332,-1,5.559999999999491,0.4496402869611198,2,15,4,1.0,0.0,0.0,0.49999999999999994,0.8660254037844387
2025-12-05 02:30:00,4205.71,4205.77,4202.74,4204.85,1493,33,0,0.8599999999996726,0.06000000000040018,2.110000000000582,-0.8999999999996362,-0.0002139927480234527,-1,3.030000000000655,0.2838283819013871,2,30,4,1.0,0.0,0.0,0.49999999999999994,0.8660254037844387
2025-12-05 02:45:00,4204.85,4205.15,4201.24,4201.71,2037,33,0,3.1400000000003274,0.2999999999992724,0.47000000000025466,-3.1400000000003274,-0.000746756721405122,-1,3.9099999999998545,0.8030690516546685,2,45,4,1.0,0.0,0.0,0.49999999999999994,0.8660254037844387
2025-12-05 03:00:00,4201.71,4204.32,4194.74,4197.09,3240,33,0,4.619999999999891,2.6099999999996726,2.350000000000364,-4.619999999999891,-0.0010995523251247446,-1,9.579999999999927,0.48225469678260735,3,0,4,1.0,0.0,0.0,0.7071067811865476,0.7071067811865476
2025-12-05 03:15:00,4197.08,4200.61,4194.76,4199.5,3327,33,0,2.4200000000000728,1.1099999999996726,2.319999999999709,2.4099999999998545,0.0005742073674855326,1,5.849999999999454,0.4136752129681276,3,15,4,1.0,0.0,0.0,0.7071067811865476,0.7071067811865476
2025-12-05 03:30:00,4199.5,4202.28,4197.29,4198.34,3252,33,0,1.1599999999998545,2.7799999999997453,1.050000000000182,-1.1599999999998545,-0.0002762233599237658,-1,4.989999999999782,0.23246492939383887,3,30,4,1.0,0.0,0.0,0.7071067811865476,0.7071067811865476
2025-12-05 03:45:00,4198.34,4203.87,4197.82,4202.91,3142,33,0,4.569999999999709,0.9600000000000364,0.5200000000004366,4.569999999999709,0.0010885254648265049,1,6.050000000000182,0.7553718995778269,3,45,4,1.0,0.0,0.0,0.7071067811865476,0.7071067811865476
2025-12-05 04:00:00,4202.91,4204.62,4200.08,4201.74,2647,33,0,1.1700000000000728,1.7100000000000364,1.6599999999998545,-1.1700000000000728,-0.0002783785520032722,-1,4.539999999999964,0.25770925053369814,4,0,4,1.0,0.0,0.0,0.8660254037844386,0.5000000000000001
2025-12-05 04:15:00,4201.69,4202.09,4196.69,4197.74,1965,33,0,3.949999999999818,0.4000000000005457,1.050000000000182,-4.0,-0.0009519865579498017,-1,5.400000000000546,0.7314814801267786,4,15,4,1.0,0.0,0.0,0.8660254037844386,0.5000000000000001
2025-12-05 04:30:00,4197.77,4204.49,4196.72,4204.43,2336,33,0,6.6599999999998545,0.05999999999949068,1.050000000000182,6.690000000000509,0.0015937147131552954,1,7.769999999999527,0.8571428560397466,4,30,4,1.0,0.0,0.0,0.8660254037844386,0.5000000000000001
2025-12-05 04:45:00,4204.68,4208.29,4204.53,4207.2,2496,33,0,2.519999999999527,1.0900000000001455,0.1500000000005457,2.769999999999527,0.0006588289018962207,1,3.7600000000002183,0.6702127641748014,4,45,4,1.0,0.0,0.0,0.8660254037844386,0.5000000000000001
2025-12-05 05:00:00,4207.27,4208.74,4201.73,4202.85,3348,33,0,4.420000000000073,1.4699999999993452,1.1200000000008004,-4.349999999999454,-0.0010339418140329565,-1,7.010000000000218,0.6305278165042306,5,0,4,1.0,0.0,0.0,0.9659258262890683,0.25881904510252074
2025-12-05 05:15:00,4202.86,4204.71,4202.18,4203.12,2060,33,0,0.2600000000002183,1.5900000000001455,0.6799999999993815,0.26999999999952706,6.424212141749695e-05,1,2.5299999999997453,0.10276679801287608,5,15,4,1.0,0.0,0.0,0.9659258262890683,0.25881904510252074
2025-12-05 05:30:00,4203.12,4209.13,4202.25,4209.13,1303,33,0,6.010000000000218,0.0,0.8699999999998909,6.010000000000218,0.0014298901768210802,1,6.880000000000109,0.8735465103582352,5,30,4,1.0,0.0,0.0,0.9659258262890683,0.25881904510252074
2025-12-05 05:45:00,4209.11,4210.84,4206.95,4209.44,2565,33,0,0.32999999999992724,1.4000000000005457,2.1599999999998545,0.3099999999994907,7.364942399010976e-05,1,3.8900000000003274,0.08483290466621347,5,45,4,1.0,0.0,0.0,0.9659258262890683,0.25881904510252074
2025-12-05 06:00:00,4209.44,4214.33,4207.92,4213.62,2059,33,0,4.180000000000291,0.7100000000000364,1.519999999999527,4.180000000000291,0.0009930061955985337,1,6.4099999999998545,0.6521060832261037,6,0,4,1.0,0.0,0.0,1.0,6.123233995736766e-17
2025-12-05 06:15:00,4213.66,4213.66,4211.31,4212.36,2119,33,0,1.300000000000182,0.0,1.0499999999992724,-1.2600000000002183,-0.0002990302874963139,-1,2.3499999999994543,0.5531914870079017,6,15,4,1.0,0.0,0.0,1.0,6.123233995736766e-17
2025-12-05 06:30:00,4212.35,4215.97,4212.35,4213.95,1738,33,0,1.5999999999994543,2.0200000000004366,0.0,1.5900000000001455,0.00037746061590180935,1,3.619999999999891,0.44198894905514174,6,30,4,1.0,0.0,0.0,1.0,6.123233995736766e-17
2025-12-05 06:45:00,4213.97,4217.3,4213.29,4216.68,2011,33,0,2.7100000000000364,0.6199999999998909,0.680000000000291,2.730000000000473,0.0006478482184175116,1,4.010000000000218,0.6758104721301208,6,45,4,1.0,0.0,0.0,1.0,6.123233995736766e-17
2025-12-05 07:00:00,4216.67,4218.29,4215.31,4216.18,1915,33,0,0.4899999999997817,1.6199999999998909,0.8699999999998909,-0.5,-0.00011857670015272678,-1,2.9799999999995634,0.16442952964951618,7,0,4,1.0,0.0,0.0,0.9659258262890683,-0.25881904510252063
2025-12-05 07:15:00,4216.16,4219.82,4214.29,4219.45,1662,33,0,3.2899999999999636,0.36999999999989086,1.8699999999998909,3.269999999999527,0.0007755835851409397,1,5.529999999999745,0.5949367077849455,7,15,4,1.0,0.0,0.0,0.9659258262890683,-0.25881904510252063
2025-12-05 07:30:00,4219.44,4221.14,4217.66,4220.08,2911,33,0,0.6400000000003274,1.0600000000004002,1.7799999999997453,0.6300000000001091,0.00014930855917242986,1,3.480000000000473,0.1839080454486092,7,30,4,1.0,0.0,0.0,0.9659258262890683,-0.25881904510252063
2025-12-05 07:45:00,4220.06,4220.83,4218.86,4220.26,2704,33,0,0.1999999999998181,0.569999999999709,1.2000000000007276,0.18000000000029104,4.2653219844242535e-05,1,1.9700000000002547,0.10152284212414407,7,45,4,1.0,0.0,0.0,0.9659258262890683,-0.25881904510252063
2025-12-05 08:00:00,4220.26,4228.32,4218.49,4225.43,3393,33,0,5.170000000000073,2.889999999999418,1.7700000000004366,5.170000000000073,0.0012250430068289804,1,9.829999999999927,0.5259409964130927,8,0,4,0.0,1.0,0.0,0.8660254037844387,-0.4999999999999998
2025-12-05 08:15:00,4225.43,4229.09,4224.45,4227.7,3050,33,0,2.269999999999527,1.3900000000003274,0.9800000000004729,2.269999999999527,0.0005372234305146522,1,4.640000000000327,0.48922413687653565,8,15,4,0.0,1.0,0.0,0.8660254037844387,-0.4999999999999998
2025-12-05 08:30:00,4227.48,4228.69,4223.74,4224.95,2676,33,0,2.5299999999997453,1.2100000000000364,1.2100000000000364,-2.75,-0.000650471887787686,-1,4.949999999999818,0.5111111100785307,8,30,4,0.0,1.0,0.0,0.8660254037844387,-0.4999999999999998
2025-12-05 08:45:00,4224.95,4226.01,4223.71,4224.45,2398,33,0,0.5,1.0600000000004002,0.7399999999997817,-0.5,-0.00011834459579403306,-1,2.300000000000182,0.21739130340262933,8,45,4,0.0,1.0,0.0,0.8660254037844387,-0.4999999999999998
2025-12-05 09:00:00,4224.39,4230.33,4224.35,4227.2,1944,33,0,2.8099999999994907,3.130000000000109,0.03999999999996362,2.75,0.0006509723159227828,1,5.979999999999563,0.4698996647660032,9,0,4,0.0,1.0,0.0,0.7071067811865476,-0.7071067811865475
2025-12-05 09:15:00,4227.21,4230.62,4226.26,4229.96,1711,33,0,2.75,0.6599999999998545,0.9499999999998181,2.7600000000002183,0.0006529144587434279,1,4.359999999999673,0.6307339435075383,9,15,4,0.0,1.0,0.0,0.7071067811865476,-0.7071067811865475
2025-12-05 09:30:00,4229.97,4230.08,4224.39,4224.6,2149,33,0,5.369999999999891,0.10999999999967258,0.21000000000003638,-5.359999999999673,-0.001267151462425099,-1,5.6899999999996,0.9437609825241932,9,30,4,0.0,1.0,0.0,0.7071067811865476,-0.7071067811865475
2025-12-05 09:45:00,4224.6,4225.93,4222.48,4224.37,2330,33,0,0.23000000000047294,1.3299999999999272,1.8900000000003274,-0.23000000000047294,-5.4443024191751386e-05,-1,3.4500000000007276,0.06666666647355297,9,45,4,0.0,1.0,0.0,0.7071067811865476,-0.7071067811865475
2025-12-05 10:00:00,4224.37,4226.97,4221.79,4223.0,3015,33,0,1.3699999999998909,2.600000000000364,1.2100000000000364,-1.3699999999998909,-0.00032430871348861274,-1,5.180000000000291,0.2644787639681518,10,0,4,0.0,1.0,0.0,0.49999999999999994,-0.8660254037844387
2025-12-05 10:15:00,4223.02,4226.47,4222.43,4222.81,2383,33,0,0.21000000000003638,3.449999999999818,0.38000000000010914,-0.18999999999959982,-4.49917120529481e-05,-1,4.039999999999964,0.0519801978911476,10,15,4,0.0,1.0,0.0,0.49999999999999994,-0.8660254037844387
2025-12-05 10:30:00,4222.81,4225.63,4220.79,4223.31,2049,33,0,0.5,2.319999999999709,2.0200000000004366,0.5,0.00011840456946914494,1,4.8400000000001455,0.10330578491052213,10,30,4,0.0,1.0,0.0,0.49999999999999994,-0.8660254037844387
2025-12-05 10:45:00,4223.53,4224.47,4220.46,4220.51,1985,33,0,3.019999999999527,0.9400000000005093,0.0500000000001819,-2.800000000000182,-0.0006629870883264979,-1,4.010000000000218,0.7531172051042869,10,45,4,0.0,1.0,0.0,0.49999999999999994,-0.8660254037844387
2025-12-05 11:00:00,4220.4,4222.19,4217.37,4218.53,2513,33,0,1.8699999999998909,1.7899999999999636,1.1599999999998545,-1.980000000000473,-0.0004691376160702078,-1,4.819999999999709,0.38796680417434354,11,0,4,0.0,1.0,0.0,0.258819045102521,-0.9659258262890682
2025-12-05 11:15:00,4218.48,4221.93,4215.89,4221.24,2532,33,0,2.7600000000002183,0.6900000000005093,2.589999999999236,2.7100000000000364,0.0006424038705425911,1,6.039999999999964,0.4569536416275991,11,15,4,0.0,1.0,0.0,0.258819045102521,-0.9659258262890682
2025-12-05 11:30:00,4221.22,4224.69,4219.5,4223.95,1808,33,0,2.7299999999995634,0.7399999999997817,1.7200000000002547,2.7100000000000364,0.0006419914527484901,1,5.1899999999996,0.5260115596800883,11,30,4,0.0,1.0,0.0,0.258819045102521,-0.9659258262890682
2025-12-05 11:45:00,4223.95,4224.97,4223.14,4223.28,1074,33,0,0.6700000000000728,1.0200000000004366,0.13999999999941792,-0.6700000000000728,-0.0001586193018383439,-1,1.8299999999999272,0.36612021657863236,11,45,4,0.0,1.0,0.0,0.258819045102521,-0.9659258262890682
2025-12-05 12:00:00,4223.28,4225.91,4223.08,4224.09,1070,33,0,0.8100000000004002,1.819999999999709,0.1999999999998181,0.8100000000004002,0.0001917940558050615,1,2.8299999999999272,0.28621908026085874,12,0,4,0.0,1.0,0.0,1.2246467991473532e-16,-1.0
2025-12-05 12:15:00,4224.16,4227.45,4223.07,4223.95,1539,33,0,0.21000000000003638,3.2899999999999636,0.8800000000001091,-0.14000000000032742,-3.314323321717279e-05,-1,4.380000000000109,0.04794520536999523,12,15,4,0.0,1.0,0.0,1.2246467991473532e-16,-1.0
2025-12-05 12:30:00,4224.02,4225.31,4223.31,4224.49,1629,33,0,0.46999999999934516,0.8200000000006185,0.7100000000000364,0.5399999999999636,0.0001278424223771502,1,2.0,0.2349999988246726,12,30,4,0.0,1.0,0.0,1.2246467991473532e-16,-1.0
2025-12-05 12:45:00,4224.49,4224.78,4222.42,4222.73,1267,33,0,1.7600000000002183,0.2899999999999636,0.3099999999994907,-1.7600000000002183,-0.00041661833736148467,-1,2.3599999999996726,0.7457627087045913,12,45,4,0.0,1.0,0.0,1.2246467991473532e-16,-1.0
2025-12-05 13:00:00,4222.73,4224.01,4219.89,4223.99,1279,33,0,1.2600000000002183,0.020000000000436557,2.839999999999236,1.2600000000002183,0.0002983851678890714,1,4.119999999999891,0.3058252419762134,13,0,4,0.0,1.0,0.0,-0.2588190451025208,-0.9659258262890683
2025-12-05 13:15:00,4223.96,4225.66,4221.0,4221.26,1172,33,0,2.699999999999818,1.699999999999818,0.2600000000002183,-2.7299999999995634,-0.0006463083482677667,-1,4.6599999999998545,0.5793991403875346,13,15,4,0.0,1.0,0.0,-0.2588190451025208,-0.9659258262890683
2025-12-05 13:30:00,4221.26,4224.15,4220.51,4223.09,1602,33,0,1.8299999999999272,1.0599999999994907,0.75,1.8299999999999272,0.0004335198495235847,1,3.639999999999418,0.5027472513661394,13,30,4,0.0,1.0,0.0,-0.2588190451025208,-0.9659258262890683
2025-12-05 13:45:00,4223.09,4223.78,4221.57,4223.5,1247,33,0,0.4099999999998545,0.27999999999974534,1.5200000000004366,0.4099999999998545,9.708530957186669e-05,1,2.2100000000000364,0.18552036115142267,13,45,4,0.0,1.0,0.0,-0.2588190451025208,-0.9659258262890683
2025-12-05 14:00:00,4223.51,4229.63,4223.02,4225.58,2699,33,0,2.069999999999709,4.050000000000182,0.4899999999997817,2.0799999999999272,0.000492482538179218,1,6.609999999999673,0.3131618754717387,14,0,4,0.0,1.0,0.0,-0.4999999999999997,-0.8660254037844388
2025-12-05 14:15:00,4225.64,4229.38,4223.97,4224.55,2638,33,0,1.0900000000001455,3.7399999999997817,0.5799999999999272,-1.0299999999997453,-0.00024375352022674884,-1,5.4099999999998545,0.20147874269600508,14,15,4,0.0,1.0,0.0,-0.4999999999999997,-0.8660254037844388
2025-12-05 14:30:00,4224.55,4225.73,4222.89,4225.34,2248,33,0,0.7899999999999636,0.3899999999994179,1.6599999999998545,0.7899999999999636,0.00018700216591115352,1,2.839999999999236,0.2781690131051007,14,30,4,0.0,1.0,0.0,-0.4999999999999997,-0.8660254037844388
2025-12-05 14:45:00,4225.37,4229.54,4224.5,4228.67,2415,33,0,3.300000000000182,0.8699999999998909,0.8699999999998909,3.3299999999999272,0.0007881022592264593,1,5.039999999999964,0.6547619034628148,14,45,4,0.0,1.0,0.0,-0.4999999999999997,-0.8660254037844388
2025-12-05 15:00:00,4228.7,4233.1,4221.44,4227.99,4389,33,0,0.7100000000000364,4.400000000000546,6.550000000000182,-0.680000000000291,-0.00016080706226787408,-1,11.660000000000764,0.06089193819820501,15,0,4,0.0,1.0,0.0,-0.7071067811865471,-0.7071067811865479
2025-12-05 15:15:00,4228.02,4234.84,4225.69,4232.9,3682,33,0,4.8799999999992,1.9400000000005093,2.3300000000008367,4.9099999999998545,0.001161308328543789,1,9.150000000000546,0.533333332750336,15,15,4,0.0,1.0,0.0,-0.7071067811865471,-0.7071067811865479
2025-12-05 15:30:00,4232.87,4238.86,4231.08,4233.6,4475,33,0,0.7300000000004729,5.259999999999309,1.7899999999999636,0.7000000000007276,0.0001653712584754489,1,7.779999999999745,0.09383033406969069,15,30,4,0.0,1.0,0.0,-0.7071067811865471,-0.7071067811865479
2025-12-05 15:45:00,4233.58,4237.48,4229.82,4234.47,3600,33,0,0.8900000000003274,3.009999999999309,3.7600000000002183,0.8699999999998909,0.00020549886621312613,1,7.6599999999998545,0.11618798940449927,15,45,4,0.0,1.0,0.0,-0.7071067811865471,-0.7071067811865479
2025-12-05 16:00:00,4234.45,4239.49,4232.27,4237.29,3724,33,0,2.8400000000001455,2.199999999999818,2.1799999999993815,2.819999999999709,0.0006659629186178456,1,7.219999999999345,0.39335180000926384,16,0,4,0.0,0.0,1.0,-0.8660254037844384,-0.5000000000000004
2025-12-05 16:15:00,4237.3,4237.49,4230.02,4231.53,4325,33,0,5.770000000000437,0.18999999999959982,1.5099999999993088,-5.760000000000218,-0.0013593594018819148,-1,7.469999999999345,0.7724230244011663,16,15,4,0.0,0.0,1.0,-0.8660254037844384,-0.5000000000000004
2025-12-05 16:30:00,4231.77,4236.63,4228.25,4236.18,5796,33,0,4.4099999999998545,0.4499999999998181,3.5200000000004366,4.650000000000546,0.0010988933080943643,1,8.38000000000011,0.526252982665545,16,30,4,0.0,0.0,1.0,-0.8660254037844384,-0.5000000000000004
2025-12-05 16:45:00,4236.14,4245.46,4234.95,4242.17,5172,33,0,6.029999999999745,3.2899999999999636,1.1900000000005093,5.989999999999782,0.0014140097918407105,1,10.510000000000218,0.5737392953627237,16,45,4,0.0,0.0,1.0,-0.8660254037844384,-0.5000000000000004
2025-12-05 17:00:00,4242.01,4244.2,4234.09,4239.66,5236,33,0,2.350000000000364,2.1899999999996,5.569999999999709,-2.5100000000002183,-0.0005916783155791065,-1,10.109999999999673,0.23244312538832923,17,0,4,0.0,0.0,1.0,-0.9659258262890683,-0.25881904510252063
2025-12-05 17:15:00,4239.67,4248.96,4238.17,4248.68,4669,33,0,9.010000000000218,0.27999999999974534,1.5,9.020000000000437,0.00212752909431427,1,10.789999999999964,0.8350324366682043,17,15,4,0.0,0.0,1.0,-0.9659258262890683,-0.25881904510252063
2025-12-05 17:30:00,4248.65,4259.18,4246.2,4253.76,4951,33,0,5.110000000000582,5.420000000000073,2.449999999999818,5.079999999999927,0.0011956654772776313,1,12.980000000000473,0.3936825882945739,17,30,4,0.0,0.0,1.0,-0.9659258262890683,-0.25881904510252063
2025-12-05 17:45:00,4253.78,4254.86,4237.58,4243.56,5471,33,0,10.219999999999345,1.0799999999999272,5.980000000000473,-10.199999999999818,-0.0023978785827126633,-1,17.279999999999745,0.5914351848428903,17,45,4,0.0,0.0,1.0,-0.9659258262890683,-0.25881904510252063
2025-12-05 18:00:00,4243.98,4245.63,4203.09,4203.28,6475,33,0,40.69999999999982,1.6500000000005457,0.18999999999959982,-40.280000000000655,-0.00949203027646614,-1,42.539999999999964,0.9567465912184387,18,0,4,0.0,0.0,1.0,-1.0,-1.8369701987210297e-16
2025-12-05 18:15:00,4203.25,4218.27,4198.64,4216.38,6388,33,0,13.13000000000011,1.8900000000003274,4.609999999999673,13.100000000000364,0.0031166136921643014,1,19.63000000000011,0.6688741718446914,18,15,4,0.0,0.0,1.0,-1.0,-1.8369701987210297e-16
2025-12-05 18:30:00,4216.48,4217.04,4207.71,4210.72,5298,33,0,5.759999999999309,0.5600000000004002,3.0100000000002183,-5.6599999999998545,-0.0013423837509901513,-1,9.329999999999927,0.6173633433896806,18,30,4,0.0,0.0,1.0,-1.0,-1.8369701987210297e-16
2025-12-05 18:45:00,4210.74,4217.5,4207.56,4214.11,4341,33,0,3.369999999999891,3.3900000000003274,3.1799999999993815,3.389999999999418,0.0008050879659534278,1,9.9399999999996,0.3390342048903103,18,45,4,0.0,0.0,1.0,-1.0,-1.8369701987210297e-16
2025-12-05 19:00:00,4214.08,4218.27,4210.44,4214.83,3634,33,0,0.75,3.4400000000005093,3.6400000000003274,0.7200000000002547,0.00017085458139447113,1,7.830000000000837,0.09578544049068524,19,0,4,0.0,0.0,1.0,-0.9659258262890684,0.2588190451025203
2025-12-05 19:15:00,4214.83,4217.96,4213.1,4216.85,3263,33,0,2.0200000000004366,1.1099999999996726,1.7299999999995634,2.0200000000004366,0.00047926013623335615,1,4.859999999999673,0.4156378592272004,19,15,4,0.0,0.0,1.0,-0.9659258262890684,0.2588190451025203
2025-12-05 19:30:00,4216.85,4219.79,4206.38,4214.18,4099,33,0,2.6700000000000728,2.9399999999996,7.800000000000182,-2.6700000000000728,-0.0006331740517210886,-1,13.409999999999854,0.19910514526540268,19,30,4,0.0,0.0,1.0,-0.9659258262890684,0.2588190451025203
2025-12-05 19:45:00,4214.18,4218.67,4212.71,4217.51,2727,33,0,3.3299999999999272,1.1599999999998545,1.4700000000002547,3.3299999999999272,0.000790189313223433,1,5.960000000000036,0.5587248312772917,19,45,4,0.0,0.0,1.0,-0.9659258262890684,0.2588190451025203
2025-12-05 20:00:00,4217.31,4218.59,4214.76,4217.72,2795,33,0,0.4099999999998545,0.8699999999998909,2.550000000000182,0.21000000000003638,4.979241305889882e-05,1,3.8299999999999272,0.10704960807555253,20,0,4,0.0,0.0,1.0,-0.8660254037844386,0.5000000000000001
2025-12-05 20:15:00,4217.72,4219.17,4209.92,4212.54,3863,33,0,5.180000000000291,1.449999999999818,2.619999999999891,-5.180000000000291,-0.0012281517028158082,-1,9.25,0.559999999394626,20,15,4,0.0,0.0,1.0,-0.8660254037844386,0.5000000000000001
2025-12-05 20:30:00,4212.57,4215.65,4209.28,4211.61,3019,33,0,0.9600000000000364,3.0799999999999272,2.3299999999999272,-0.930000000000291,-0.00022076941702637627,-1,6.369999999999891,0.15070643618414262,20,30,4,0.0,0.0,1.0,-0.8660254037844386,0.5000000000000001
2025-12-05 20:45:00,4211.59,4213.42,4206.66,4208.75,2939,33,0,2.8400000000001455,1.8299999999999272,2.0900000000001455,-2.8599999999996726,-0.000679075223014399,-1,6.760000000000218,0.4201183425737974,20,45,4,0.0,0.0,1.0,-0.8660254037844386,0.5000000000000001
2025-12-05 21:00:00,4208.75,4210.7,4203.55,4208.45,3424,33,0,0.3000000000001819,1.949999999999818,4.899999999999636,-0.3000000000001819,-7.12800712801145e-05,-1,7.149999999999636,0.041958041899386955,21,0,4,0.0,0.0,1.0,-0.7071067811865477,0.7071067811865474
2025-12-05 21:15:00,4208.49,4209.73,4205.31,4209.37,2521,33,0,0.8800000000001091,0.3599999999996726,3.1799999999993815,0.9200000000000728,0.00021860780097187154,1,4.419999999999163,0.19909502217405556,21,15,4,0.0,0.0,1.0,-0.7071067811865477,0.7071067811865474
2025-12-05 21:30:00,4209.37,4210.28,4204.27,4205.72,2096,33,0,3.649999999999636,0.9099999999998545,1.449999999999818,-3.649999999999636,-0.000867113130943499,-1,6.009999999999309,0.607321130437079,21,30,4,0.0,0.0,1.0,-0.7071067811865477,0.7071067811865474
2025-12-05 21:45:00,4205.73,4208.71,4202.23,4207.54,2083,33,0,1.8100000000004002,1.1700000000000728,3.5,1.819999999999709,0.0004327439772499617,1,6.480000000000473,0.27932098722331145,21,45,4,0.0,0.0,1.0,-0.7071067811865477,0.7071067811865474
2025-12-05 22:00:00,4207.54,4207.69,4202.73,4204.66,2061,33,0,2.880000000000109,0.1499999999996362,1.930000000000291,-2.880000000000109,-0.00068448547132056,-1,4.960000000000036,0.5806451601196848,22,0,4,0.0,0.0,1.0,-0.5000000000000004,0.8660254037844384
2025-12-05 22:15:00,4204.66,4206.72,4202.7,4202.85,2196,34,0,1.8099999999994907,2.0600000000004,0.1500000000005457,-1.8099999999994907,-0.000430474758957797,-1,4.020000000000437,0.4502487550987081,22,15,4,0.0,0.0,1.0,-0.5000000000000004,0.8660254037844384
2025-12-05 22:30:00,4202.83,4205.23,4199.7,4200.92,4222,34,0,1.9099999999998545,2.399999999999636,1.2200000000002547,-1.930000000000291,-0.0004592122012444629,-1,5.529999999999745,0.34538878780217985,22,30,4,0.0,0.0,1.0,-0.5000000000000004,0.8660254037844384
2025-12-05 22:45:00,4200.9,4202.77,4199.31,4202.01,4544,34,0,1.110000000000582,0.7600000000002183,1.589999999999236,1.0900000000001455,0.00025946697390098966,1,3.4600000000000364,0.3208092476278838,22,45,4,0.0,0.0,1.0,-0.5000000000000004,0.8660254037844384
2025-12-05 23:00:00,4202.04,4202.36,4199.72,4200.26,2628,34,0,1.7799999999997453,0.31999999999970896,0.5399999999999636,-1.75,-0.0004164673572885357,-1,2.639999999999418,0.6742424216885279,23,0,4,0.0,0.0,1.0,-0.25881904510252157,0.9659258262890681
2025-12-05 23:15:00,4200.27,4200.39,4191.91,4196.9,1910,35,0,3.3700000000008004,0.11999999999989086,4.989999999999782,-3.360000000000582,-0.0007999504792561846,-1,8.480000000000473,0.3974056599087919,23,15,4,0.0,0.0,1.0,-0.25881904510252157,0.9659258262890681
2025-12-05 23:30:00,4196.86,4196.86,4193.65,4194.31,1534,34,0,2.5499999999992724,0.0,0.660000000000764,-2.589999999999236,-0.0006171221615952813,-1,3.2100000000000364,0.7943925208895073,23,30,4,0.0,0.0,1.0,-0.25881904510252157,0.9659258262890681
2025-12-05 23:45:00,4194.26,4199.01,4193.89,4198.53,1068,42,0,4.269999999999527,0.48000000000047294,0.36999999999989086,4.219999999999345,0.001006124964535131,1,5.119999999999891,0.8339843733710497,23,45,4,0.0,0.0,1.0,-0.25881904510252157,0.9659258262890681
2025-12-08 01:00:00,4197.39,4209.4,4194.75,4197.34,1671,36,0,0.0500000000001819,12.009999999999309,2.5900000000001455,-1.1899999999995998,-0.0002834325347203902,-1,14.649999999999636,0.0034129692809592794,1,0,0,1.0,0.0,0.0,0.25881904510252074,0.9659258262890683
2025-12-08 01:15:00,4197.44,4206.5,4196.44,4200.7,1510,64,0,3.2600000000002183,5.800000000000182,1.0,3.3599999999996726,0.000800506987758836,1,10.0600000000004,0.324055665681862,1,15,0,1.0,0.0,0.0,0.25881904510252074,0.9659258262890683
2025-12-08 01:30:00,4200.72,4201.48,4197.16,4199.39,1138,45,0,1.3299999999999272,0.7599999999993088,2.230000000000473,-1.3099999999994907,-0.00031185278644023395,-1,4.319999999999709,0.30787036965771136,1,30,0,1.0,0.0,0.0,0.25881904510252074,0.9659258262890683
2025-12-08 01:45:00,4199.36,4202.67,4197.95,4201.32,1641,38,0,1.9600000000000364,1.3500000000003638,1.4099999999998545,1.9299999999993815,0.0004595905595811252,1,4.720000000000255,0.41525423640834497,1,45,0,1.0,0.0,0.0,0.25881904510252074,0.9659258262890683
2025-12-08 02:00:00,4201.38,4207.86,4199.32,4205.95,2501,33,0,4.569999999999709,1.9099999999998545,2.0600000000004,4.630000000000109,0.0011020345986499742,1,8.539999999999964,0.5351288049939625,2,0,0,1.0,0.0,0.0,0.49999999999999994,0.8660254037844387
2025-12-08 02:15:00,4205.95,4207.58,4202.94,4205.87,1910,33,0,0.07999999999992724,1.6300000000001091,2.930000000000291,-0.07999999999992724,-1.902067309405182e-05,-1,4.640000000000327,0.017241379273169787,2,15,0,1.0,0.0,0.0,0.49999999999999994,0.8660254037844387
2025-12-08 02:30:00,4205.39,4210.13,4204.72,4209.18,2034,33,0,3.7899999999999636,0.9499999999998181,0.6700000000000728,3.3100000000004,0.0007869953184478836,1,5.4099999999998545,0.7005545273557339,2,30,0,1.0,0.0,0.0,0.49999999999999994,0.8660254037844387
2025-12-08 02:45:00,4209.18,4211.54,4208.04,4210.6,2307,33,0,1.4200000000000728,0.9399999999995998,1.1400000000003274,1.4200000000000728,0.000337357870179007,1,3.5,0.4057142845551228,2,45,0,1.0,0.0,0.0,0.49999999999999994,0.8660254037844387
2025-12-08 03:00:00,4210.59,4211.63,4201.06,4205.74,5558,33,0,4.850000000000364,1.0399999999999636,4.6799999999993815,-4.860000000000582,-0.001154229800978621,-1,10.569999999999709,0.45884578953756283,3,0,0,1.0,0.0,0.0,0.7071067811865476,0.7071067811865476
2025-12-08 03:15:00,4205.79,4210.48,4204.34,4207.96,3816,33,0,2.1700000000000728,2.519999999999527,1.449999999999818,2.2200000000002547,0.0005278500335256708,1,6.139999999999418,0.35342019486418186,3,15,0,1.0,0.0,0.0,0.7071067811865476,0.7071067811865476
2025-12-08 03:30:00,4207.9,4209.73,4205.16,4206.45,4150,33,0,1.449999999999818,1.8299999999999272,1.2899999999999636,-1.5100000000002183,-0.00035884371524449337,-1,4.569999999999709,0.31728665138447354,3,30,0,1.0,0.0,0.0,0.7071067811865476,0.7071067811865476
2025-12-08 03:45:00,4206.49,4208.12,4197.43,4201.03,4429,33,0,5.460000000000036,1.6300000000001091,3.5999999999994543,-5.420000000000073,-0.0012884974265711165,-1,10.6899999999996,0.5107577170152164,3,45,0,1.0,0.0,0.0,0.7071067811865476,0.7071067811865476
2025-12-08 04:00:00,4200.95,4202.03,4198.43,4200.44,3394,33,0,0.5100000000002183,1.0799999999999272,2.009999999999309,-0.5900000000001455,-0.00014044174880925524,-1,3.5999999999994543,0.14166666627323027,4,0,0,1.0,0.0,0.0,0.8660254037844386,0.5000000000000001
2025-12-08 04:15:00,4200.44,4203.39,4199.13,4203.15,2485,33,0,2.7100000000000364,0.24000000000069122,1.3099999999994907,2.7100000000000364,0.0006451705059470047,1,4.260000000000218,0.6361502332484495,4,15,0,1.0,0.0,0.0,0.8660254037844386,0.5000000000000001
2025-12-08 04:30:00,4203.15,4208.73,4199.42,4206.43,4350,33,0,3.280000000000655,2.2999999999992724,3.7299999999995634,3.280000000000655,0.0007803671056233195,1,9.30999999999949,0.352309344412217,4,30,0,1.0,0.0,0.0,0.8660254037844386,0.5000000000000001
2025-12-08 04:45:00,4206.48,4212.37,4206.35,4208.44,3058,33,0,1.9600000000000364,3.930000000000291,0.12999999999919964,2.009999999999309,0.00047783987847160387,1,6.019999999999527,0.32558139480803594,4,45,0,1.0,0.0,0.0,0.8660254037844386,0.5000000000000001
2025-12-08 05:00:00,4208.42,4210.12,4206.77,4209.81,2308,33,0,1.3900000000003274,0.3099999999994907,1.6499999999996362,1.3700000000008004,0.00032553630323844474,1,3.3499999999994543,0.4149253718959105,5,0,0,1.0,0.0,0.0,0.9659258262890683,0.25881904510252074
2025-12-08 05:15:00,4209.8,4212.99,4207.96,4209.83,2242,33,0,0.02999999999974534,3.1599999999998545,1.8400000000001455,0.019999999999527063,4.750808231138e-06,1,5.029999999999745,0.005964214699822011,5,15,0,1.0,0.0,0.0,0.9659258262890683,0.25881904510252074
2025-12-08 05:30:00,4209.82,4211.66,4207.02,4207.66,2017,33,0,2.1599999999998545,1.8400000000001455,0.6399999999994179,-2.1700000000000728,-0.0005154602442379081,-1,4.639999999999418,0.46551724037606745,5,30,0,1.0,0.0,0.0,0.9659258262890683,0.25881904510252074
2025-12-08 05:45:00,4207.68,4210.34,4206.62,4209.97,1815,33,0,2.2899999999999636,0.36999999999989086,1.0600000000004002,2.3100000000004,0.0005489987308861459,1,3.7200000000002547,0.6155913961945949,5,45,0,1.0,0.0,0.0,0.9659258262890683,0.25881904510252074
2025-12-08 06:00:00,4210.0,4210.27,4208.48,4209.39,939,33,0,0.6099999999996726,0.27000000000043656,0.910000000000764,-0.5799999999999272,-0.00013776820262375436,-1,1.7900000000008731,0.3407821210008681,6,0,0,1.0,0.0,0.0,1.0,6.123233995736766e-17
2025-12-08 06:15:00,4209.39,4211.86,4208.76,4209.36,821,33,0,0.030000000000654836,2.469999999999345,0.5999999999994543,-0.030000000000654836,-7.126923378602324e-06,-1,3.0999999999994543,0.00967741932383417,6,15,0,1.0,0.0,0.0,1.0,6.123233995736766e-17
2025-12-08 06:30:00,4209.46,4213.09,4209.39,4210.45,1031,33,0,0.9899999999997817,2.6400000000003274,0.06999999999970896,1.0900000000001455,0.00025894672824375813,1,3.699999999999818,0.26756756684436617,6,30,0,1.0,0.0,0.0,1.0,6.123233995736766e-17
2025-12-08 06:45:00,4210.45,4210.99,4206.9,4208.38,1140,33,0,2.069999999999709,0.5399999999999636,1.480000000000473,-2.069999999999709,-0.0004916339108645653,-1,4.0900000000001455,0.5061124682001249,6,45,0,1.0,0.0,0.0,1.0,6.123233995736766e-17
2025-12-08 07:00:00,4208.41,4209.32,4207.71,4208.94,1572,33,0,0.5299999999997453,0.38000000000010914,0.6999999999998181,0.5599999999994907,0.00013306783132689792,1,1.6099999999996726,0.32919254453908553,7,0,0,1.0,0.0,0.0,0.9659258262890683,-0.25881904510252063
2025-12-08 07:15:00,4208.94,4209.19,4204.5,4206.3,1702,33,0,2.639999999999418,0.25,1.800000000000182,-2.639999999999418,-0.0006272363112801366,-1,4.6899999999996,0.562899785580095,7,15,0,1.0,0.0,0.0,0.9659258262890683,-0.25881904510252063
2025-12-08 07:30:00,4206.08,4215.83,4205.94,4214.63,2770,33,0,8.550000000000182,1.199999999999818,0.14000000000032742,8.329999999999927,0.0019803627891495914,1,9.890000000000327,0.8645096047881499,7,30,0,1.0,0.0,0.0,0.9659258262890683,-0.25881904510252063
2025-12-08 07:45:00,4214.63,4217.04,4212.4,4216.99,1838,33,0,2.3599999999996726,0.0500000000001819,2.230000000000473,2.3599999999996726,0.0005599542545845478,1,4.640000000000327,0.5086206885589006,7,45,0,1.0,0.0,0.0,0.9659258262890683,-0.25881904510252063
2025-12-08 08:00:00,4216.93,4218.56,4212.11,4215.25,2772,33,0,1.680000000000291,1.6300000000001091,3.1400000000003274,-1.7399999999997817,-0.0004126165819695522,-1,6.450000000000728,0.2604651158752636,8,0,0,0.0,1.0,0.0,0.8660254037844387,-0.4999999999999998
2025-12-08 08:15:00,4215.28,4217.95,4213.62,4216.32,2646,33,0,1.0399999999999636,1.6300000000001091,1.6599999999998545,1.069999999999709,0.000253840222999753,1,4.329999999999927,0.2401847569510701,8,15,0,0.0,1.0,0.0,0.8660254037844387,-0.4999999999999998
2025-12-08 08:30:00,4216.33,4218.8,4214.9,4216.85,2759,33,0,0.5200000000004366,1.949999999999818,1.430000000000291,0.5300000000006548,0.00012570203400136964,1,3.9000000000005457,0.1333333329915463,8,30,0,0.0,1.0,0.0,0.8660254037844387,-0.4999999999999998
2025-12-08 08:45:00,4216.85,4217.93,4215.01,4216.91,2083,33,0,0.05999999999949068,1.0200000000004366,1.8400000000001455,0.05999999999949068,1.4228630375633632e-05,1,2.9200000000000728,0.020547945134934843,8,45,0,0.0,1.0,0.0,0.8660254037844387,-0.4999999999999998
2025-12-08 09:00:00,4217.12,4217.31,4212.54,4214.65,2346,33,0,2.4700000000002547,0.19000000000050932,2.1099999999996726,-2.2600000000002183,-0.0005359374518308947,-1,4.770000000000437,0.5178197054133818,9,0,0,0.0,1.0,0.0,0.7071067811865476,-0.7071067811865475
2025-12-08 09:15:00,4214.65,4215.96,4212.84,4213.82,2786,33,0,0.8299999999999272,1.3100000000004002,0.9799999999995634,-0.8299999999999272,-0.0001969321295955601,-1,3.119999999999891,0.26602564017298075,9,15,0,0.0,1.0,0.0,0.7071067811865476,-0.7071067811865475
2025-12-08 09:30:00,4213.82,4216.17,4209.94,4209.94,2157,33,0,3.880000000000109,2.350000000000364,0.0,-3.880000000000109,-0.000920779720064006,-1,6.230000000000473,0.6227929363999816,9,30,0,0.0,1.0,0.0,0.7071067811865476,-0.7071067811865475
2025-12-08 09:45:00,4209.94,4210.88,4206.27,4206.81,2396,33,0,3.1299999999991996,0.9400000000005093,0.5399999999999636,-3.1299999999991996,-0.0007434785293850268,-1,4.609999999999673,0.6789587837765367,9,45,0,0.0,1.0,0.0,0.7071067811865476,-0.7071067811865475
2025-12-08 10:00:00,4206.76,4212.67,4203.05,4211.45,2930,33,0,4.6899999999996,1.2200000000002547,3.7100000000000364,4.639999999999418,0.001102973511995887,1,9.61999999999989,0.48752598701916766,10,0,0,0.0,1.0,0.0,0.49999999999999994,-0.8660254037844387
2025-12-08 10:15:00,4211.45,4216.47,4209.13,4209.13,2082,33,0,2.319999999999709,5.020000000000437,0.0,-2.319999999999709,-0.0005508791508862052,-1,7.3400000000001455,0.3160762938472616,10,15,0,0.0,1.0,0.0,0.49999999999999994,-0.8660254037844387
2025-12-08 10:30:00,4209.13,4210.49,4205.0,4208.84,2233,33,0,0.2899999999999636,1.3599999999996726,3.8400000000001455,-0.2899999999999636,-6.889784824891691e-05,-1,5.489999999999782,0.05282331502217523,10,30,0,0.0,1.0,0.0,0.49999999999999994,-0.8660254037844387
2025-12-08 10:45:00,4208.84,4211.96,4207.06,4209.62,1851,33,0,0.7799999999997453,2.3400000000001455,1.7799999999997453,0.7799999999997453,0.00018532422235099108,1,4.899999999999636,0.15918367314448298,10,45,0,0.0,1.0,0.0,0.49999999999999994,-0.8660254037844387
2025-12-08 11:00:00,4209.17,4210.47,4204.19,4208.95,2662,33,0,0.22000000000025466,1.300000000000182,4.760000000000218,-0.6700000000000728,-0.0001591592590305236,-1,6.280000000000655,0.035031847078011664,11,0,0,0.0,1.0,0.0,0.258819045102521,-0.9659258262890682
2025-12-08 11:15:00,4208.96,4210.74,4206.15,4210.5,1827,33,0,1.5399999999999636,0.23999999999978172,2.8100000000004,1.550000000000182,0.00036826286841140475,1,4.5900000000001455,0.3355119818398246,11,15,0,0.0,1.0,0.0,0.258819045102521,-0.9659258262890682
2025-12-08 11:30:00,4210.5,4211.46,4205.83,4207.92,2248,33,0,2.5799999999999272,0.9600000000000364,2.0900000000001455,-2.5799999999999272,-0.0006127538297114184,-1,5.630000000000109,0.4582593242304234,11,30,0,0.0,1.0,0.0,0.258819045102521,-0.9659258262890682
2025-12-08 11:45:00,4207.92,4212.66,4206.22,4207.93,1973,33,0,0.010000000000218279,4.729999999999563,1.699999999999818,0.010000000000218279,2.3764710356228916e-06,1,6.4399999999996,0.001552795028678719,11,45,0,0.0,1.0,0.0,0.258819045102521,-0.9659258262890682
2025-12-08 12:00:00,4207.91,4210.27,4207.59,4209.31,1224,33,0,1.4000000000005457,0.9600000000000364,0.31999999999970896,1.3800000000001091,0.00032795222353986615,1,2.680000000000291,0.5223880577524302,12,0,0,0.0,1.0,0.0,1.2246467991473532e-16,-1.0
2025-12-08 12:15:00,4209.38,4209.91,4205.39,4205.8,1509,33,0,3.5799999999999272,0.5299999999997453,0.4099999999998545,-3.5100000000002183,-0.0008338658830070054,-1,4.519999999999527,0.7920353964778646,12,15,0,0.0,1.0,0.0,1.2246467991473532e-16,-1.0
2025-12-08 12:30:00,4205.74,4208.07,4201.04,4206.25,2060,33,0,0.5100000000002183,1.819999999999709,4.699999999999818,0.4499999999998181,0.00010699510200195399,1,7.029999999999745,0.07254623033780576,12,30,0,0.0,1.0,0.0,1.2246467991473532e-16,-1.0
2025-12-08 12:45:00,4206.22,4206.67,4202.71,4203.48,2066,33,0,2.740000000000691,0.4499999999998181,0.7699999999995271,-2.7700000000004366,-0.0006585438335810845,-1,3.9600000000000364,0.6919191901720895,12,45,0,0.0,1.0,0.0,1.2246467991473532e-16,-1.0
2025-12-08 13:00:00,4203.3,4204.45,4199.58,4203.2,1801,33,0,0.1000000000003638,1.1499999999996362,3.619999999999891,-0.27999999999974534,-6.661147430218423e-05,-1,4.869999999999891,0.020533880861401895,13,0,0,0.0,1.0,0.0,-0.2588190451025208,-0.9659258262890683
2025-12-08 13:15:00,4203.15,4209.5,4202.0,4209.38,1583,33,0,6.230000000000473,0.11999999999989086,1.1499999999996362,6.180000000000291,0.0014703083365055888,1,7.5,0.8306666655591741,13,15,0,0.0,1.0,0.0,-0.2588190451025208,-0.9659258262890683
2025-12-08 13:30:00,4209.38,4214.13,4208.58,4213.35,2153,33,0,3.9700000000002547,0.7799999999997453,0.8000000000001819,3.9700000000002547,0.0009431317676237961,1,5.550000000000182,0.7153153140264813,13,30,0,0.0,1.0,0.0,-0.2588190451025208,-0.9659258262890683
2025-12-08 13:45:00,4213.43,4213.58,4208.48,4208.48,2120,33,0,4.950000000000728,0.1499999999996362,0.0,-4.8700000000008,-0.001155849858189042,-1,5.100000000000364,0.9705882333910769,13,45,0,0.0,1.0,0.0,-0.2588190451025208,-0.9659258262890683
2025-12-08 14:00:00,4208.52,4212.82,4208.38,4212.19,2048,33,0,3.6699999999991633,0.6300000000001091,0.14000000000032742,3.7100000000000364,0.0008815534349694039,1,4.4399999999996,0.8265765747148037,14,0,0,0.0,1.0,0.0,-0.4999999999999997,-0.8660254037844388
2025-12-08 14:15:00,4212.22,4212.69,4209.55,4211.71,1578,33,0,0.5100000000002183,0.46999999999934516,2.1599999999998545,-0.47999999999956344,-0.00011395497354097594,-1,3.139999999999418,0.16242038164844236,14,15,0,0.0,1.0,0.0,-0.4999999999999997,-0.8660254037844388
2025-12-08 14:30:00,4211.51,4213.54,4210.97,4212.32,1840,33,0,0.8099999999994907,1.2200000000002547,0.5399999999999636,0.6099999999996726,0.000144834283461984,1,2.569999999999709,0.31517509604973987,14,30,0,0.0,1.0,0.0,-0.4999999999999997,-0.8660254037844388
2025-12-08 14:45:00,4212.27,4215.33,4210.92,4213.69,1856,33,0,1.4199999999991633,1.6400000000003274,1.3500000000003638,1.3699999999998909,0.000325236449272584,1,4.4099999999998545,0.32199546412228014,14,45,0,0.0,1.0,0.0,-0.4999999999999997,-0.8660254037844388
2025-12-08 15:00:00,4213.7,4214.59,4205.54,4210.64,4406,33,0,3.0599999999994907,0.8900000000003274,5.100000000000364,-3.0499999999992724,-0.000723831131383484,-1,9.050000000000182,0.33812154658764787,15,0,0,0.0,1.0,0.0,-0.7071067811865471,-0.7071067811865479
2025-12-08 15:15:00,4210.64,4211.01,4202.36,4202.98,4093,33,0,7.660000000000764,0.36999999999989086,0.6199999999998909,-7.660000000000764,-0.0018192008815763787,-1,8.650000000000546,0.885549131924253,15,15,0,0.0,1.0,0.0,-0.7071067811865471,-0.7071067811865479
2025-12-08 15:30:00,4202.98,4204.8,4200.48,4202.66,4000,33,0,0.31999999999970896,1.8200000000006185,2.180000000000291,-0.31999999999970896,-7.613645556241263e-05,-1,4.3200000000006185,0.07407407390252833,15,30,0,0.0,1.0,0.0,-0.7071067811865471,-0.7071067811865479
2025-12-08 15:45:00,4202.72,4206.27,4197.7,4201.57,4030,33,0,1.1500000000005457,3.550000000000182,3.869999999999891,-1.0900000000001455,-0.00025935954847647574,-1,8.570000000000618,0.1341890313487249,15,45,0,0.0,1.0,0.0,-0.7071067811865471,-0.7071067811865479
2025-12-08 16:00:00,4201.58,4210.08,4197.16,4209.54,3877,33,0,7.960000000000036,0.5399999999999636,4.420000000000073,7.970000000000255,0.0018969099646085285,1,12.920000000000073,0.6160990707305728,16,0,0,0.0,0.0,1.0,-0.8660254037844384,-0.5000000000000004
2025-12-08 16:15:00,4209.52,4211.44,4207.6,4208.8,3316,33,0,0.7200000000002547,1.9199999999991633,1.199999999999818,-0.7399999999997817,-0.0001757911790836485,-1,3.839999999999236,0.18749999951182236,16,15,0,0.0,0.0,1.0,-0.8660254037844384,-0.5000000000000004
2025-12-08 16:30:00,4208.84,4210.85,4198.18,4198.21,5798,33,0,10.63000000000011,2.0100000000002183,0.02999999999974534,-10.590000000000146,-0.002516156624215963,-1,12.670000000000073,0.8389897388800434,16,30,0,0.0,0.0,1.0,-0.8660254037844384,-0.5000000000000004
2025-12-08 16:45:00,4198.23,4210.85,4195.45,4196.44,6026,33,0,1.7899999999999636,12.6200000000008,0.9899999999997817,-1.7700000000004366,-0.00042160825685242916,-1,15.400000000000546,0.11623376615828328,16,45,0,0.0,0.0,1.0,-0.8660254037844384,-0.5000000000000004
2025-12-08 17:00:00,4196.49,4196.71,4177.05,4178.18,6495,33,0,18.30999999999949,0.22000000000025466,1.1300000000001091,-18.25999999999931,-0.004351307298567193,-1,19.659999999999854,0.931332654663596,17,0,0,0.0,0.0,1.0,-0.9659258262890683,-0.25881904510252063
2025-12-08 17:15:00,4178.26,4192.78,4176.11,4191.9,4899,33,0,13.639999999999418,0.8800000000001091,2.1500000000005457,13.719999999999345,0.0032837264071914913,1,16.670000000000073,0.8182363522385719,17,15,0,0.0,0.0,1.0,-0.9659258262890683,-0.25881904510252063
2025-12-08 17:30:00,4191.97,4193.04,4185.5,4186.73,4260,33,0,5.240000000000691,1.069999999999709,1.2299999999995634,-5.170000000000073,-0.0012333309477802602,-1,7.539999999999964,0.6949602112799886,17,30,0,0.0,0.0,1.0,-0.9659258262890683,-0.25881904510252063
2025-12-08 17:45:00,4186.75,4190.13,4182.0,4182.8,4246,33,0,3.949999999999818,3.380000000000109,0.8000000000001819,-3.9299999999993815,-0.0009386800677376811,-1,8.13000000000011,0.48585485795094907,17,45,0,0.0,0.0,1.0,-0.9659258262890683,-0.25881904510252063
2025-12-08 18:00:00,4182.78,4183.6,4176.81,4183.56,4184,33,0,0.7800000000006548,0.03999999999996362,5.969999999999345,0.7600000000002183,0.0001816964712633208,1,6.789999999999964,0.11487481573665845,18,0,0,0.0,0.0,1.0,-1.0,-1.8369701987210297e-16
2025-12-08 18:15:00,4183.56,4196.11,4182.59,4194.83,3811,33,0,11.269999999999527,1.2799999999997453,0.9700000000002547,11.269999999999527,0.0026938779412747815,1,13.519999999999527,0.8335798810402457,18,15,0,0.0,0.0,1.0,-1.0,-1.8369701987210297e-16
2025-12-08 18:30:00,4194.85,4197.83,4192.82,4193.54,3563,33,0,1.3100000000004002,2.9799999999995634,0.7200000000002547,-1.2899999999999636,-0.00030752140134402675,-1,5.010000000000218,0.26147704538634187,18,30,0,0.0,0.0,1.0,-1.0,-1.8369701987210297e-16
2025-12-08 18:45:00,4193.53,4195.26,4187.78,4191.42,3472,33,0,2.1099999999996726,1.730000000000473,3.6400000000003274,-2.119999999999891,-0.0005055394726173807,-1,7.480000000000473,0.2820855611201449,18,45,0,0.0,0.0,1.0,-1.0,-1.8369701987210297e-16
2025-12-08 19:00:00,4191.54,4191.63,4185.49,4186.93,2907,33,0,4.609999999999673,0.09000000000014552,1.4400000000005093,-4.489999999999782,-0.0010712360011642312,-1,6.140000000000327,0.750814331024639,19,0,0,0.0,0.0,1.0,-0.9659258262890684,0.2588190451025203
2025-12-08 19:15:00,4187.09,4192.01,4186.51,4191.99,2467,33,0,4.899999999999636,0.020000000000436557,0.5799999999999272,5.059999999999491,0.0012085227123452005,1,5.5,0.8909090892891901,19,15,0,0.0,0.0,1.0,-0.9659258262890684,0.2588190451025203
2025-12-08 19:30:00,4191.9,4194.1,4188.89,4188.89,2887,33,0,3.009999999999309,2.2000000000007276,0.0,-3.0999999999994543,-0.0007395055808815036,-1,5.210000000000036,0.5777351236510435,19,30,0,0.0,0.0,1.0,-0.9659258262890684,0.2588190451025203
2025-12-08 19:45:00,4188.89,4195.49,4187.93,4194.81,3169,33,0,5.920000000000073,0.6799999999993815,0.9600000000000364,5.920000000000073,0.0014132622245988968,1,7.559999999999491,0.7830687820330402,19,45,0,0.0,0.0,1.0,-0.9659258262890684,0.2588190451025203
2025-12-08 20:00:00,4194.81,4195.56,4188.57,4189.4,2933,34,0,5.410000000000764,0.75,0.8299999999999272,-5.410000000000764,-0.0012896889251243235,-1,6.990000000000691,0.7739628028985123,20,0,0,0.0,0.0,1.0,-0.8660254037844386,0.5000000000000001
2025-12-08 20:15:00,4189.37,4190.34,4187.06,4188.66,2682,33,0,0.7100000000000364,0.9700000000002547,1.5999999999994543,-0.7399999999997817,-0.0001766362724972029,-1,3.2799999999997453,0.2164634139742248,20,15,0,0.0,0.0,1.0,-0.8660254037844386,0.5000000000000001
2025-12-08 20:30:00,4188.68,4191.65,4186.93,4189.68,2523,33,0,1.0,1.9699999999993452,1.75,1.0200000000004366,0.00024351463236463132,1,4.719999999999345,0.21186440633082515,20,30,0,0.0,0.0,1.0,-0.8660254037844386,0.5000000000000001
2025-12-08 20:45:00,4189.68,4192.08,4184.28,4187.06,2391,33,0,2.619999999999891,2.399999999999636,2.780000000000655,-2.619999999999891,-0.0006253460884840587,-1,7.800000000000182,0.33589743546677636,20,45,0,0.0,0.0,1.0,-0.8660254037844386,0.5000000000000001
2025-12-08 21:00:00,4187.11,4188.39,4184.07,4185.08,2253,33,0,2.0299999999997453,1.2800000000006548,1.0100000000002183,-1.980000000000473,-0.0004728855091640609,-1,4.3200000000006185,0.4699074063195326,21,0,0,0.0,0.0,1.0,-0.7071067811865477,0.7071067811865474
2025-12-08 21:15:00,4185.09,4188.57,4184.17,4187.72,1953,33,0,2.630000000000109,0.8499999999994543,0.9200000000000728,2.6400000000003274,0.0006308123142210728,1,4.399999999999636,0.5977272713688759,21,15,0,0.0,0.0,1.0,-0.7071067811865477,0.7071067811865474
2025-12-08 21:30:00,4187.77,4188.78,4185.99,4187.0,2033,33,0,0.7700000000004366,1.0099999999993088,1.0100000000002183,-0.7200000000002547,-0.00017193126570072846,-1,2.7899999999999636,0.2759856620934014,21,30,0,0.0,0.0,1.0,-0.7071067811865477,0.7071067811865474
2025-12-08 21:45:00,4186.99,4187.51,4184.91,4186.95,2405,33,0,0.03999999999996362,0.5200000000004366,2.0399999999999636,-0.0500000000001819,-1.1941724385044637e-05,-1,2.600000000000364,0.015384615325427642,21,45,0,0.0,0.0,1.0,-0.7071067811865477,0.7071067811865474
2025-12-08 22:00:00,4186.98,4190.94,4184.84,4188.5,2308,33,0,1.5200000000004366,2.4399999999996,2.139999999999418,1.550000000000182,0.00037019787673609237,1,6.099999999999454,0.249180327460454,22,0,0,0.0,0.0,1.0,-0.5000000000000004,0.8660254037844384
2025-12-08 22:15:00,4188.46,4191.29,4187.11,4189.05,2476,35,0,0.5900000000001455,2.2399999999997817,1.3500000000003638,0.5500000000001819,0.00013131192551036933,1,4.180000000000291,0.14114832502120125,22,15,0,0.0,0.0,1.0,-0.5000000000000004,0.8660254037844384
2025-12-08 22:30:00,4189.11,4195.39,4189.06,4194.22,2186,34,0,5.110000000000582,1.1700000000000728,0.049999999999272404,5.170000000000073,0.0012341700385529112,1,6.329999999999927,0.8072669813472308,22,30,0,0.0,0.0,1.0,-0.5000000000000004,0.8660254037844384
2025-12-08 22:45:00,4194.24,4194.52,4190.62,4191.45,2599,34,0,2.7899999999999636,0.28000000000065484,0.8299999999999272,-2.7700000000004366,-0.0006604326907030238,-1,3.9000000000005457,0.7153846135501865,22,45,0,0.0,0.0,1.0,-0.5000000000000004,0.8660254037844384
2025-12-08 23:00:00,4191.47,4193.18,4191.11,4191.61,835,34,0,0.13999999999941792,1.5700000000006185,0.3600000000005821,0.15999999999985448,3.817294730936895e-05,1,2.0700000000006185,0.06763284991451575,23,0,0,0.0,0.0,1.0,-0.25881904510252157,0.9659258262890681
2025-12-08 23:15:00,4191.6,4192.44,4189.73,4190.49,432,34,0,1.110000000000582,0.839999999999236,0.7600000000002183,-1.1199999999998909,-0.00026720043133781317,-1,2.7100000000000364,0.40959409442975137,23,15,0,0.0,0.0,1.0,-0.25881904510252157,0.9659258262890681
2025-12-08 23:30:00,4190.49,4190.73,4189.35,4190.1,571,36,0,0.3899999999994179,0.23999999999978172,0.75,-0.3899999999994179,-9.306787511709082e-05,-1,1.3799999999991996,0.28260869360402696,23,30,0,0.0,0.0,1.0,-0.25881904510252157,0.9659258262890681
2025-12-08 23:45:00,4190.11,4190.63,4188.17,4190.53,527,42,0,0.42000000000007276,0.1000000000003638,1.9399999999995998,0.42999999999938154,0.00010262284909653266,1,2.4600000000000364,0.1707317066230689,23,45,0,0.0,0.0,1.0,-0.25881904510252157,0.9659258262890681
2025-12-09 01:00:00,4190.91,4193.56,4189.46,4191.1,705,37,0,0.19000000000050932,2.4600000000000364,1.449999999999818,0.5700000000006185,0.000136020980639828,1,4.100000000000364,0.046341463301726296,1,0,1,1.0,0.0,0.0,0.25881904510252074,0.9659258262890683
2025-12-09 01:15:00,4191.1,4193.96,4190.88,4192.91,670,36,0,1.8099999999994907,1.050000000000182,0.22000000000025466,1.8099999999994907,0.00043186752881093043,1,3.0799999999999272,0.5876623357541916,1,15,1,1.0,0.0,0.0,0.25881904510252074,0.9659258262890683
2025-12-09 01:30:00,4192.91,4195.18,4191.51,4194.57,803,36,0,1.6599999999998545,0.6100000000005821,1.3999999999996362,1.6599999999998545,0.00039590642298543364,1,3.6700000000000728,0.45231607506176047,1,30,1,1.0,0.0,0.0,0.25881904510252074,0.9659258262890683
2025-12-09 01:45:00,4194.54,4195.16,4192.2,4194.58,703,36,0,0.03999999999996362,0.5799999999999272,2.3400000000001455,0.010000000000218279,2.384034597162112e-06,1,2.9600000000000364,0.013513513467847295,1,45,1,1.0,0.0,0.0,0.25881904510252074,0.9659258262890683
2025-12-09 02:00:00,4194.53,4195.52,4191.23,4192.73,1114,33,0,1.800000000000182,0.9900000000006912,1.5,-1.8500000000003638,-0.0004410453489980794,-1,4.290000000000873,0.41958041860233364,2,0,1,1.0,0.0,0.0,0.49999999999999994,0.8660254037844387
2025-12-09 02:15:00,4192.74,4194.14,4192.21,4192.45,526,33,0,0.2899999999999636,1.4000000000005457,0.23999999999978172,-0.27999999999974534,-6.678226358476347e-05,-1,1.930000000000291,0.15025906657892707,2,15,1,1.0,0.0,0.0,0.49999999999999994,0.8660254037844387
2025-12-09 02:30:00,4192.27,4192.9,4191.46,4192.0,1063,33,0,0.27000000000043656,0.6299999999991996,0.5399999999999636,-0.4499999999998181,-0.00010733580603222892,-1,1.4399999999995998,0.18749999869827194,2,30,1,1.0,0.0,0.0,0.49999999999999994,0.8660254037844387
2025-12-09 02:45:00,4192.0,4194.09,4189.88,4190.29,1304,33,0,1.7100000000000364,2.0900000000001455,0.4099999999998545,-1.7100000000000364,-0.00040791984732825294,-1,4.210000000000036,0.40617577100671354,2,45,1,1.0,0.0,0.0,0.49999999999999994,0.8660254037844387
2025-12-09 03:00:00,4190.28,4197.23,4188.74,4196.06,3518,33,0,5.780000000000655,1.1699999999991633,1.5399999999999636,5.770000000000437,0.0013769930004845575,1,8.489999999999782,0.6808009414832501,3,0,1,1.0,0.0,0.0,0.7071067811865476,0.7071067811865476
2025-12-09 03:15:00,4196.0,4196.66,4193.65,4194.1,2910,33,0,1.8999999999996362,0.6599999999998545,0.4500000000007276,-1.9600000000000364,-0.00046710485550731785,-1,3.0100000000002183,0.631229233783125,3,15,1,1.0,0.0,0.0,0.7071067811865476,0.7071067811865476
2025-12-09 03:30:00,4194.09,4197.09,4194.06,4195.74,2557,33,0,1.6499999999996362,1.3500000000003638,0.02999999999974534,1.639999999999418,0.00039102548818564597,1,3.0299999999997453,0.5445544536482608,3,30,1,1.0,0.0,0.0,0.7071067811865476,0.7071067811865476
2025-12-09 03:45:00,4195.92,4197.01,4193.87,4196.15,1878,33,0,0.22999999999956344,0.8600000000005821,2.050000000000182,0.4099999999998545,9.771816175450683e-05,1,3.1400000000003274,0.07324840740989025,3,45,1,1.0,0.0,0.0,0.7071067811865476,0.7071067811865476
2025-12-09 04:00:00,4196.15,4197.13,4190.68,4190.68,1950,33,0,5.469999999999345,0.9800000000004729,0.0,-5.469999999999345,-0.0013035758969530036,-1,6.449999999999818,0.8480620141889735,4,0,1,1.0,0.0,0.0,0.8660254037844386,0.5000000000000001
2025-12-09 04:15:00,4190.68,4193.2,4189.39,4190.43,1527,33,0,0.25,2.519999999999527,1.0399999999999636,-0.25,-5.96561894489677e-05,-1,3.8099999999994907,0.06561679772804867,4,15,1,1.0,0.0,0.0,0.8660254037844386,0.5000000000000001
2025-12-09 04:30:00,4190.56,4190.83,4185.9,4189.1,3229,33,0,1.4600000000000364,0.26999999999952706,3.2000000000007276,-1.3299999999999272,-0.00031738986213823575,-1,4.930000000000291,0.29614604402403444,4,30,1,1.0,0.0,0.0,0.8660254037844386,0.5000000000000001
2025-12-09 04:45:00,4189.1,4190.07,4187.26,4189.79,2332,33,0,0.6899999999995998,0.27999999999974534,1.8400000000001455,0.6899999999995998,0.00016471318421608453,1,2.8099999999994907,0.24555160054954053,4,45,1,1.0,0.0,0.0,0.8660254037844386,0.5000000000000001
2025-12-09 05:00:00,4189.88,4193.92,4189.84,4193.85,2032,33,0,3.9700000000002547,0.06999999999970896,0.03999999999996362,4.0600000000004,0.0009690223137676113,1,4.079999999999927,0.9730392133014543,5,0,1,1.0,0.0,0.0,0.9659258262890683,0.25881904510252074
2025-12-09 05:15:00,4193.84,4197.94,4193.64,4197.92,2312,33,0,4.079999999999927,0.019999999999527063,0.1999999999998181,4.069999999999709,0.0009704686624461315,1,4.299999999999272,0.948837207095871,5,15,1,1.0,0.0,0.0,0.9659258262890683,0.25881904510252074
2025-12-09 05:30:00,4197.87,4198.75,4193.57,4194.08,1943,33,0,3.7899999999999636,0.8800000000001091,0.5100000000002183,-3.8400000000001455,-0.0009147387277509208,-1,5.180000000000291,0.7316602302477121,5,30,1,1.0,0.0,0.0,0.9659258262890683,0.25881904510252074
2025-12-09 05:45:00,4194.08,4196.1,4193.74,4194.4,1528,33,0,0.31999999999970896,1.7000000000007276,0.3400000000001455,0.31999999999970896,7.629802006630988e-05,1,2.360000000000582,0.13559321976427874,5,45,1,1.0,0.0,0.0,0.9659258262890683,0.25881904510252074
2025-12-09 06:00:00,4194.41,4195.39,4191.74,4194.99,1977,33,0,0.5799999999999272,0.4000000000005457,2.6700000000000728,0.5900000000001455,0.00014066374213240167,1,3.6500000000005457,0.1589041091536437,6,0,1,1.0,0.0,0.0,1.0,6.123233995736766e-17
2025-12-09 06:15:00,4194.99,4195.48,4192.72,4193.61,1930,33,0,1.3800000000001091,0.4899999999997817,0.8899999999994179,-1.3800000000001091,-0.00032896383543229164,-1,2.759999999999309,0.4999999981885706,6,15,1,1.0,0.0,0.0,1.0,6.123233995736766e-17
2025-12-09 06:30:00,4193.61,4195.58,4188.56,4189.11,1591,33,0,4.5,1.9700000000002547,0.5499999999992724,-4.5,-0.001073061157332227,-1,7.019999999999527,0.6410256401125423,6,30,1,1.0,0.0,0.0,1.0,6.123233995736766e-17
2025-12-09 06:45:00,4189.08,4190.0,4184.54,4186.82,2114,33,0,2.2600000000002183,0.9200000000000728,2.2799999999997453,-2.2899999999999636,-0.0005466554948425713,-1,5.460000000000036,0.413919413161357,6,45,1,1.0,0.0,0.0,1.0,6.123233995736766e-17
2025-12-09 07:00:00,4186.82,4187.29,4183.42,4186.23,2194,33,0,0.5900000000001455,0.47000000000025466,2.8099999999994907,-0.5900000000001455,-0.00014091840585459743,-1,3.869999999999891,0.152454779967859,7,0,1,1.0,0.0,0.0,0.9659258262890683,-0.25881904510252063
2025-12-09 07:15:00,4186.21,4186.86,4183.43,4185.29,2105,33,0,0.9200000000000728,0.6499999999996362,1.8599999999996726,-0.9399999999995998,-0.00022454571296837486,-1,3.4299999999993815,0.2682215735621058,7,15,1,1.0,0.0,0.0,0.9659258262890683,-0.25881904510252063
2025-12-09 07:30:00,4185.26,4185.64,4180.34,4181.87,3987,33,0,3.3900000000003274,0.38000000000010914,1.5299999999997453,-3.4200000000000728,-0.0008171476767440423,-1,5.300000000000182,0.6396226403026386,7,30,1,1.0,0.0,0.0,0.9659258262890683,-0.25881904510252063
2025-12-09 07:45:00,4181.91,4182.91,4178.05,4179.79,3380,33,0,2.119999999999891,1.0,1.7399999999997817,-2.0799999999999272,-0.0004973851410971472,-1,4.859999999999673,0.4362139908719946,7,45,1,1.0,0.0,0.0,0.9659258262890683,-0.25881904510252063
2025-12-09 08:00:00,4179.85,4179.89,4169.91,4174.58,3643,33,0,5.270000000000437,0.03999999999996362,4.670000000000073,-5.210000000000036,-0.0012464741051584018,-1,9.980000000000473,0.5280561116953533,8,0,1,0.0,1.0,0.0,0.8660254037844387,-0.4999999999999998
2025-12-09 08:15:00,4174.57,4178.59,4173.95,4178.49,3507,33,0,3.9200000000000728,0.1000000000003638,0.6199999999998909,3.9099999999998545,0.0009366211690756566,1,4.640000000000327,0.8448275843861035,8,15,1,0.0,1.0,0.0,0.8660254037844387,-0.4999999999999998
2025-12-09 08:30:00,4178.5,4183.95,4176.4,4180.93,2802,33,0,2.430000000000291,3.019999999999527,2.100000000000364,2.4400000000005093,0.0005839430033338621,1,7.550000000000182,0.3218543042094953,8,30,1,0.0,1.0,0.0,0.8660254037844387,-0.4999999999999998
2025-12-09 08:45:00,4180.96,4183.05,4180.24,4181.95,2625,33,0,0.9899999999997817,1.1000000000003638,0.7200000000002547,1.019999999999527,0.00024396485949287048,1,2.8100000000004,0.35231316600587514,8,45,1,0.0,1.0,0.0,0.8660254037844387,-0.4999999999999998
2025-12-09 09:00:00,4181.95,4185.67,4180.23,4182.63,2827,33,0,0.680000000000291,3.0399999999999636,1.7200000000002547,0.680000000000291,0.00016260357010492498,1,5.440000000000509,0.12499999977026238,9,0,1,0.0,1.0,0.0,0.7071067811865476,-0.7071067811865475
2025-12-09 09:15:00,4182.63,4183.16,4175.87,4178.43,3253,33,0,4.199999999999818,0.5299999999997453,2.5600000000004,-4.199999999999818,-0.0010041528894498958,-1,7.289999999999964,0.5761316864524721,9,15,1,0.0,1.0,0.0,0.7071067811865476,-0.7071067811865475
2025-12-09 09:30:00,4178.41,4181.28,4178.29,4179.57,2644,33,0,1.1599999999998545,1.7100000000000364,0.11999999999989086,1.139999999999418,0.00027282974705796626,1,2.9899999999997817,0.3879598649231908,9,30,1,0.0,1.0,0.0,0.7071067811865476,-0.7071067811865475
2025-12-09 09:45:00,4179.55,4183.56,4179.02,4182.32,2581,33,0,2.769999999999527,1.2400000000006912,0.5299999999997453,2.75,0.0006579624219716383,1,4.539999999999964,0.6101321572463057,9,45,1,0.0,1.0,0.0,0.7071067811865476,-0.7071067811865475
2025-12-09 10:00:00,4182.28,4188.4,4182.28,4188.16,2858,33,0,5.880000000000109,0.23999999999978172,0.0,5.8400000000001455,0.0013963541766292742,1,6.119999999999891,0.9607843121556162,10,0,1,0.0,1.0,0.0,0.49999999999999994,-0.8660254037844387
2025-12-09 10:15:00,4188.15,4189.16,4185.44,4186.15,2199,33,0,2.0,1.0100000000002183,0.7100000000000364,-2.0100000000002183,-0.0004799243581907612,-1,3.7200000000002547,0.53763440715686,10,15,1,0.0,1.0,0.0,0.49999999999999994,-0.8660254037844387
2025-12-09 10:30:00,4186.14,4190.85,4185.49,4190.79,2523,33,0,4.649999999999636,0.06000000000040018,0.6500000000005457,4.640000000000327,0.0011084170419120977,1,5.360000000000582,0.867537311814134,10,30,1,0.0,1.0,0.0,0.49999999999999994,-0.8660254037844387
2025-12-09 10:45:00,4190.83,4191.73,4188.6,4191.64,2033,33,0,0.8100000000004002,0.08999999999923602,2.2299999999995634,0.8500000000003638,0.00020282572021035743,1,3.1299999999991996,0.2587859416654147,10,45,1,0.0,1.0,0.0,0.49999999999999994,-0.8660254037844387
2025-12-09 11:00:00,4191.67,4205.6,4190.77,4203.49,4147,33,0,11.819999999999709,2.110000000000582,0.8999999999996362,11.849999999999454,0.0028270557586050934,1,14.829999999999927,0.7970330405953766,11,0,1,0.0,1.0,0.0,0.258819045102521,-0.9659258262890682
2025-12-09 11:15:00,4203.7,4212.7,4203.24,4207.18,3993,33,0,3.480000000000473,5.519999999999527,0.4600000000000364,3.6900000000005093,0.0008778419836851068,1,9.460000000000036,0.36786469305727404,11,15,1,0.0,1.0,0.0,0.258819045102521,-0.9659258262890682
2025-12-09 11:30:00,4207.18,4209.04,4201.62,4203.76,3059,33,0,3.4200000000000728,1.8599999999996726,2.1400000000003274,-3.4200000000000728,-0.0008128960491350673,-1,7.420000000000073,0.4609164414273416,11,30,1,0.0,1.0,0.0,0.258819045102521,-0.9659258262890682
2025-12-09 11:45:00,4203.75,4205.31,4200.55,4202.84,3086,33,0,0.9099999999998545,1.5600000000004002,2.2899999999999636,-0.9200000000000728,-0.00021885169467335735,-1,4.760000000000218,0.19117647018656472,11,45,1,0.0,1.0,0.0,0.258819045102521,-0.9659258262890682
2025-12-09 12:00:00,4202.99,4206.53,4201.7,4204.33,3158,33,0,1.3400000000001455,2.199999999999818,1.2899999999999636,1.4899999999997817,0.00035452218023997623,1,4.829999999999927,0.2774327116409604,12,0,1,0.0,1.0,0.0,1.2246467991473532e-16,-1.0
2025-12-09 12:15:00,4204.36,4208.29,4204.17,4204.47,2455,33,0,0.11000000000058208,3.819999999999709,0.18999999999959982,0.14000000000032742,3.3299003646318776e-05,1,4.119999999999891,0.026699029061552113,12,15,1,0.0,1.0,0.0,1.2246467991473532e-16,-1.0
2025-12-09 12:30:00,4204.44,4205.83,4201.2,4203.64,2341,33,0,0.7999999999992724,1.3900000000003274,2.4400000000005093,-0.8299999999999272,-0.00019740894809569987,-1,4.630000000000109,0.17278617673248203,12,30,1,0.0,1.0,0.0,1.2246467991473532e-16,-1.0
2025-12-09 12:45:00,4203.53,4205.06,4201.77,4203.83,1781,33,0,0.3000000000001819,1.230000000000473,1.7599999999993088,0.18999999999959982,4.519892283820684e-05,1,3.2899999999999636,0.0911854100572435,12,45,1,0.0,1.0,0.0,1.2246467991473532e-16,-1.0
2025-12-09 13:00:00,4203.85,4204.72,4201.97,4202.2,1568,33,0,1.6500000000005457,0.8699999999998909,0.22999999999956344,-1.6300000000001091,-0.0003877416546340145,-1,2.75,0.5999999978183803,13,0,1,0.0,1.0,0.0,-0.2588190451025208,-0.9659258262890683
2025-12-09 13:15:00,4202.39,4205.43,4201.08,4203.81,1952,33,0,1.4200000000000728,1.6199999999998909,1.3100000000004002,1.610000000000582,0.0003831326448052406,1,4.350000000000364,0.32643678085875544,13,15,1,0.0,1.0,0.0,-0.2588190451025208,-0.9659258262890683
2025-12-09 13:30:00,4203.82,4206.4,4203.0,4204.77,1427,33,0,0.9500000000007276,1.6299999999991996,0.819999999999709,0.9600000000000364,0.00022836426955548332,1,3.399999999999636,0.2794117638843269,13,30,1,0.0,1.0,0.0,-0.2588190451025208,-0.9659258262890683
2025-12-09 13:45:00,4204.77,4206.23,4202.4,4203.0,1348,33,0,1.7700000000004366,1.4599999999991269,0.6000000000003638,-1.7700000000004366,-0.00042095049194139903,-1,3.8299999999999272,0.46214099096059014,13,45,1,0.0,1.0,0.0,-0.2588190451025208,-0.9659258262890683
2025-12-09 14:00:00,4203.0,4205.12,4200.8,4201.59,1669,33,0,1.4099999999998545,2.119999999999891,0.7899999999999636,-1.4099999999998545,-0.00033547466095642506,-1,4.319999999999709,0.3263888881333474,14,0,1,0.0,1.0,0.0,-0.4999999999999997,-0.8660254037844388
2025-12-09 14:15:00,4201.57,4203.07,4198.43,4202.23,1878,33,0,0.6599999999998545,0.8400000000001455,3.139999999999418,0.6399999999994179,0.00015232328713639785,1,4.639999999999418,0.14224137900377662,14,15,1,0.0,1.0,0.0,-0.4999999999999997,-0.8660254037844388
2025-12-09 14:30:00,4202.23,4203.38,4201.12,4201.85,1463,33,0,0.37999999999919964,1.1500000000005457,0.7300000000004729,-0.37999999999919964,-9.042817741989365e-05,-1,2.2600000000002183,0.16814159217599425,14,30,1,0.0,1.0,0.0,-0.4999999999999997,-0.8660254037844388
2025-12-09 14:45:00,4201.79,4207.45,4201.41,4204.2,2051,33,0,2.4099999999998545,3.25,0.38000000000010914,2.3499999999994543,0.000559277461118187,1,6.039999999999964,0.3990066218559276,14,45,1,0.0,1.0,0.0,-0.4999999999999997,-0.8660254037844388
2025-12-09 15:00:00,4204.22,4208.19,4203.04,4205.08,3948,33,0,0.8599999999996726,3.1099999999996726,1.180000000000291,0.8800000000001091,0.0002093144950288067,1,5.149999999999636,0.16699029093783116,15,0,1,0.0,1.0,0.0,-0.7071067811865471,-0.7071067811865479
2025-12-09 15:15:00,4205.08,4207.31,4198.33,4201.91,3688,33,0,3.1700000000000728,2.230000000000473,3.5799999999999272,-3.1700000000000728,-0.0007538501051109783,-1,8.980000000000473,0.3530066811213629,15,15,1,0.0,1.0,0.0,-0.7071067811865471,-0.7071067811865479
2025-12-09 15:30:00,4201.91,4202.49,4195.59,4200.58,3725,33,0,1.3299999999999272,0.5799999999999272,4.989999999999782,-1.3299999999999272,-0.0003165227241896964,-1,6.899999999999636,0.19275362290905235,15,30,1,0.0,1.0,0.0,-0.7071067811865471,-0.7071067811865479
2025-12-09 15:45:00,4200.63,4203.23,4198.88,4201.26,3313,33,0,0.6300000000001091,1.9699999999993452,1.75,0.680000000000291,0.0001618824067153324,1,4.349999999999454,0.14482758587400282,15,45,1,0.0,1.0,0.0,-0.7071067811865471,-0.7071067811865479
2025-12-09 16:00:00,4201.24,4201.93,4189.57,4192.05,4156,33,0,9.1899999999996,0.6900000000005093,2.480000000000473,-9.210000000000036,-0.0021921994830122475,-1,12.360000000000582,0.743527507488988,16,0,1,0.0,0.0,1.0,-0.8660254037844384,-0.5000000000000004
2025-12-09 16:15:00,4192.06,4194.31,4189.43,4193.41,3314,33,0,1.3499999999994543,0.9000000000005457,2.630000000000109,1.3599999999996726,0.0003244236113595192,1,4.880000000000109,0.2766393436952932,16,15,1,0.0,0.0,1.0,-0.8660254037844384,-0.5000000000000004
2025-12-09 16:30:00,4193.41,4206.36,4192.62,4205.8,6133,33,0,12.390000000000327,0.5599999999994907,0.7899999999999636,12.390000000000327,0.002954635964525369,1,13.739999999999782,0.9017467242345747,16,30,1,0.0,0.0,1.0,-0.8660254037844384,-0.5000000000000004
2025-12-09 16:45:00,4205.81,4210.29,4202.13,4204.48,5258,33,0,1.3300000000008367,4.479999999999563,2.3499999999994543,-1.3200000000006185,-0.0003138522992060056,-1,8.159999999999854,0.1629901958787939,16,45,1,0.0,0.0,1.0,-0.8660254037844384,-0.5000000000000004
2025-12-09 17:00:00,4204.22,4204.64,4189.9,4195.21,5446,33,0,9.010000000000218,0.42000000000007276,5.3100000000004,-9.269999999999527,-0.0022047910799907547,-1,14.740000000000691,0.6112618720411924,17,0,1,0.0,0.0,1.0,-0.9659258262890683,-0.25881904510252063
2025-12-09 17:15:00,4195.21,4208.56,4194.99,4206.23,5126,33,0,11.019999999999527,2.3300000000008367,0.22000000000025466,11.019999999999527,0.0026268053327484268,1,13.570000000000618,0.812085482083874,17,15,1,0.0,0.0,1.0,-0.9659258262890683,-0.25881904510252063
2025-12-09 17:30:00,4206.33,4208.37,4202.57,4204.98,5253,33,0,1.3500000000003638,2.0399999999999636,2.4099999999998545,-1.25,-0.000297178233239742,-1,5.800000000000182,0.23275862028840263,17,30,1,0.0,0.0,1.0,-0.9659258262890683,-0.25881904510252063
2025-12-09 17:45:00,4205.03,4216.23,4198.64,4212.49,5333,33,0,7.460000000000036,3.7399999999997817,6.389999999999418,7.510000000000218,0.0017859775789659449,1,17.589999999999236,0.4241046046480565,17,45,1,0.0,0.0,1.0,-0.9659258262890683,-0.25881904510252063
2025-12-09 18:00:00,4212.58,4220.31,4210.05,4218.47,5712,33,0,5.890000000000327,1.8400000000001455,2.5299999999997453,5.980000000000473,0.0014195879396747466,1,10.260000000000218,0.5740740735145673,18,0,1,0.0,0.0,1.0,-1.0,-1.8369701987210297e-16
2025-12-09 18:15:00,4218.49,4219.81,4210.15,4213.54,4854,33,0,4.949999999999818,1.3200000000006185,3.3900000000003274,-4.930000000000291,-0.0011686701576638665,-1,9.660000000000764,0.5124223597179298,18,15,1,0.0,0.0,1.0,-1.0,-1.8369701987210297e-16
2025-12-09 18:30:00,4213.54,4220.42,4213.46,4219.08,4066,33,0,5.539999999999964,1.3400000000001455,0.07999999999992724,5.539999999999964,0.0013148089255115565,1,6.960000000000036,0.7959770103505983,18,30,1,0.0,0.0,1.0,-1.0,-1.8369701987210297e-16
2025-12-09 18:45:00,4219.09,4221.25,4211.57,4212.2,4600,33,0,6.890000000000327,2.1599999999998545,0.6300000000001091,-6.880000000000109,-0.0016306872588337054,-1,9.680000000000291,0.7117768587688379,18,45,1,0.0,0.0,1.0,-1.0,-1.8369701987210297e-16
2025-12-09 19:00:00,4212.19,4216.17,4209.84,4211.47,3954,33,0,0.7199999999993452,3.980000000000473,1.6300000000001091,-0.7299999999995634,-0.00017330611082084504,-1,6.329999999999927,0.11374407564959126,19,0,1,0.0,0.0,1.0,-0.9659258262890684,0.2588190451025203
2025-12-09 19:15:00,4211.5,4211.54,4204.95,4207.64,4450,33,0,3.8599999999996726,0.03999999999996362,2.6900000000005093,-3.8299999999999272,-0.0009094211759789164,-1,6.5900000000001455,0.5857359626922956,19,15,1,0.0,0.0,1.0,-0.9659258262890684,0.2588190451025203
2025-12-09 19:30:00,4207.65,4209.01,4204.22,4207.02,4096,33,0,0.6299999999991996,1.360000000000582,2.800000000000182,-0.6199999999998909,-0.0001473510091167236,-1,4.789999999999964,0.13152400807598422,19,30,1,0.0,0.0,1.0,-0.9659258262890684,0.2588190451025203
2025-12-09 19:45:00,4207.14,4208.66,4201.48,4202.93,3067,33,0,4.210000000000036,1.519999999999527,1.4500000000007276,-4.0900000000001455,-0.0009721845867146211,-1,7.180000000000291,0.5863509741136986,19,45,1,0.0,0.0,1.0,-0.9659258262890684,0.2588190451025203
2025-12-09 20:00:00,4202.93,4206.29,4201.15,4206.19,3226,33,0,3.259999999999309,0.1000000000003638,1.7800000000006548,3.259999999999309,0.0007756493684166304,1,5.140000000000327,0.6342412439020795,20,0,1,0.0,0.0,1.0,-0.8660254037844386,0.5000000000000001
2025-12-09 20:15:00,4206.19,4208.06,4204.99,4207.14,2892,33,0,0.9500000000007276,0.9200000000000728,1.199999999999818,0.9500000000007276,0.00022585760510122644,1,3.0700000000006185,0.30944625306386764,20,15,1,0.0,0.0,1.0,-0.8660254037844386,0.5000000000000001
2025-12-09 20:30:00,4207.15,4208.61,4203.96,4205.55,2369,33,0,1.5999999999994543,1.4600000000000364,1.5900000000001455,-1.5900000000001455,-0.00037792894935755533,-1,4.649999999999636,0.34408602076531597,20,30,1,0.0,0.0,1.0,-0.8660254037844386,0.5000000000000001
2025-12-09 20:45:00,4205.53,4209.62,4204.6,4208.92,2164,33,0,3.3900000000003274,0.6999999999998181,0.9299999999993815,3.369999999999891,0.0008013220625126061,1,5.019999999999527,0.6752988034357886,20,45,1,0.0,0.0,1.0,-0.8660254037844386,0.5000000000000001
2025-12-09 21:00:00,4208.92,4212.29,4208.44,4210.87,2542,33,0,1.949999999999818,1.4200000000000728,0.48000000000047294,1.949999999999818,0.00046330174961743583,1,3.850000000000364,0.5064935051778439,21,0,1,0.0,0.0,1.0,-0.7071067811865477,0.7071067811865474
2025-12-09 21:15:00,4210.87,4211.26,4207.58,4208.2,2256,33,0,2.6700000000000728,0.3900000000003274,0.6199999999998909,-2.6700000000000728,-0.0006340732437714945,-1,3.680000000000291,0.7255434762892464,21,15,1,0.0,0.0,1.0,-0.7071067811865477,0.7071067811865474
2025-12-09 21:30:00,4208.32,4210.14,4207.32,4209.15,1862,33,0,0.8299999999999272,0.9900000000006912,1.0,0.9499999999998181,0.0002257497267239718,1,2.8200000000006185,0.2943262400909514,21,30,1,0.0,0.0,1.0,-0.7071067811865477,0.7071067811865474
2025-12-09 21:45:00,4209.15,4214.31,4207.06,4212.44,2472,33,0,3.2899999999999636,1.8700000000008004,2.089999999999236,3.2899999999999636,0.0007816304954681976,1,7.25,0.4537931028223493,21,45,1,0.0,0.0,1.0,-0.7071067811865477,0.7071067811865474
2025-12-09 22:00:00,4212.4,4215.94,4211.96,4214.5,2048,36,0,2.100000000000364,1.4399999999995998,0.4399999999995998,2.0600000000004,0.0004890277368936769,1,3.9799999999995634,0.5276381896291991,22,0,1,0.0,0.0,1.0,-0.5000000000000004,0.8660254037844384
2025-12-09 22:15:00,4214.55,4214.61,4208.92,4210.65,2105,34,0,3.9000000000005457,0.05999999999949068,1.7299999999995634,-3.850000000000364,-0.0009135128722269222,-1,5.6899999999996,0.6854130040679596,22,15,1,0.0,0.0,1.0,-0.5000000000000004,0.8660254037844384
2025-12-09 22:30:00,4210.65,4211.9,4209.23,4210.19,2810,34,0,0.4600000000000364,1.25,0.9600000000000364,-0.4600000000000364,-0.00010924679087552668,-1,2.6700000000000728,0.17228464354950465,22,30,1,0.0,0.0,1.0,-0.5000000000000004,0.8660254037844384
2025-12-09 22:45:00,4210.19,4213.67,4210.19,4211.95,4860,34,0,1.7600000000002183,1.7200000000002547,0.0,1.7600000000002183,0.00041803339041711146,1,3.480000000000473,0.5057471249834793,22,45,1,0.0,0.0,1.0,-0.5000000000000004,0.8660254037844384
2025-12-09 23:00:00,4212.0,4212.82,4210.84,4211.19,3526,34,0,0.8100000000004002,0.819999999999709,0.3499999999994543,-0.7600000000002183,-0.00018043898906687362,-1,1.9799999999995634,0.4090909070250857,23,0,1,0.0,0.0,1.0,-0.25881904510252157,0.9659258262890681
2025-12-09 23:15:00,4211.16,4211.82,4208.81,4210.04,1162,34,0,1.1199999999998909,0.6599999999998545,1.2299999999995634,-1.1499999999996362,-0.00027308195545668474,-1,3.009999999999309,0.3720930220196737,23,15,1,0.0,0.0,1.0,-0.25881904510252157,0.9659258262890681
2025-12-09 23:30:00,4210.02,4210.33,4208.33,4208.65,854,37,0,1.3700000000008004,0.3099999999994907,0.31999999999970896,-1.3900000000003274,-0.00033016313384203654,-1,2.0,0.6849999965754002,23,30,1,0.0,0.0,1.0,-0.25881904510252157,0.9659258262890681
2025-12-09 23:45:00,4208.64,4209.79,4207.12,4208.41,859,42,0,0.23000000000047294,1.1499999999996362,1.2899999999999636,-0.23999999999978172,-5.7025411949148e-05,-1,2.6700000000000728,0.08614232177492265,23,45,1,0.0,0.0,1.0,-0.25881904510252157,0.9659258262890681
2025-12-10 01:00:00,4207.61,4210.75,4207.21,4208.34,716,35,0,0.7300000000004729,2.4099999999998545,0.3999999999996362,-0.06999999999970896,-1.6633360342673114e-05,1,3.5399999999999636,0.20621468868314508,1,0,2,1.0,0.0,0.0,0.25881904510252074,0.9659258262890683
2025-12-10 01:15:00,4208.34,4210.8,4207.76,4210.43,793,36,0,2.0900000000001455,0.36999999999989086,0.5799999999999272,2.0900000000001455,0.0004966328766212202,1,3.0399999999999636,0.687499997738543,1,15,2,1.0,0.0,0.0,0.25881904510252074,0.9659258262890683
2025-12-10 01:30:00,4210.43,4211.59,4209.35,4211.46,548,36,0,1.0299999999997453,0.13000000000010914,1.0799999999999272,1.0299999999997453,0.0002446305959248213,1,2.2399999999997817,0.4598214265185855,1,30,2,1.0,0.0,0.0,0.25881904510252074,0.9659258262890683
2025-12-10 01:45:00,4211.39,4212.82,4209.76,4210.76,945,36,0,0.6300000000001091,1.4299999999993815,1.0,-0.6999999999998181,-0.00016621314223566605,-1,3.0599999999994907,0.20588235226842827,1,45,2,1.0,0.0,0.0,0.25881904510252074,0.9659258262890683
2025-12-10 02:00:00,4210.73,4212.53,4207.45,4209.06,1268,33,0,1.6699999999991633,1.800000000000182,1.610000000000582,-1.699999999999818,-0.0004037275931185387,-1,5.079999999999927,0.32874015683302865,2,0,2,1.0,0.0,0.0,0.49999999999999994,0.8660254037844387
2025-12-10 02:15:00,4209.06,4209.73,4207.05,4208.93,1043,33,0,0.13000000000010914,0.6699999999991633,1.8800000000001091,-0.13000000000010914,-3.0885755964540566e-05,-1,2.6799999999993815,0.04850746250562109,2,15,2,1.0,0.0,0.0,0.49999999999999994,0.8660254037844387
2025-12-10 02:30:00,4208.93,4209.5,4206.97,4207.48,940,33,0,1.4500000000007276,0.569999999999709,0.5099999999993088,-1.4500000000007276,-0.0003445056106898256,-1,2.5299999999997453,0.5731225273793076,2,30,2,1.0,0.0,0.0,0.49999999999999994,0.8660254037844387
2025-12-10 02:45:00,4207.48,4209.5,4207.39,4208.34,1384,33,0,0.8600000000005821,1.1599999999998545,0.08999999999923602,0.8600000000005821,0.00020439788186766953,1,2.1099999999996726,0.40758293645729204,2,45,2,1.0,0.0,0.0,0.49999999999999994,0.8660254037844387
2025-12-10 03:00:00,4208.24,4215.17,4206.85,4214.77,3618,33,0,6.530000000000655,0.3999999999996362,1.389999999999418,6.430000000000291,0.00152791837161453,1,8.319999999999709,0.784855768287539,3,0,2,1.0,0.0,0.0,0.7071067811865476,0.7071067811865476
2025-12-10 03:15:00,4214.74,4217.93,4212.63,4216.69,2927,33,0,1.949999999999818,1.2400000000006912,2.1099999999996726,1.9199999999991633,0.0004555408717436926,1,5.300000000000182,0.3679245276076426,3,15,2,1.0,0.0,0.0,0.7071067811865476,0.7071067811865476
2025-12-10 03:30:00,4216.69,4217.79,4211.71,4212.46,2570,33,0,4.229999999999563,1.1000000000003638,0.75,-4.229999999999563,-0.001003156504272205,-1,6.079999999999927,0.6957236830661805,3,30,2,1.0,0.0,0.0,0.7071067811865476,0.7071067811865476
2025-12-10 03:45:00,4212.5,4216.5,4212.13,4213.76,2572,33,0,1.2600000000002183,2.7399999999997817,0.36999999999989086,1.300000000000182,0.00030860827165128733,1,4.369999999999891,0.2883295187910651,3,45,2,1.0,0.0,0.0,0.7071067811865476,0.7071067811865476
2025-12-10 04:00:00,4213.76,4217.63,4212.95,4214.99,2088,33,0,1.2299999999995634,2.6400000000003274,0.8100000000004002,1.2299999999995634,0.00029190082017000574,1,4.680000000000291,0.2628205122588209,4,0,2,1.0,0.0,0.0,0.8660254037844386,0.5000000000000001
2025-12-10 04:15:00,4214.99,4214.99,4211.51,4213.37,1736,33,0,1.6199999999998909,0.0,1.8599999999996726,-1.6199999999998909,-0.0003843425488553688,-1,3.4799999999995634,0.4655172400416442,4,15,2,1.0,0.0,0.0,0.8660254037844386,0.5000000000000001
2025-12-10 04:30:00,4213.42,4218.72,4213.07,4217.56,2572,33,0,4.140000000000327,1.1599999999998545,0.3500000000003638,4.190000000000509,0.0009944533710546449,1,5.650000000000546,0.7327433615349547,4,30,2,1.0,0.0,0.0,0.8660254037844386,0.5000000000000001
2025-12-10 04:45:00,4217.55,4217.77,4215.44,4216.96,1278,33,0,0.5900000000001455,0.22000000000025466,1.5200000000004366,-0.6000000000003638,-0.00014226235074316993,-1,2.3300000000008367,0.25321888303336687,4,45,2,1.0,0.0,0.0,0.8660254037844386,0.5000000000000001
2025-12-10 05:00:00,4216.9,4217.1,4209.93,4209.93,1939,33,0,6.969999999999345,0.2000000000007276,0.0,-7.029999999999745,-0.0016670777052662925,-1,7.170000000000073,0.9721059958547021,5,0,2,1.0,0.0,0.0,0.9659258262890683,0.25881904510252074
2025-12-10 05:15:00,4209.83,4210.93,4207.84,4208.18,1994,33,0,1.6499999999996362,1.1000000000003638,0.3400000000001455,-1.75,-0.0004156838712282627,-1,3.0900000000001455,0.5339805807960365,5,15,2,1.0,0.0,0.0,0.9659258262890683,0.25881904510252074
2025-12-10 05:30:00,4207.85,4210.02,4206.39,4206.98,1621,33,0,0.8700000000008004,2.1700000000000728,0.589999999999236,-1.2000000000007276,-0.0002851589047998725,-1,3.630000000000109,0.23966942082757026,5,30,2,1.0,0.0,0.0,0.9659258262890683,0.25881904510252074
2025-12-10 05:45:00,4207.04,4208.43,4203.48,4206.27,1683,33,0,0.7699999999995271,1.3900000000003274,2.790000000000873,-0.7099999999991269,-0.00016876714412693357,-1,4.950000000000728,0.1555555552411835,5,45,2,1.0,0.0,0.0,0.9659258262890683,0.25881904510252074
2025-12-10 06:00:00,4206.25,4208.21,4205.66,4208.21,826,33,0,1.9600000000000364,0.0,0.5900000000001455,1.9399999999995998,0.00046121623195838585,1,2.550000000000182,0.7686274479661264,6,0,2,1.0,0.0,0.0,1.0,6.123233995736766e-17
2025-12-10 06:15:00,4208.32,4209.03,4205.53,4206.68,1240,33,0,1.639999999999418,0.7100000000000364,1.1500000000005457,-1.5299999999997453,-0.0003635750117032528,-1,3.5,0.4685714272324868,6,15,2,1.0,0.0,0.0,1.0,6.123233995736766e-17
2025-12-10 06:30:00,4206.67,4209.52,4205.42,4207.67,1516,33,0,1.0,1.8500000000003638,1.25,0.9899999999997817,0.0002353399830744867,1,4.100000000000364,0.2439024384294846,6,30,2,1.0,0.0,0.0,1.0,6.123233995736766e-17
2025-12-10 06:45:00,4207.72,4207.76,4205.38,4206.93,704,33,0,0.7899999999999636,0.03999999999996362,1.550000000000182,-0.7399999999997817,-0.00017586930533995814,-1,2.380000000000109,0.33193277171453767,6,45,2,1.0,0.0,0.0,1.0,6.123233995736766e-17
2025-12-10 07:00:00,4206.91,4207.15,4203.14,4203.5,1426,33,0,3.4099999999998545,0.23999999999978172,0.3599999999996726,-3.430000000000291,-0.0008153213863792102,-1,4.009999999999309,0.8503740627173819,7,0,2,1.0,0.0,0.0,0.9659258262890683,-0.25881904510252063
2025-12-10 07:15:00,4203.54,4205.51,4201.72,4205.51,1631,33,0,1.9700000000002547,0.0,1.819999999999709,2.0100000000002183,0.00047817295111222036,1,3.7899999999999636,0.5197889168344022,7,15,2,1.0,0.0,0.0,0.9659258262890683,-0.25881904510252063
2025-12-10 07:30:00,4205.51,4212.0,4204.92,4211.9,2378,33,0,6.389999999999418,0.1000000000003638,0.5900000000001455,6.389999999999418,0.001519435217131672,1,7.079999999999927,0.9025423716065056,7,30,2,1.0,0.0,0.0,0.9659258262890683,-0.25881904510252063
2025-12-10 07:45:00,4211.99,4214.36,4210.0,4211.26,2163,33,0,0.7299999999995634,2.369999999999891,1.2600000000002183,-0.6399999999994179,-0.0001519504261733227,-1,4.359999999999673,0.1674311922764464,7,45,2,1.0,0.0,0.0,0.9659258262890683,-0.25881904510252063
2025-12-10 08:00:00,4211.22,4211.64,4209.02,4209.51,2472,33,0,1.7100000000000364,0.42000000000007276,0.4899999999997817,-1.75,-0.0004155525899611992,-1,2.619999999999891,0.6526717532341184,8,0,2,0.0,1.0,0.0,0.8660254037844387,-0.4999999999999998
2025-12-10 08:15:00,4209.52,4210.18,4204.37,4207.33,2430,33,0,2.1900000000005093,0.6599999999998545,2.9600000000000364,-2.180000000000291,-0.0005178750020786958,-1,5.8100000000004,0.3769363160466429,8,15,2,0.0,1.0,0.0,0.8660254037844387,-0.4999999999999998
2025-12-10 08:30:00,4207.39,4207.47,4203.05,4206.21,2812,33,0,1.180000000000291,0.07999999999992724,3.1599999999998545,-1.1199999999998909,-0.0002662020806544509,-1,4.420000000000073,0.2669683251879159,8,30,2,0.0,1.0,0.0,0.8660254037844387,-0.4999999999999998
2025-12-10 08:45:00,4206.25,4207.58,4205.07,4207.31,2036,33,0,1.0600000000004002,0.26999999999952706,1.180000000000291,1.1000000000003638,0.00026151808873079655,1,2.5100000000002183,0.4223107552897213,8,45,2,0.0,1.0,0.0,0.8660254037844387,-0.4999999999999998
2025-12-10 09:00:00,4207.28,4209.14,4204.52,4205.84,1610,33,0,1.4399999999995998,1.860000000000582,1.319999999999709,-1.4700000000002547,-0.00034939189173135673,-1,4.619999999999891,0.3116883110135824,9,0,2,0.0,1.0,0.0,0.7071067811865476,-0.7071067811865475
2025-12-10 09:15:00,4205.84,4208.83,4205.36,4207.23,1425,33,0,1.389999999999418,1.6000000000003638,0.48000000000047294,1.389999999999418,0.00033049283852914466,1,3.4700000000002547,0.4005763677214848,9,15,2,0.0,1.0,0.0,0.7071067811865476,-0.7071067811865475
2025-12-10 09:30:00,4207.23,4208.19,4206.3,4206.75,1203,33,0,0.47999999999956344,0.9600000000000364,0.4499999999998181,-0.47999999999956344,-0.00011408931767447073,-1,1.889999999999418,0.25396825262435385,9,30,2,0.0,1.0,0.0,0.7071067811865476,-0.7071067811865475
2025-12-10 09:45:00,4206.75,4206.98,4203.09,4203.2,1810,33,0,3.550000000000182,0.22999999999956344,0.10999999999967258,-3.550000000000182,-0.0008438818565401277,-1,3.889999999999418,0.9125963986824548,9,45,2,0.0,1.0,0.0,0.7071067811865476,-0.7071067811865475
2025-12-10 10:00:00,4203.2,4205.88,4200.13,4202.37,2178,33,0,0.8299999999999272,2.680000000000291,2.2399999999997817,-0.8299999999999272,-0.000197468595355902,-1,5.75,0.14434782583590416,10,0,2,0.0,1.0,0.0,0.49999999999999994,-0.8660254037844387
2025-12-10 10:15:00,4202.37,4206.43,4202.04,4203.82,1683,33,0,1.449999999999818,2.610000000000582,0.32999999999992724,1.449999999999818,0.0003450433921810355,1,4.390000000000327,0.3302961268101933,10,15,2,0.0,1.0,0.0,0.49999999999999994,-0.8660254037844387
2025-12-10 10:30:00,4203.82,4203.92,4198.71,4199.64,2432,33,0,4.1799999999993815,0.1000000000003638,0.930000000000291,-4.1799999999993815,-0.0009943337250404112,-1,5.210000000000036,0.8023032614158003,10,30,2,0.0,1.0,0.0,0.49999999999999994,-0.8660254037844387
2025-12-10 10:45:00,4199.69,4201.84,4196.96,4197.86,2619,33,0,1.8299999999999272,2.1500000000005457,0.8999999999996362,-1.7800000000006548,-0.0004238458534542615,-1,4.880000000000109,0.3749999992315341,10,45,2,0.0,1.0,0.0,0.49999999999999994,-0.8660254037844387
2025-12-10 11:00:00,4197.84,4200.43,4194.44,4197.75,3015,33,0,0.09000000000014552,2.5900000000001455,3.3100000000004,-0.10999999999967258,-2.6203827664493954e-05,-1,5.990000000000691,0.015025041711166063,11,0,2,0.0,1.0,0.0,0.258819045102521,-0.9659258262890682
2025-12-10 11:15:00,4197.88,4198.73,4195.19,4197.77,2150,33,0,0.10999999999967258,0.8499999999994543,2.5800000000008367,0.020000000000436557,4.764457149767509e-06,-1,3.5399999999999636,0.031073446239813347,11,15,2,0.0,1.0,0.0,0.258819045102521,-0.9659258262890682
2025-12-10 11:30:00,4197.78,4198.33,4193.98,4194.87,1974,33,0,2.9099999999998545,0.5500000000001819,0.8900000000003274,-2.9000000000005457,-0.0006908429952094911,-1,4.350000000000364,0.6689655157034382,11,30,2,0.0,1.0,0.0,0.258819045102521,-0.9659258262890682
2025-12-10 11:45:00,4194.87,4195.57,4192.51,4194.14,2034,33,0,0.7299999999995634,0.6999999999998181,1.6300000000001091,-0.7299999999995634,-0.0001740220793491964,-1,3.0599999999994907,0.23856209072355034,11,45,2,0.0,1.0,0.0,0.258819045102521,-0.9659258262890682
2025-12-10 12:00:00,4194.14,4196.25,4191.47,4195.72,2775,33,0,1.5799999999999272,0.5299999999997453,2.6700000000000728,1.5799999999999272,0.00037671608482309297,1,4.779999999999745,0.3305439323628812,12,0,2,0.0,1.0,0.0,1.2246467991473532e-16,-1.0
2025-12-10 12:15:00,4195.56,4195.84,4191.6,4191.85,2456,33,0,3.7100000000000364,0.27999999999974534,0.25,-3.869999999999891,-0.0009223685088613851,-1,4.239999999999782,0.8749999979363744,12,15,2,0.0,1.0,0.0,1.2246467991473532e-16,-1.0
2025-12-10 12:30:00,4191.85,4194.5,4187.63,4193.99,2190,33,0,2.139999999999418,0.5100000000002183,4.220000000000255,2.139999999999418,0.0005105144506600708,1,6.869999999999891,0.3114992717444628,12,30,2,0.0,1.0,0.0,1.2246467991473532e-16,-1.0
2025-12-10 12:45:00,4193.99,4194.1,4190.93,4193.16,1581,33,0,0.8299999999999272,0.11000000000058208,2.2299999999995634,-0.8299999999999272,-0.0001979022362952528,-1,3.1700000000000728,0.2618296521708554,12,45,2,0.0,1.0,0.0,1.2246467991473532e-16,-1.0
2025-12-10 13:00:00,4193.21,4195.19,4192.5,4195.08,1529,33,0,1.8699999999998909,0.10999999999967258,0.7100000000000364,1.9200000000000728,0.0004578885613713936,1,2.6899999999996,0.695167283661151,13,0,2,0.0,1.0,0.0,-0.2588190451025208,-0.9659258262890683
2025-12-10 13:15:00,4195.08,4196.14,4193.84,4194.45,1946,33,0,0.6300000000001091,1.0600000000004002,0.6099999999996726,-0.6300000000001091,-0.00015017592036388082,-1,2.300000000000182,0.2739130422873604,13,15,2,0.0,1.0,0.0,-0.2588190451025208,-0.9659258262890683
2025-12-10 13:30:00,4194.46,4196.73,4193.46,4194.94,1554,33,0,0.47999999999956344,1.7899999999999636,1.0,0.4899999999997817,0.00011682103732307734,1,3.269999999999527,0.1467889903766798,13,30,2,0.0,1.0,0.0,-0.2588190451025208,-0.9659258262890683
2025-12-10 13:45:00,4194.94,4197.66,4194.34,4197.15,1453,33,0,2.2100000000000364,0.5100000000002183,0.5999999999994543,2.2100000000000364,0.0005268251750919051,1,3.319999999999709,0.6656626485974709,13,45,2,0.0,1.0,0.0,-0.2588190451025208,-0.9659258262890683
2025-12-10 14:00:00,4197.2,4201.66,4197.1,4200.98,2104,33,0,3.7799999999997453,0.680000000000291,0.0999999999994543,3.8299999999999272,0.0009125239746017959,1,4.559999999999491,0.8289473666032223,14,0,2,0.0,1.0,0.0,-0.4999999999999997,-0.8660254037844388
2025-12-10 14:15:00,4200.99,4202.08,4197.25,4197.56,1540,33,0,3.4299999999993815,1.0900000000001455,0.3100000000004002,-3.4199999999991633,-0.0008140957586085064,-1,4.829999999999927,0.7101449260658352,14,15,2,0.0,1.0,0.0,-0.4999999999999997,-0.8660254037844388
2025-12-10 14:30:00,4197.55,4199.05,4196.6,4198.26,1380,33,0,0.7100000000000364,0.7899999999999636,0.9499999999998181,0.6999999999998181,0.00016676354834709164,1,2.449999999999818,0.28979591718454284,14,30,2,0.0,1.0,0.0,-0.4999999999999997,-0.8660254037844388
2025-12-10 14:45:00,4198.26,4198.28,4195.24,4196.21,1831,33,0,2.050000000000182,0.019999999999527063,0.9700000000002547,-2.050000000000182,-0.0004882975327874362,-1,3.0399999999999636,0.6743421030449952,14,45,2,0.0,1.0,0.0,-0.4999999999999997,-0.8660254037844388
2025-12-10 15:00:00,4196.21,4200.17,4193.46,4195.95,3822,33,0,0.2600000000002183,3.9600000000000364,2.4899999999997817,-0.2600000000002183,-6.196067403686142e-05,-1,6.710000000000036,0.03874813705107832,15,0,2,0.0,1.0,0.0,-0.7071067811865471,-0.7071067811865479
2025-12-10 15:15:00,4195.9,4199.69,4192.97,4198.04,3047,33,0,2.1400000000003274,1.6499999999996362,2.9299999999993815,2.0900000000001455,0.0004980993577140208,1,6.719999999999345,0.3184523804785732,15,15,2,0.0,1.0,0.0,-0.7071067811865471,-0.7071067811865479
2025-12-10 15:30:00,4198.05,4202.47,4195.91,4202.47,3183,33,0,4.420000000000073,0.0,2.1400000000003274,4.430000000000291,0.0010552543567951451,1,6.5600000000004,0.6737804867777436,15,30,2,0.0,1.0,0.0,-0.7071067811865471,-0.7071067811865479
2025-12-10 15:45:00,4202.47,4204.98,4200.11,4200.65,3536,33,0,1.8200000000006185,2.509999999999309,0.5399999999999636,-1.8200000000006185,-0.0004330786418464899,-1,4.869999999999891,0.37371663167628194,15,45,2,0.0,1.0,0.0,-0.7071067811865471,-0.7071067811865479
2025-12-10 16:00:00,4200.65,4206.91,4198.99,4205.05,3526,33,0,4.400000000000546,1.8599999999996726,1.6599999999998545,4.400000000000546,0.0010474569411878033,1,7.920000000000073,0.5555555548541603,16,0,2,0.0,0.0,1.0,-0.8660254037844384,-0.5000000000000004
2025-12-10 16:15:00,4205.03,4206.03,4194.8,4196.56,3177,33,0,8.469999999999345,1.0,1.7600000000002183,-8.489999999999782,-0.002019000963127616,-1,11.229999999999563,0.754229741091485,16,15,2,0.0,0.0,1.0,-0.8660254037844384,-0.5000000000000004
2025-12-10 16:30:00,4196.58,4199.64,4191.41,4197.59,5247,33,0,1.0100000000002183,2.050000000000182,5.170000000000073,1.0299999999997453,0.0002454391215661745,1,8.230000000000473,0.12272174954713762,16,30,2,0.0,0.0,1.0,-0.8660254037844384,-0.5000000000000004
2025-12-10 16:45:00,4197.59,4202.0,4192.03,4192.44,4208,33,0,5.150000000000546,4.4099999999998545,0.4099999999998545,-5.150000000000546,-0.001226894479927898,-1,9.970000000000255,0.516549648428778,16,45,2,0.0,0.0,1.0,-0.8660254037844384,-0.5000000000000004
2025-12-10 17:00:00,4192.51,4201.14,4191.95,4194.53,4105,33,0,2.019999999999527,6.610000000000582,0.5600000000004002,2.0900000000001455,0.0004985163770978584,1,9.19000000000051,0.21980413469002977,17,0,2,0.0,0.0,1.0,-0.9659258262890683,-0.25881904510252063
2025-12-10 17:15:00,4194.5,4197.04,4188.79,4196.42,4510,33,0,1.9200000000000728,0.6199999999998909,5.710000000000036,1.8900000000003274,0.0004505868357123033,1,8.25,0.23272727244518787,17,15,2,0.0,0.0,1.0,-0.9659258262890683,-0.25881904510252063
2025-12-10 17:30:00,4196.42,4199.27,4193.11,4193.77,3480,33,0,2.649999999999636,2.850000000000364,0.660000000000764,-2.649999999999636,-0.0006314906515552867,-1,6.160000000000764,0.4301948044963246,17,30,2,0.0,0.0,1.0,-0.9659258262890683,-0.25881904510252063
2025-12-10 17:45:00,4193.78,4194.73,4190.13,4193.61,3466,33,0,0.17000000000007276,0.9499999999998181,3.4799999999995634,-0.16000000000076398,-3.8151829976551877e-05,-1,4.599999999999454,0.03695652165881037,17,45,2,0.0,0.0,1.0,-0.9659258262890683,-0.25881904510252063
2025-12-10 18:00:00,4193.61,4195.46,4192.94,4194.24,3189,33,0,0.6300000000001091,1.2200000000002547,0.6700000000000728,0.6300000000001091,0.0001502285620265378,1,2.5200000000004366,0.2499999990079365,18,0,2,0.0,0.0,1.0,-1.0,-1.8369701987210297e-16
2025-12-10 18:15:00,4194.23,4200.98,4193.38,4200.55,3645,33,0,6.3200000000006185,0.42999999999938154,0.8499999999994543,6.3100000000004,0.0015044441901275083,1,7.599999999999454,0.8315789462743793,18,15,2,0.0,0.0,1.0,-1.0,-1.8369701987210297e-16
2025-12-10 18:30:00,4200.57,4203.0,4199.1,4202.39,3087,33,0,1.8200000000006185,0.6099999999996726,1.4699999999993452,1.8400000000001455,0.0004380378759924642,1,3.899999999999636,0.46666666547028757,18,30,2,0.0,0.0,1.0,-1.0,-1.8369701987210297e-16
2025-12-10 18:45:00,4202.44,4204.96,4201.64,4204.66,2864,33,0,2.2200000000002547,0.3000000000001819,0.7999999999992724,2.269999999999527,0.0005401688087016024,1,3.319999999999709,0.6686746967812357,18,45,2,0.0,0.0,1.0,-1.0,-1.8369701987210297e-16
2025-12-10 19:00:00,4204.66,4204.69,4198.96,4199.96,2630,33,0,4.699999999999818,0.02999999999974534,1.0,-4.699999999999818,-0.0011178073851393021,-1,5.729999999999563,0.820244326666271,19,0,2,0.0,0.0,1.0,-0.9659258262890684,0.2588190451025203
2025-12-10 19:15:00,4199.95,4203.42,4199.79,4200.56,2114,33,0,0.6100000000005821,2.8599999999996726,0.15999999999985448,0.6000000000003638,0.00014285850341440485,1,3.630000000000109,0.1680440766722102,19,15,2,0.0,0.0,1.0,-0.9659258262890684,0.2588190451025203
2025-12-10 19:30:00,4200.56,4201.6,4198.47,4199.16,2409,33,0,1.4000000000005457,1.0399999999999636,0.6899999999995998,-1.4000000000005457,-0.0003332888948141547,-1,3.130000000000109,0.4472843436190586,19,30,2,0.0,0.0,1.0,-0.9659258262890684,0.2588190451025203
2025-12-10 19:45:00,4199.16,4201.69,4196.87,4199.68,2228,33,0,0.5200000000004366,2.009999999999309,2.2899999999999636,0.5200000000004366,0.0001238342906677613,1,4.819999999999709,0.10788381720365764,19,45,2,0.0,0.0,1.0,-0.9659258262890684,0.2588190451025203
2025-12-10 20:00:00,4199.73,4200.73,4198.71,4199.05,1675,33,0,0.6799999999993815,1.0,0.3400000000001455,-0.6300000000001091,-0.0001500114294422692,-1,2.019999999999527,0.336633661699606,20,0,2,0.0,0.0,1.0,-0.8660254037844386,0.5000000000000001
2025-12-10 20:15:00,4198.79,4199.5,4193.33,4196.49,2380,33,0,2.300000000000182,0.7100000000000364,3.1599999999998545,-2.5600000000004,-0.000609661709196223,-1,6.170000000000073,0.37277147427430146,20,15,2,0.0,0.0,1.0,-0.8660254037844386,0.5000000000000001
2025-12-10 20:30:00,4196.49,4196.79,4191.92,4193.92,2702,34,0,2.569999999999709,0.3000000000001819,2.0,-2.569999999999709,-0.000612416567178692,-1,4.869999999999891,0.5277207381360491,20,30,2,0.0,0.0,1.0,-0.8660254037844386,0.5000000000000001
2025-12-10 20:45:00,4193.92,4196.38,4193.07,4194.48,2100,33,0,0.5599999999994907,1.9000000000005457,0.8500000000003638,0.5599999999994907,0.00013352662902475266,1,3.3100000000004,0.16918428951890638,20,45,2,0.0,0.0,1.0,-0.8660254037844386,0.5000000000000001
2025-12-10 21:00:00,4194.54,4219.73,4192.5,4212.07,6784,40,0,17.529999999999745,7.6599999999998545,2.0399999999999636,17.590000000000146,0.0041936068356507,1,27.229999999999563,0.643775247651938,21,0,2,0.0,0.0,1.0,-0.7071067811865477,0.7071067811865474
2025-12-10 21:15:00,4212.02,4216.62,4194.82,4198.74,5985,36,0,13.280000000000655,4.599999999999454,3.9200000000000728,-13.329999999999927,-0.0031647147364597286,-1,21.800000000000182,0.6091743116471927,21,15,2,0.0,0.0,1.0,-0.7071067811865477,0.7071067811865474
2025-12-10 21:30:00,4198.72,4214.73,4181.88,4187.38,7354,40,0,11.340000000000146,16.00999999999931,5.5,-11.359999999999673,-0.0027055735768348774,-1,32.849999999999454,0.3452054793469796,21,30,2,0.0,0.0,1.0,-0.7071067811865477,0.7071067811865474
2025-12-10 21:45:00,4187.36,4217.36,4186.23,4216.52,6135,33,0,29.160000000000764,0.839999999999236,1.1300000000001091,29.140000000000327,0.006959005392393412,1,31.13000000000011,0.9367169929532121,21,45,2,0.0,0.0,1.0,-0.7071067811865477,0.7071067811865474
2025-12-10 22:00:00,4216.39,4235.7,4211.04,4235.17,6098,33,0,18.779999999999745,0.5299999999997453,5.350000000000364,18.649999999999636,0.004423078747402985,1,24.659999999999854,0.7615571773067431,22,0,2,0.0,0.0,1.0,-0.5000000000000004,0.8660254037844384
2025-12-10 22:15:00,4235.16,4238.64,4226.48,4232.66,6215,39,0,2.5,3.480000000000473,6.180000000000291,-2.5100000000002183,-0.0005926562570098056,-1,12.160000000000764,0.2055921050940725,22,15,2,0.0,0.0,1.0,-0.5000000000000004,0.8660254037844384
2025-12-10 22:30:00,4232.66,4235.27,4229.59,4232.36,4896,39,0,0.3000000000001819,2.610000000000582,2.769999999999527,-0.3000000000001819,-7.087741514796415e-05,-1,5.680000000000291,0.05281690131549252,22,30,2,0.0,0.0,1.0,-0.5000000000000004,0.8660254037844384
2025-12-10 22:45:00,4232.45,4237.27,4229.59,4229.79,5113,38,0,2.6599999999998545,4.8200000000006185,0.1999999999998181,-2.569999999999709,-0.000607226228392601,-1,7.680000000000291,0.3463541662156526,22,45,2,0.0,0.0,1.0,-0.5000000000000004,0.8660254037844384
2025-12-10 23:00:00,4229.6,4232.37,4221.05,4228.01,2625,37,0,1.5900000000001455,2.769999999999527,6.960000000000036,-1.7799999999997453,-0.0004208246745109675,-1,11.319999999999709,0.1404593638335329,23,0,2,0.0,0.0,1.0,-0.25881904510252157,0.9659258262890681
2025-12-10 23:15:00,4227.99,4229.48,4223.43,4226.12,1908,36,0,1.8699999999998909,1.4899999999997817,2.6899999999996,-1.8900000000003274,-0.000447018810267792,-1,6.049999999999272,0.3090909085800342,23,15,2,0.0,0.0,1.0,-0.25881904510252157,0.9659258262890681
2025-12-10 23:30:00,4226.12,4229.19,4225.71,4228.02,1597,38,0,1.9000000000005457,1.1699999999991633,0.4099999999998545,1.9000000000005457,0.0004495849620930181,1,3.4799999999995634,0.5459770099255787,23,30,2,0.0,0.0,1.0,-0.25881904510252157,0.9659258262890681
2025-12-10 23:45:00,4228.05,4229.24,4226.69,4228.45,1207,42,0,0.3999999999996362,0.7899999999999636,1.360000000000582,0.42999999999938154,0.00010170245173849261,1,2.550000000000182,0.15686274448273735,23,45,2,0.0,0.0,1.0,-0.25881904510252157,0.9659258262890681
2025-12-11 01:00:00,4227.84,4231.37,4220.59,4225.26,1245,42,0,2.5799999999999272,3.5299999999997453,4.670000000000073,-3.1899999999996,-0.0007544135557945819,-1,10.779999999999745,0.23933209625293758,1,0,3,1.0,0.0,0.0,0.25881904510252074,0.9659258262890683
2025-12-11 01:15:00,4225.3,4227.0,4223.87,4225.58,935,43,0,0.27999999999974534,1.4200000000000728,1.430000000000291,0.31999999999970896,7.573498435592341e-05,1,3.130000000000109,0.08945686872369549,1,15,3,1.0,0.0,0.0,0.25881904510252074,0.9659258262890683
2025-12-11 01:30:00,4225.53,4229.27,4225.53,4228.19,870,42,0,2.6599999999998545,1.0800000000008367,0.0,2.6099999999996726,0.0006176666871765942,1,3.740000000000691,0.7112299446222095,1,30,3,1.0,0.0,0.0,0.25881904510252074,0.9659258262890683
2025-12-11 01:45:00,4228.48,4233.94,4228.48,4232.3,1199,42,0,3.8200000000006185,1.639999999999418,0.0,4.110000000000582,0.0009720471407388463,1,5.460000000000036,0.6996336983524278,1,45,3,1.0,0.0,0.0,0.25881904510252074,0.9659258262890683
2025-12-11 02:00:00,4232.27,4243.56,4231.27,4242.87,1725,33,0,10.599999999999454,0.6900000000005093,1.0,10.569999999999709,0.002497460009923613,1,12.289999999999964,0.8624898284275497,2,0,3,1.0,0.0,0.0,0.49999999999999994,0.8660254037844387
2025-12-11 02:15:00,4242.98,4245.09,4240.04,4241.2,2186,33,0,1.7799999999997453,2.110000000000582,1.1599999999998545,-1.6700000000000728,-0.00039360150087088994,-1,5.050000000000182,0.35247524682671855,2,15,3,1.0,0.0,0.0,0.49999999999999994,0.8660254037844387
2025-12-11 02:30:00,4241.0,4243.2,4240.46,4242.09,2205,33,0,1.0900000000001455,1.1099999999996726,0.5399999999999636,0.8900000000003274,0.00020984626992368374,1,2.7399999999997817,0.3978102175263249,2,30,3,1.0,0.0,0.0,0.49999999999999994,0.8660254037844387
2025-12-11 02:45:00,4242.1,4242.77,4234.66,4236.97,2890,33,0,5.130000000000109,0.6700000000000728,2.3100000000004,-5.119999999999891,-0.0012069522334509383,-1,8.110000000000582,0.6325524036589663,2,45,3,1.0,0.0,0.0,0.49999999999999994,0.8660254037844387
2025-12-11 03:00:00,4236.96,4247.62,4236.0,4240.13,4653,33,0,3.1700000000000728,7.489999999999782,0.9600000000000364,3.1599999999998545,0.0007458159958649352,1,11.61999999999989,0.2728055075105032,3,0,3,1.0,0.0,0.0,0.7071067811865476,0.7071067811865476
2025-12-11 03:15:00,4240.08,4241.76,4235.17,4236.1,3503,33,0,3.9799999999995634,1.680000000000291,0.930000000000291,-4.029999999999745,-0.0009504425571856866,-1,6.5900000000001455,0.6039453708588804,3,15,3,1.0,0.0,0.0,0.7071067811865476,0.7071067811865476
2025-12-11 03:30:00,4236.15,4238.43,4232.87,4238.03,3437,33,0,1.8800000000001091,0.4000000000005457,3.2799999999997453,1.9299999999993815,0.00045560775241363077,1,5.5600000000004,0.3381294957947264,3,30,3,1.0,0.0,0.0,0.7071067811865476,0.7071067811865476
2025-12-11 03:45:00,4238.03,4240.19,4237.22,4238.22,3243,33,0,0.19000000000050932,1.9699999999993452,0.8099999999994907,0.19000000000050932,4.483215078716039e-05,1,2.969999999999345,0.06397306375785204,3,45,3,1.0,0.0,0.0,0.7071067811865476,0.7071067811865476
2025-12-11 04:00:00,4238.17,4240.67,4231.0,4233.65,3083,33,0,4.520000000000437,2.5,2.649999999999636,-4.5700000000006185,-0.001078282864032688,-1,9.670000000000073,0.4674250253698192,4,0,3,1.0,0.0,0.0,0.8660254037844386,0.5000000000000001
2025-12-11 04:15:00,4233.66,4234.17,4229.45,4229.82,2577,33,0,3.8400000000001455,0.5100000000002183,0.36999999999989086,-3.8299999999999272,-0.0009046567382754663,-1,4.720000000000255,0.8135593203102426,4,15,3,1.0,0.0,0.0,0.8660254037844386,0.5000000000000001
2025-12-11 04:30:00,4229.77,4230.34,4220.37,4227.09,4041,33,0,2.680000000000291,0.569999999999709,6.720000000000255,-2.7299999999995634,-0.0006454175354978612,-1,9.970000000000255,0.26880641898818036,4,30,3,1.0,0.0,0.0,0.8660254037844386,0.5000000000000001
2025-12-11 04:45:00,4227.14,4228.2,4221.96,4222.24,3973,33,0,4.900000000000546,1.0599999999994907,0.27999999999974534,-4.850000000000364,-0.001147361423579901,-1,6.239999999999782,0.7852564089981015,4,45,3,1.0,0.0,0.0,0.8660254037844386,0.5000000000000001
2025-12-11 05:00:00,4222.08,4224.88,4209.21,4212.26,4119,33,0,9.819999999999709,2.800000000000182,3.050000000000182,-9.979999999999563,-0.0023636742582135465,-1,15.670000000000073,0.6266751750946338,5,0,3,1.0,0.0,0.0,0.9659258262890683,0.25881904510252074
2025-12-11 05:15:00,4212.27,4215.86,4209.53,4212.89,3588,33,0,0.6199999999998909,2.969999999999345,2.740000000000691,0.6300000000001091,0.00014956341726296788,1,6.329999999999927,0.09794628736499765,5,15,3,1.0,0.0,0.0,0.9659258262890683,0.25881904510252074
2025-12-11 05:30:00,4212.93,4216.56,4211.93,4216.56,2386,33,0,3.630000000000109,0.0,1.0,3.6700000000000728,0.0008711359660470775,1,4.630000000000109,0.7840172769243738,5,30,3,1.0,0.0,0.0,0.9659258262890683,0.25881904510252074
2025-12-11 05:45:00,4216.57,4218.46,4215.05,4216.62,2423,33,0,0.0500000000001819,1.8400000000001455,1.519999999999527,0.05999999999949068,1.4229608970224705e-05,1,3.4099999999998545,0.014662756555295153,5,45,3,1.0,0.0,0.0,0.9659258262890683,0.25881904510252074
2025-12-11 06:00:00,4216.57,4218.22,4213.94,4217.07,1459,33,0,0.5,1.1500000000005457,2.630000000000109,0.4499999999998181,0.00010672054868587117,1,4.280000000000655,0.11682242963357459,6,0,3,1.0,0.0,0.0,1.0,6.123233995736766e-17
2025-12-11 06:15:00,4217.08,4217.46,4210.66,4212.73,1902,33,0,4.350000000000364,0.38000000000010914,2.069999999999709,-4.3400000000001455,-0.0010291505713683068,-1,6.800000000000182,0.6397058814122336,6,15,3,1.0,0.0,0.0,1.0,6.123233995736766e-17
2025-12-11 06:30:00,4212.73,4216.0,4211.39,4211.62,2188,33,0,1.1099999999996726,3.2700000000004366,0.22999999999956344,-1.1099999999996726,-0.00026348709744029945,-1,4.609999999999673,0.24078091054055148,6,30,3,1.0,0.0,0.0,1.0,6.123233995736766e-17
2025-12-11 06:45:00,4211.61,4214.57,4208.37,4213.45,2560,33,0,1.8400000000001455,1.1199999999998909,3.2399999999997817,1.8299999999999272,0.0004345121354727937,1,6.199999999999818,0.2967741930697512,6,45,3,1.0,0.0,0.0,1.0,6.123233995736766e-17
2025-12-11 07:00:00,4213.35,4216.22,4211.62,4212.22,2008,33,0,1.1300000000001091,2.869999999999891,0.6000000000003638,-1.2299999999995634,-0.00029192229645529517,-1,4.600000000000364,0.24565217337902132,7,0,3,1.0,0.0,0.0,0.9659258262890683,-0.25881904510252063
2025-12-11 07:15:00,4212.08,4213.15,4209.8,4212.25,1607,33,0,0.17000000000007276,0.8999999999996362,2.2799999999997453,0.02999999999974534,7.122135121087061e-06,1,3.3499999999994543,0.05074626850526501,7,15,3,1.0,0.0,0.0,0.9659258262890683,-0.25881904510252063
2025-12-11 07:30:00,4212.1,4212.86,4206.84,4210.2,3285,33,0,1.9000000000005457,0.7599999999993088,3.3599999999996726,-2.050000000000182,-0.0004866757671078834,-1,6.019999999999527,0.315614617416038,7,30,3,1.0,0.0,0.0,0.9659258262890683,-0.25881904510252063
2025-12-11 07:45:00,4210.16,4210.84,4206.03,4207.43,2414,33,0,2.7299999999995634,0.680000000000291,1.4000000000005457,-2.769999999999527,-0.0006579259892640557,-1,4.8100000000004,0.5675675663874554,7,45,3,1.0,0.0,0.0,0.9659258262890683,-0.25881904510252063
2025-12-11 08:00:00,4207.43,4212.17,4204.21,4211.06,2784,33,0,3.630000000000109,1.1099999999996726,3.2200000000002547,3.630000000000109,0.0008627594517318432,1,7.960000000000036,0.4560301501808783,8,0,3,0.0,1.0,0.0,0.8660254037844387,-0.4999999999999998
2025-12-11 08:15:00,4211.05,4214.43,4207.48,4213.61,2968,33,0,2.5599999999994907,0.8200000000006185,3.5700000000006185,2.5499999999992724,0.0006055482467595503,1,6.950000000000728,0.3683453232109021,8,15,3,0.0,1.0,0.0,0.8660254037844387,-0.4999999999999998
2025-12-11 08:30:00,4213.68,4215.32,4212.28,4213.99,2992,33,0,0.3099999999994907,1.3299999999999272,1.4000000000005457,0.38000000000010914,9.018395152852523e-05,1,3.0399999999999636,0.10197368387492026,8,30,3,0.0,1.0,0.0,0.8660254037844387,-0.4999999999999998
2025-12-11 08:45:00,4214.05,4215.18,4211.07,4214.41,2242,33,0,0.3599999999996726,0.7700000000004366,2.980000000000473,0.42000000000007276,9.966801060279517e-05,1,4.110000000000582,0.08759124066270296,8,45,3,0.0,1.0,0.0,0.8660254037844387,-0.4999999999999998
2025-12-11 09:00:00,4214.42,4214.42,4210.48,4212.34,2066,33,0,2.0799999999999272,0.0,1.860000000000582,-2.069999999999709,-0.0004911719552676909,-1,3.9400000000005093,0.5279187803859062,9,0,3,0.0,1.0,0.0,0.7071067811865476,-0.7071067811865475
2025-12-11 09:15:00,4212.28,4214.59,4211.49,4213.1,2014,33,0,0.8200000000006185,1.4899999999997817,0.7899999999999636,0.7600000000002183,0.0001804222831016058,1,3.100000000000364,0.2645161281791487,9,15,3,0.0,1.0,0.0,0.7071067811865476,-0.7071067811865475
2025-12-11 09:30:00,4213.21,4217.97,4211.28,4217.62,1859,33,0,4.4099999999998545,0.3500000000003638,1.930000000000291,4.519999999999527,0.001072844223967987,1,6.690000000000509,0.6591928241266951,9,30,3,0.0,1.0,0.0,0.7071067811865476,-0.7071067811865475
2025-12-11 09:45:00,4217.75,4218.34,4214.71,4215.9,2158,33,0,1.8500000000003638,0.5900000000001455,1.1899999999995998,-1.7200000000002547,-0.00040781293715419,-1,3.630000000000109,0.5096418718743497,9,45,3,0.0,1.0,0.0,0.7071067811865476,-0.7071067811865475
2025-12-11 10:00:00,4215.9,4217.74,4212.75,4215.11,2223,33,0,0.7899999999999636,1.8400000000001455,2.3599999999996726,-0.7899999999999636,-0.00018738584881044704,-1,4.989999999999782,0.1583166329492649,10,0,3,0.0,1.0,0.0,0.49999999999999994,-0.8660254037844387
2025-12-11 10:15:00,4215.09,4216.96,4213.41,4214.25,2213,33,0,0.8400000000001455,1.8699999999998909,0.8400000000001455,-0.8599999999996726,-0.00020402789013802076,-1,3.550000000000182,0.2366197176433536,10,15,3,0.0,1.0,0.0,0.49999999999999994,-0.8660254037844387
2025-12-11 10:30:00,4214.24,4219.53,4213.64,4217.34,2127,33,0,3.100000000000364,2.1899999999996,0.5999999999994543,3.0900000000001455,0.0007332265527674309,1,5.889999999999418,0.5263157885802228,10,30,3,0.0,1.0,0.0,0.49999999999999994,-0.8660254037844387
2025-12-11 10:45:00,4217.34,4218.66,4215.19,4216.5,2156,33,0,0.8400000000001455,1.319999999999709,1.3100000000004002,-0.8400000000001455,-0.0001991776807182123,-1,3.4700000000002547,0.2420749272562924,10,45,3,0.0,1.0,0.0,0.49999999999999994,-0.8660254037844387
2025-12-11 11:00:00,4216.47,4217.92,4210.46,4211.84,2417,33,0,4.630000000000109,1.449999999999818,1.3800000000001091,-4.6599999999998545,-0.0011051820230048273,-1,7.460000000000036,0.6206434308034386,11,0,3,0.0,1.0,0.0,0.258819045102521,-0.9659258262890682
2025-12-11 11:15:00,4211.84,4216.26,4211.09,4214.08,1649,33,0,2.2399999999997817,2.180000000000291,0.75,2.2399999999997817,0.0005318340677708036,1,5.170000000000073,0.43326885796268116,11,15,3,0.0,1.0,0.0,0.258819045102521,-0.9659258262890682
2025-12-11 11:30:00,4214.0,4217.81,4213.66,4217.54,1313,33,0,3.5399999999999636,0.27000000000043656,0.3400000000001455,3.4600000000000364,0.0008210570278684876,1,4.150000000000546,0.8530120461371995,11,30,3,0.0,1.0,0.0,0.258819045102521,-0.9659258262890682
2025-12-11 11:45:00,4217.53,4221.33,4217.13,4218.37,1998,33,0,0.8400000000001455,2.9600000000000364,0.3999999999996362,0.8299999999999272,0.00019679718508892085,1,4.199999999999818,0.19999999952385283,11,45,3,0.0,1.0,0.0,0.258819045102521,-0.9659258262890682
2025-12-11 12:00:00,4218.37,4225.86,4218.37,4220.58,2401,33,0,2.2100000000000364,5.279999999999745,0.0,2.2100000000000364,0.0005238990415729384,1,7.489999999999782,0.29506007971288384,12,0,3,0.0,1.0,0.0,1.2246467991473532e-16,-1.0
2025-12-11 12:15:00,4220.58,4221.33,4216.07,4217.31,2279,33,0,3.269999999999527,0.75,1.2400000000006912,-3.269999999999527,-0.0007747750309198089,-1,5.260000000000218,0.6216730026202778,12,15,3,0.0,1.0,0.0,1.2246467991473532e-16,-1.0
2025-12-11 12:30:00,4217.44,4217.75,4211.57,4215.18,2099,33,0,2.259999999999309,0.3100000000004002,3.610000000000582,-2.130000000000109,-0.0005050612831402266,-1,6.180000000000291,0.36569579228838905,12,30,3,0.0,1.0,0.0,1.2246467991473532e-16,-1.0
2025-12-11 12:45:00,4215.11,4218.95,4214.63,4216.85,1768,33,0,1.7400000000006912,2.0999999999994543,0.47999999999956344,1.6700000000000728,0.00039618711419205647,1,4.319999999999709,0.40277777684560895,12,45,3,0.0,1.0,0.0,1.2246467991473532e-16,-1.0
2025-12-11 13:00:00,4216.85,4218.98,4214.26,4215.14,1311,33,0,1.7100000000000364,2.1299999999991996,0.8800000000001091,-1.7100000000000364,-0.0004055159657090094,-1,4.719999999999345,0.3622881348257187,13,0,3,0.0,1.0,0.0,-0.2588190451025208,-0.9659258262890683
2025-12-11 13:15:00,4215.15,4216.37,4214.08,4214.59,1245,33,0,0.5599999999994907,1.2200000000002547,0.5100000000002183,-0.5500000000001819,-0.00013048202432189247,-1,2.2899999999999636,0.24454148364807193,13,15,3,0.0,1.0,0.0,-0.2588190451025208,-0.9659258262890683
2025-12-11 13:30:00,4214.53,4215.17,4211.18,4214.7,1685,33,0,0.17000000000007276,0.47000000000025466,3.3499999999994543,0.10999999999967258,2.609981042039026e-05,1,3.9899999999997817,0.04260651618396413,13,30,3,0.0,1.0,0.0,-0.2588190451025208,-0.9659258262890683
2025-12-11 13:45:00,4214.69,4215.27,4209.65,4211.18,2043,33,0,3.509999999999309,0.5800000000008367,1.5300000000006548,-3.519999999999527,-0.0008351721356204539,-1,5.6200000000008,0.6245551590308287,13,45,3,0.0,1.0,0.0,-0.2588190451025208,-0.9659258262890683
2025-12-11 14:00:00,4211.12,4214.42,4208.62,4212.4,2328,33,0,1.2799999999997453,2.0200000000004366,2.5,1.2199999999993452,0.0002897050232949779,1,5.800000000000182,0.22068965479186356,14,0,3,0.0,1.0,0.0,-0.4999999999999997,-0.8660254037844388
2025-12-11 14:15:00,4212.18,4218.15,4211.98,4217.93,2145,33,0,5.75,0.21999999999934516,0.2000000000007276,5.530000000000655,0.0013127908080905553,1,6.170000000000073,0.93192868568568,14,15,3,0.0,1.0,0.0,-0.4999999999999997,-0.8660254037844388
2025-12-11 14:30:00,4217.95,4220.25,4217.54,4219.1,2065,33,0,1.1500000000005457,1.1499999999996362,0.4099999999998545,1.1700000000000728,0.00027738724919571276,1,2.7100000000000364,0.4243542419767483,14,30,3,0.0,1.0,0.0,-0.4999999999999997,-0.8660254037844388
2025-12-11 14:45:00,4219.12,4220.42,4216.72,4220.41,1856,33,0,1.2899999999999636,0.010000000000218279,2.399999999999636,1.3099999999994907,0.0003104927591191227,1,3.699999999999818,0.34864864770636234,14,45,3,0.0,1.0,0.0,-0.4999999999999997,-0.8660254037844388
2025-12-11 15:00:00,4220.4,4222.33,4210.05,4211.67,3604,33,0,8.729999999999563,1.930000000000291,1.6199999999998909,-8.739999999999782,-0.002070888847292036,-1,12.279999999999745,0.7109120515383244,15,0,3,0.0,1.0,0.0,-0.7071067811865471,-0.7071067811865479
2025-12-11 15:15:00,4211.78,4213.87,4205.03,4212.86,3671,33,0,1.0799999999999272,1.0100000000002183,6.75,1.1899999999995998,0.0002825482528307298,1,8.840000000000146,0.12217194556314366,15,15,3,0.0,1.0,0.0,-0.7071067811865471,-0.7071067811865479
2025-12-11 15:30:00,4212.87,4220.79,4209.22,4219.57,4029,33,0,6.699999999999818,1.2200000000002547,3.649999999999636,6.710000000000036,0.0015927422226231199,1,11.569999999999709,0.579083837010298,15,30,3,0.0,1.0,0.0,-0.7071067811865471,-0.7071067811865479
2025-12-11 15:45:00,4219.55,4223.29,4218.02,4220.9,3872,33,0,1.3499999999994543,2.3900000000003274,1.5299999999997453,1.3299999999999272,0.0003151979941083872,1,5.269999999999527,0.25616698243603525,15,45,3,0.0,1.0,0.0,-0.7071067811865471,-0.7071067811865479
2025-12-11 16:00:00,4220.96,4229.52,4217.92,4227.13,3854,33,0,6.170000000000073,2.3900000000003274,3.0399999999999636,6.230000000000473,0.0014759885332513145,1,11.600000000000364,0.531896551265596,16,0,3,0.0,0.0,1.0,-0.8660254037844384,-0.5000000000000004
2025-12-11 16:15:00,4227.15,4231.96,4223.38,4231.01,3659,33,0,3.860000000000582,0.9499999999998181,3.769999999999527,3.880000000000109,0.0009178804531680144,1,8.579999999999927,0.4498834493591818,16,15,3,0.0,0.0,1.0,-0.8660254037844384,-0.5000000000000004
2025-12-11 16:30:00,4231.03,4243.77,4230.29,4243.75,6111,33,0,12.720000000000255,0.020000000000436557,0.7399999999997817,12.739999999999782,0.0030111013682311743,1,13.480000000000473,0.9436201773415138,16,30,3,0.0,0.0,1.0,-0.8660254037844384,-0.5000000000000004
2025-12-11 16:45:00,4243.64,4244.37,4228.94,4230.0,6266,33,0,13.640000000000327,0.7299999999995634,1.0600000000004002,-13.75,-0.003240058910162003,-1,15.430000000000291,0.8839922223694198,16,45,3,0.0,0.0,1.0,-0.8660254037844384,-0.5000000000000004
2025-12-11 17:00:00,4229.97,4240.13,4226.15,4237.69,5460,33,0,7.719999999999345,2.4400000000005093,3.8200000000006185,7.6899999999996,0.0018179669030731914,1,13.980000000000473,0.5522174531099363,17,0,3,0.0,0.0,1.0,-0.9659258262890683,-0.25881904510252063
2025-12-11 17:15:00,4237.69,4244.23,4237.11,4238.82,4973,33,0,1.1300000000001091,5.4099999999998545,0.5799999999999272,1.1300000000001091,0.00026665471046728506,1,7.119999999999891,0.15870786494565278,17,15,3,0.0,0.0,1.0,-0.9659258262890683,-0.25881904510252063
2025-12-11 17:30:00,4238.9,4256.37,4238.31,4254.73,5542,33,0,15.829999999999927,1.6400000000003274,0.589999999999236,15.909999999999854,0.0037534030697222,1,18.05999999999949,0.8765227016187789,17,30,3,0.0,0.0,1.0,-0.9659258262890683,-0.25881904510252063
2025-12-11 17:45:00,4254.53,4261.43,4250.23,4255.88,5779,33,0,1.3500000000003638,5.550000000000182,4.300000000000182,1.1500000000005457,0.00027028742129360636,1,11.200000000000728,0.12053571417811776,17,45,3,0.0,0.0,1.0,-0.9659258262890683,-0.25881904510252063
2025-12-11 18:00:00,4255.99,4257.44,4249.98,4255.78,5313,33,0,0.21000000000003638,1.449999999999818,5.800000000000182,-0.1000000000003638,-2.3496903108255825e-05,-1,7.460000000000036,0.028150134010527347,18,0,3,0.0,0.0,1.0,-1.0,-1.8369701987210297e-16
2025-12-11 18:15:00,4255.79,4261.49,4254.6,4257.17,4999,33,0,1.3800000000001091,4.319999999999709,1.1899999999995998,1.3900000000003274,0.000326614627635904,1,6.889999999999418,0.20029027547130956,18,15,3,0.0,0.0,1.0,-1.0,-1.8369701987210297e-16
2025-12-11 18:30:00,4257.17,4263.31,4255.46,4261.53,4070,33,0,4.359999999999673,1.7800000000006548,1.7100000000000364,4.359999999999673,0.0010241545439810184,1,7.850000000000364,0.5554140120312523,18,30,3,0.0,0.0,1.0,-1.0,-1.8369701987210297e-16
2025-12-11 18:45:00,4261.57,4278.92,4261.35,4273.57,5736,33,0,12.0,5.350000000000364,0.21999999999934516,12.039999999999964,0.0028252763678772563,1,17.56999999999971,0.6829823559004198,18,45,3,0.0,0.0,1.0,-1.0,-1.8369701987210297e-16
2025-12-11 19:00:00,4273.57,4280.75,4272.18,4277.29,4952,33,0,3.7200000000002547,3.4600000000000364,1.389999999999418,3.7200000000002547,0.0008704666122235637,1,8.569999999999709,0.43407234488444074,19,0,3,0.0,0.0,1.0,-0.9659258262890684,0.2588190451025203
2025-12-11 19:15:00,4277.29,4281.69,4274.65,4275.99,4167,33,0,1.300000000000182,4.399999999999636,1.3400000000001455,-1.300000000000182,-0.00030393075989708015,-1,7.039999999999964,0.18465909064681785,19,15,3,0.0,0.0,1.0,-0.9659258262890684,0.2588190451025203
2025-12-11 19:30:00,4275.99,4277.79,4272.13,4277.7,3795,33,0,1.7100000000000364,0.09000000000014552,3.8599999999996726,1.7100000000000364,0.00039990738986761813,1,5.6599999999998545,0.3021201408089892,19,30,3,0.0,0.0,1.0,-0.9659258262890684,0.2588190451025203
2025-12-11 19:45:00,4277.58,4279.31,4273.97,4278.63,3802,33,0,1.050000000000182,0.680000000000291,3.6099999999996726,0.930000000000291,0.0002174065502490336,1,5.3400000000001455,0.19662921311495526,19,45,3,0.0,0.0,1.0,-0.9659258262890684,0.2588190451025203
2025-12-11 20:00:00,4278.63,4285.86,4277.08,4283.73,3524,33,0,5.099999999999454,2.130000000000109,1.550000000000182,5.099999999999454,0.0011919703269503215,1,8.779999999999745,0.5808656029830235,20,0,3,0.0,0.0,1.0,-0.8660254037844386,0.5000000000000001
2025-12-11 20:15:00,4283.74,4285.59,4280.17,4281.69,3679,33,0,2.050000000000182,1.8500000000003638,1.519999999999527,-2.0399999999999636,-0.0004762204900869018,-1,5.420000000000073,0.3782287815900123,20,15,3,0.0,0.0,1.0,-0.8660254037844386,0.5000000000000001
2025-12-11 20:30:00,4281.69,4283.8,4277.25,4282.55,2775,33,0,0.8600000000005821,1.25,4.4399999999996,0.8600000000005821,0.00020085526976511194,1,6.550000000000182,0.13129770972329483,20,30,3,0.0,0.0,1.0,-0.8660254037844386,0.5000000000000001
2025-12-11 20:45:00,4282.55,4282.55,4266.59,4268.07,2934,33,0,14.480000000000473,0.0,1.4799999999995634,-14.480000000000473,-0.003381163092083098,-1,15.960000000000036,0.9072681698576289,20,45,3,0.0,0.0,1.0,-0.8660254037844386,0.5000000000000001
2025-12-11 21:00:00,4268.12,4271.4,4262.92,4271.35,4389,33,0,3.230000000000473,0.049999999999272404,5.199999999999818,3.280000000000655,0.0007684972364559754,1,8.479999999999563,0.3808962259659996,21,0,3,0.0,0.0,1.0,-0.7071067811865477,0.7071067811865474
2025-12-11 21:15:00,4271.34,4274.57,4269.21,4273.06,2386,33,0,1.7200000000002547,1.5099999999993088,2.130000000000109,1.7100000000000364,0.00040034181230759274,1,5.359999999999673,0.32089552178944114,21,15,3,0.0,0.0,1.0,-0.7071067811865477,0.7071067811865474
2025-12-11 21:30:00,4272.94,4277.52,4272.47,4274.07,2465,33,0,1.1300000000001091,3.4500000000007276,0.46999999999934516,1.0099999999993088,0.00023636457246079126,1,5.050000000000182,0.2237623757945435,21,30,3,0.0,0.0,1.0,-0.7071067811865477,0.7071067811865474
2025-12-11 21:45:00,4274.24,4275.85,4271.35,4273.49,2737,33,0,0.75,1.610000000000582,2.139999999999418,-0.5799999999999272,-0.00013570203576448848,-1,4.5,0.1666666662962963,21,45,3,0.0,0.0,1.0,-0.7071067811865477,0.7071067811865474
2025-12-11 22:00:00,4273.55,4274.14,4264.17,4269.67,3285,33,0,3.880000000000109,0.5900000000001455,5.5,-3.819999999999709,-0.0008938829855691038,-1,9.970000000000255,0.38916750211718504,22,0,3,0.0,0.0,1.0,-0.5000000000000004,0.8660254037844384
2025-12-11 22:15:00,4269.7,4271.11,4265.33,4268.56,3308,34,0,1.139999999999418,1.4099999999998545,3.230000000000473,-1.1099999999996726,-0.0002599732532021614,-1,5.779999999999745,0.19723183356871105,22,15,3,0.0,0.0,1.0,-0.5000000000000004,0.8660254037844384
2025-12-11 22:30:00,4268.63,4274.34,4268.22,4273.41,3278,34,0,4.779999999999745,0.930000000000291,0.4099999999998545,4.849999999999454,0.0011362145547911835,1,6.119999999999891,0.7810457503577407,22,30,3,0.0,0.0,1.0,-0.5000000000000004,0.8660254037844384
2025-12-11 22:45:00,4273.41,4276.26,4271.26,4276.1,3337,34,0,2.6900000000005093,0.15999999999985448,2.149999999999636,2.6900000000005093,0.0006294738861940487,1,5.0,0.5379999989241019,22,45,3,0.0,0.0,1.0,-0.5000000000000004,0.8660254037844384
2025-12-11 23:00:00,4276.09,4276.13,4272.58,4272.81,1217,35,0,3.2799999999997453,0.03999999999996362,0.23000000000047294,-3.2899999999999636,-0.0007693926708916918,-1,3.550000000000182,0.9239436593690538,23,0,3,0.0,0.0,1.0,-0.25881904510252157,0.9659258262890681
2025-12-11 23:15:00,4272.76,4279.36,4272.46,4279.3,944,37,0,6.539999999999964,0.05999999999949068,0.3000000000001819,6.489999999999782,0.001518906761592437,1,6.899999999999636,0.9478260855829055,23,15,3,0.0,0.0,1.0,-0.25881904510252157,0.9659258262890681
2025-12-11 23:30:00,4279.48,4282.15,4276.75,4282.14,1369,41,0,2.660000000000764,0.009999999999308784,2.7299999999995634,2.8400000000001455,0.0006636599443834612,1,5.399999999999636,0.49259259168055874,23,30,3,0.0,0.0,1.0,-0.25881904510252157,0.9659258262890681
2025-12-11 23:45:00,4282.17,4283.57,4278.53,4279.93,958,42,0,2.2399999999997817,1.3999999999996362,1.4000000000005457,-2.2100000000000364,-0.0005160970916411038,-1,5.039999999999964,0.4444444435625701,23,45,3,0.0,0.0,1.0,-0.25881904510252157,0.9659258262890681
2025-12-12 01:00:00,4279.27,4283.47,4279.27,4281.56,901,42,0,2.2899999999999636,1.9099999999998545,0.0,1.6300000000001091,0.0003808473503071567,1,4.199999999999818,0.5452380939399243,1,0,4,1.0,0.0,0.0,0.25881904510252074,0.9659258262890683
2025-12-12 01:15:00,4281.56,4282.76,4277.58,4279.99,1060,43,0,1.5700000000006185,1.199999999999818,2.4099999999998545,-1.5700000000006185,-0.0003666887769879713,-1,5.180000000000291,0.30308880250379194,1,15,4,1.0,0.0,0.0,0.25881904510252074,0.9659258262890683
2025-12-12 01:30:00,4279.96,4281.16,4272.59,4275.34,1508,43,0,4.619999999999891,1.199999999999818,2.75,-4.649999999999636,-0.001086451136567991,-1,8.569999999999709,0.5390898476790139,1,30,4,1.0,0.0,0.0,0.25881904510252074,0.9659258262890683
2025-12-12 01:45:00,4275.3,4277.83,4273.53,4276.17,1698,39,0,0.8699999999998909,1.6599999999998545,1.7700000000004366,0.8299999999999272,0.00019413660667921785,1,4.300000000000182,0.2023255809247903,1,45,4,1.0,0.0,0.0,0.25881904510252074,0.9659258262890683
2025-12-12 02:00:00,4276.11,4278.08,4273.71,4276.28,1531,33,0,0.17000000000007276,1.800000000000182,2.399999999999636,0.10999999999967258,2.5723953911952186e-05,1,4.369999999999891,0.03890160174166155,2,0,4,1.0,0.0,0.0,0.49999999999999994,0.8660254037844387
2025-12-12 02:15:00,4276.29,4280.08,4275.46,4278.38,1582,33,0,2.0900000000001455,1.699999999999818,0.8299999999999272,2.100000000000364,0.0004910810330475002,1,4.619999999999891,0.452380951401815,2,15,4,1.0,0.0,0.0,0.49999999999999994,0.8660254037844387
2025-12-12 02:30:00,4278.37,4278.9,4273.93,4275.54,1322,33,0,2.8299999999999272,0.5299999999997453,1.6099999999996726,-2.8400000000001455,-0.0006638026542757178,-1,4.969999999999345,0.5694164978483169,2,30,4,1.0,0.0,0.0,0.49999999999999994,0.8660254037844387
2025-12-12 02:45:00,4275.49,4275.99,4268.76,4269.34,2159,33,0,6.149999999999636,0.5,0.5799999999999272,-6.199999999999818,-0.0014501092259690748,-1,7.229999999999563,0.8506224054624874,2,45,4,1.0,0.0,0.0,0.49999999999999994,0.8660254037844387
2025-12-12 03:00:00,4269.37,4275.53,4266.27,4274.41,4290,33,0,5.039999999999964,1.1199999999998909,3.0999999999994543,5.069999999999709,0.001187537183733249,1,9.259999999999309,0.5442764572956345,3,0,4,1.0,0.0,0.0,0.7071067811865476,0.7071067811865476
2025-12-12 03:15:00,4274.45,4276.17,4264.46,4266.01,3515,33,0,8.4399999999996,1.7200000000002547,1.550000000000182,-8.399999999999636,-0.001965183499009135,-1,11.710000000000036,0.7207514938336514,3,15,4,1.0,0.0,0.0,0.7071067811865476,0.7071067811865476
2025-12-12 03:30:00,4266.03,4269.95,4265.0,4268.79,3824,33,0,2.7600000000002183,1.1599999999998545,1.0299999999997453,2.7799999999997453,0.0006516627949769797,1,4.949999999999818,0.5575757564494065,3,30,4,1.0,0.0,0.0,0.7071067811865476,0.7071067811865476
2025-12-12 03:45:00,4268.77,4273.98,4267.92,4270.94,3414,33,0,2.1699999999991633,3.0399999999999636,0.8500000000003638,2.149999999999636,0.0005036556026414127,1,6.059999999999491,0.35808580798984946,3,45,4,1.0,0.0,0.0,0.7071067811865476,0.7071067811865476
2025-12-12 04:00:00,4270.86,4276.71,4270.29,4275.32,4097,33,0,4.460000000000036,1.3900000000003274,0.569999999999709,4.380000000000109,0.0010255353622387834,1,6.420000000000073,0.694704048762141,4,0,4,1.0,0.0,0.0,0.8660254037844386,0.5000000000000001
2025-12-12 04:15:00,4275.32,4276.66,4272.08,4273.64,1603,33,0,1.6799999999993815,1.3400000000001455,1.5600000000004002,-1.6799999999993815,-0.00039295304211132303,-1,4.579999999999927,0.36681222627320653,4,15,4,1.0,0.0,0.0,0.8660254037844386,0.5000000000000001
2025-12-12 04:30:00,4273.65,4276.74,4273.14,4274.52,3142,33,0,0.8700000000008004,2.219999999999345,0.5099999999993088,0.8800000000001091,0.00020591346018852995,1,3.5999999999994543,0.24166666599562933,4,30,4,1.0,0.0,0.0,0.8660254037844386,0.5000000000000001
2025-12-12 04:45:00,4274.52,4274.65,4269.31,4270.35,2466,33,0,4.170000000000073,0.12999999999919964,1.0399999999999636,-4.170000000000073,-0.0009755481317200697,-1,5.339999999999236,0.7808988749422623,4,45,4,1.0,0.0,0.0,0.8660254037844386,0.5000000000000001
2025-12-12 05:00:00,4270.34,4274.57,4269.87,4273.39,2420,33,0,3.050000000000182,1.1799999999993815,0.47000000000025466,3.0399999999999636,0.0007118854426452078,1,4.699999999999818,0.6489361688321146,5,0,4,1.0,0.0,0.0,0.9659258262890683,0.25881904510252074
2025-12-12 05:15:00,4273.39,4273.47,4268.72,4269.92,1924,33,0,3.4700000000002547,0.07999999999992724,1.199999999999818,-3.4700000000002547,-0.0008120017129258631,-1,4.75,0.7305263142515772,5,15,4,1.0,0.0,0.0,0.9659258262890683,0.25881904510252074
2025-12-12 05:30:00,4270.18,4272.47,4269.13,4272.02,1772,33,0,1.8400000000001455,0.4499999999998181,1.050000000000182,2.100000000000364,0.0004918124929741924,1,3.3400000000001455,0.5508982019434381,5,30,4,1.0,0.0,0.0,0.9659258262890683,0.25881904510252074
2025-12-12 05:45:00,4272.03,4272.88,4270.42,4270.51,965,33,0,1.519999999999527,0.8500000000003638,0.09000000000014552,-1.5100000000002183,-0.0003534627646874823,-1,2.4600000000000364,0.6178861763498548,5,45,4,1.0,0.0,0.0,0.9659258262890683,0.25881904510252074
2025-12-12 06:00:00,4270.5,4270.92,4268.13,4268.93,934,33,0,1.569999999999709,0.42000000000007276,0.8000000000001819,-1.5799999999999272,-0.00036997922964702746,-1,2.7899999999999636,0.5627240123198887,6,0,4,1.0,0.0,0.0,1.0,6.123233995736766e-17
2025-12-12 06:15:00,4268.9,4269.19,4266.75,4268.37,1714,33,0,0.5299999999997453,0.2899999999999636,1.6199999999998909,-0.5600000000004002,-0.0001311804128904433,-1,2.4399999999996,0.21721311386381195,6,15,4,1.0,0.0,0.0,1.0,6.123233995736766e-17
2025-12-12 06:30:00,4268.4,4268.57,4266.18,4267.26,2248,33,0,1.139999999999418,0.17000000000007276,1.0799999999999272,-1.1099999999996726,-0.00026005243219300874,-1,2.389999999999418,0.476987445702854,6,30,4,1.0,0.0,0.0,1.0,6.123233995736766e-17
2025-12-12 06:45:00,4267.26,4268.69,4266.36,4266.36,1627,33,0,0.9000000000005457,1.4299999999993815,0.0,-0.9000000000005457,-0.00021090817058265623,-1,2.3299999999999272,0.38626609276305274,6,45,4,1.0,0.0,0.0,1.0,6.123233995736766e-17
2025-12-12 07:00:00,4266.38,4269.44,4266.05,4269.09,1836,33,0,2.7100000000000364,0.3499999999994543,0.32999999999992724,2.730000000000473,0.0006398897420753226,1,3.389999999999418,0.7994100271405314,7,0,4,1.0,0.0,0.0,0.9659258262890683,-0.25881904510252063
2025-12-12 07:15:00,4269.1,4275.5,4268.59,4274.27,2176,33,0,5.170000000000073,1.2299999999995634,0.5100000000002183,5.180000000000291,0.0012133733418598087,1,6.9099999999998545,0.7481910264136428,7,15,4,1.0,0.0,0.0,0.9659258262890683,-0.25881904510252063
2025-12-12 07:30:00,4274.05,4279.24,4274.05,4277.74,3933,33,0,3.6899999999996,1.5,0.0,3.469999999999345,0.000811834535487778,1,5.1899999999996,0.7109826575896065,7,30,4,1.0,0.0,0.0,0.9659258262890683,-0.25881904510252063
2025-12-12 07:45:00,4277.74,4280.46,4276.13,4278.89,2051,33,0,1.1500000000005457,1.569999999999709,1.6099999999996726,1.1500000000005457,0.00026883354294570164,1,4.329999999999927,0.26558891393641476,7,45,4,1.0,0.0,0.0,0.9659258262890683,-0.25881904510252063
2025-12-12 08:00:00,4278.87,4280.54,4276.54,4277.81,2030,33,0,1.0599999999994907,1.6700000000000728,1.2700000000004366,-1.0799999999999272,-0.00025240190797144285,-1,4.0,0.26499999933737267,8,0,4,0.0,1.0,0.0,0.8660254037844387,-0.4999999999999998
2025-12-12 08:15:00,4277.72,4281.51,4276.84,4281.07,1757,33,0,3.3499999999994543,0.4400000000005093,0.8800000000001091,3.259999999999309,0.0007620721817937937,1,4.670000000000073,0.7173447522111251,8,15,4,0.0,1.0,0.0,0.8660254037844387,-0.4999999999999998
2025-12-12 08:30:00,4281.12,4282.65,4279.08,4281.26,2674,33,0,0.14000000000032742,1.389999999999418,2.0399999999999636,0.19000000000050932,4.438142800760308e-05,1,3.569999999999709,0.039215686164756854,8,30,4,0.0,1.0,0.0,0.8660254037844387,-0.4999999999999998
2025-12-12 08:45:00,4281.26,4283.18,4281.26,4282.75,1571,33,0,1.4899999999997817,0.43000000000029104,0.0,1.4899999999997817,0.00034802838416722685,1,1.9200000000000728,0.7760416626246399,8,45,4,0.0,1.0,0.0,0.8660254037844387,-0.4999999999999998
2025-12-12 09:00:00,4282.75,4288.8,4281.48,4285.71,2107,33,0,2.9600000000000364,3.0900000000001455,1.2700000000004366,2.9600000000000364,0.0006911447084233346,1,7.3200000000006185,0.40437158414700414,9,0,4,0.0,1.0,0.0,0.7071067811865476,-0.7071067811865475
2025-12-12 09:15:00,4285.71,4288.13,4284.34,4285.73,1696,33,0,0.019999999999527063,2.4000000000005457,1.3699999999998909,0.019999999999527063,4.6666713332276475e-06,1,3.7899999999999636,0.005277044840832931,9,15,4,0.0,1.0,0.0,0.7071067811865476,-0.7071067811865475
2025-12-12 09:30:00,4285.77,4290.31,4284.1,4287.55,1916,33,0,1.7799999999997453,2.7600000000002183,1.6700000000000728,1.8200000000006185,0.0004246651095614093,1,6.210000000000036,0.28663446008589216,9,30,4,0.0,1.0,0.0,0.7071067811865476,-0.7071067811865475
2025-12-12 09:45:00,4287.55,4288.73,4285.31,4286.96,2283,33,0,0.5900000000001455,1.1799999999993815,1.6499999999996362,-0.5900000000001455,-0.00013760772469129117,-1,3.4199999999991633,0.17251461937869697,9,45,4,0.0,1.0,0.0,0.7071067811865476,-0.7071067811865475
2025-12-12 10:00:00,4286.98,4295.33,4286.88,4293.42,2944,33,0,6.440000000000509,1.9099999999998545,0.0999999999994543,6.460000000000036,0.0015068953290910193,1,8.449999999999818,0.7621301766129402,10,0,4,0.0,1.0,0.0,0.49999999999999994,-0.8660254037844387
2025-12-12 10:15:00,4293.42,4295.49,4291.03,4294.39,2621,33,0,0.9700000000002547,1.0999999999994543,2.3900000000003274,0.9700000000002547,0.00022592711637814484,1,4.460000000000036,0.21748878875008046,10,15,4,0.0,1.0,0.0,0.49999999999999994,-0.8660254037844387
2025-12-12 10:30:00,4294.37,4304.28,4294.21,4303.75,2981,33,0,9.38000000000011,0.5299999999997453,0.15999999999985448,9.359999999999673,0.0021795877877881778,1,10.069999999999709,0.9314796415775157,10,30,4,0.0,1.0,0.0,0.49999999999999994,-0.8660254037844387
2025-12-12 10:45:00,4303.85,4309.33,4301.64,4307.99,3057,33,0,4.139999999999418,1.3400000000001455,2.2100000000000364,4.239999999999782,0.0009851873366249855,1,7.6899999999996,0.5383615077524081,10,45,4,0.0,1.0,0.0,0.49999999999999994,-0.8660254037844387
2025-12-12 11:00:00,4308.03,4316.97,4306.87,4316.79,3575,33,0,8.760000000000218,0.18000000000029104,1.1599999999998545,8.800000000000182,0.0020427159765923743,1,10.100000000000364,0.8673267318145182,11,0,4,0.0,1.0,0.0,0.258819045102521,-0.9659258262890682
2025-12-12 11:15:00,4316.85,4317.77,4312.41,4313.48,3742,33,0,3.3700000000008004,0.9200000000000728,1.069999999999709,-3.3100000000004,-0.0007667734589823457,-1,5.360000000000582,0.628731342110657,11,15,4,0.0,1.0,0.0,0.258819045102521,-0.9659258262890682
2025-12-12 11:30:00,4313.41,4313.73,4307.14,4311.88,3098,33,0,1.5299999999997453,0.31999999999970896,4.739999999999782,-1.5999999999994543,-0.0003709302002094491,-1,6.589999999999236,0.23216995412416133,11,30,4,0.0,1.0,0.0,0.258819045102521,-0.9659258262890682
2025-12-12 11:45:00,4311.89,4320.23,4311.27,4318.2,2993,33,0,6.309999999999491,2.0299999999997453,0.6199999999998909,6.319999999999709,0.0014657179698877771,1,8.959999999999127,0.7042410706425998,11,45,4,0.0,1.0,0.0,0.258819045102521,-0.9659258262890682
2025-12-12 12:00:00,4318.26,4320.13,4314.67,4319.39,2382,33,0,1.1300000000001091,0.7399999999997817,3.5900000000001455,1.1900000000005093,0.0002755777870410146,1,5.460000000000036,0.2069597065806785,12,0,4,0.0,1.0,0.0,1.2246467991473532e-16,-1.0
2025-12-12 12:15:00,4319.44,4321.88,4316.8,4316.94,3192,33,0,2.5,2.4400000000005093,0.13999999999941792,-2.4500000000007276,-0.0005672097217432849,-1,5.079999999999927,0.4921259832832236,12,15,4,0.0,1.0,0.0,1.2246467991473532e-16,-1.0
2025-12-12 12:30:00,4316.93,4328.37,4316.56,4327.95,3294,33,0,11.019999999999527,0.42000000000007276,0.36999999999989086,11.010000000000218,0.0025504176569515024,1,11.80999999999949,0.9331075351963528,12,30,4,0.0,1.0,0.0,1.2246467991473532e-16,-1.0
2025-12-12 12:45:00,4327.95,4330.83,4325.32,4329.76,3369,33,0,1.8100000000004002,1.069999999999709,2.630000000000109,1.8100000000004002,0.0004182118554974989,1,5.510000000000218,0.32849364731676806,12,45,4,0.0,1.0,0.0,1.2246467991473532e-16,-1.0
2025-12-12 13:00:00,4329.82,4338.75,4326.85,4335.63,3518,33,0,5.8100000000004,3.119999999999891,2.969999999999345,5.869999999999891,0.001355733343187588,1,11.899999999999636,0.4882352937074138,13,0,4,0.0,1.0,0.0,-0.2588190451025208,-0.9659258262890683
2025-12-12 13:15:00,4335.64,4339.21,4332.28,4334.28,3146,33,0,1.360000000000582,3.569999999999709,2.0,-1.3500000000003638,-0.00031137343361872756,-1,6.930000000000291,0.19624819596508558,13,15,4,0.0,1.0,0.0,-0.2588190451025208,-0.9659258262890683
2025-12-12 13:30:00,4334.31,4336.89,4330.13,4334.4,2685,33,0,0.08999999999923602,2.490000000000691,4.180000000000291,0.11999999999989086,2.7686259309479514e-05,1,6.760000000000218,0.013313609447647489,13,30,4,0.0,1.0,0.0,-0.2588190451025208,-0.9659258262890683
2025-12-12 13:45:00,4334.43,4339.06,4334.23,4336.21,2953,33,0,1.7799999999997453,2.850000000000364,0.2000000000007276,1.8100000000004002,0.0004175895164268181,1,4.830000000000837,0.3685300199408151,13,45,4,0.0,1.0,0.0,-0.2588190451025208,-0.9659258262890683
2025-12-12 14:00:00,4336.26,4339.04,4331.55,4332.9,3309,33,0,3.360000000000582,2.7799999999997453,1.3499999999994543,-3.3100000000004,-0.0007633394139122413,-1,7.489999999999782,0.4485981302422829,14,0,4,0.0,1.0,0.0,-0.4999999999999997,-0.8660254037844388
2025-12-12 14:15:00,4332.89,4334.11,4330.12,4332.55,2635,33,0,0.3400000000001455,1.2199999999993452,2.430000000000291,-0.3499999999994543,-8.077730849995485e-05,-1,3.9899999999997817,0.08521303236792827,14,15,4,0.0,1.0,0.0,-0.4999999999999997,-0.8660254037844388
2025-12-12 14:30:00,4332.52,4334.12,4327.51,4328.2,3085,33,0,4.3200000000006185,1.5999999999994543,0.6899999999995998,-4.350000000000364,-0.0010040276511524076,-1,6.609999999999673,0.653555218375988,14,30,4,0.0,1.0,0.0,-0.4999999999999997,-0.8660254037844388
2025-12-12 14:45:00,4328.2,4329.65,4324.79,4325.79,2955,33,0,2.4099999999998545,1.449999999999818,1.0,-2.4099999999998545,-0.00055681345594008,-1,4.859999999999673,0.49588477264221587,14,45,4,0.0,1.0,0.0,-0.4999999999999997,-0.8660254037844388
2025-12-12 15:00:00,4325.72,4337.77,4321.25,4336.96,4954,33,0,11.239999999999782,0.8100000000004002,4.470000000000255,11.170000000000073,0.0025821872998920596,1,16.520000000000437,0.6803874087890805,15,0,4,0.0,1.0,0.0,-0.7071067811865471,-0.7071067811865479
2025-12-12 15:15:00,4336.94,4339.32,4334.05,4335.96,4195,33,0,0.9799999999995634,2.380000000000109,1.9099999999998545,-1.0,-0.00023057625617944368,-1,5.269999999999527,0.1859582539165216,15,15,4,0.0,1.0,0.0,-0.7071067811865471,-0.7071067811865479
2025-12-12 15:30:00,4335.96,4346.01,4335.96,4339.8,4485,33,0,3.8400000000001455,6.210000000000036,0.0,3.8400000000001455,0.0008856170259873582,1,10.050000000000182,0.3820895518586249,15,30,4,0.0,1.0,0.0,-0.7071067811865471,-0.7071067811865479
2025-12-12 15:45:00,4339.8,4341.16,4332.23,4340.92,3901,33,0,1.1199999999998909,0.23999999999978172,7.5700000000006185,1.1199999999998909,0.0002580764090510832,1,8.930000000000291,0.12541993267028612,15,45,4,0.0,1.0,0.0,-0.7071067811865471,-0.7071067811865479
2025-12-12 16:00:00,4340.92,4344.83,4338.48,4342.01,4161,33,0,1.0900000000001455,2.819999999999709,2.4400000000005093,1.0900000000001455,0.00025109884540607647,1,6.350000000000364,0.17165354303677915,16,0,4,0.0,0.0,1.0,-0.8660254037844384,-0.5000000000000004
2025-12-12 16:15:00,4342.0,4345.71,4338.48,4340.57,4478,33,0,1.430000000000291,3.7100000000000364,2.0900000000001455,-1.4400000000005093,-0.00033164363969693974,-1,7.230000000000473,0.19778699834333713,16,15,4,0.0,0.0,1.0,-0.8660254037844384,-0.5000000000000004
2025-12-12 16:30:00,4340.57,4345.65,4330.8,4339.69,6977,33,0,0.8800000000001091,5.079999999999927,8.889999999999418,-0.8800000000001091,-0.00020273835003239418,-1,14.849999999999454,0.05925925921936356,16,30,4,0.0,0.0,1.0,-0.8660254037844384,-0.5000000000000004
2025-12-12 16:45:00,4339.8,4353.5,4336.61,4347.04,6200,33,0,7.239999999999782,6.460000000000036,3.1900000000005093,7.350000000000364,0.0016936693634799639,1,16.890000000000327,0.42865600921924696,16,45,4,0.0,0.0,1.0,-0.8660254037844384,-0.5000000000000004
2025-12-12 17:00:00,4346.58,4351.5,4341.02,4343.47,6062,33,0,3.1099999999996726,4.920000000000073,2.449999999999818,-3.569999999999709,-0.000821248481725429,-1,10.479999999999563,0.29675572490765695,17,0,4,0.0,0.0,1.0,-0.9659258262890683,-0.25881904510252063
2025-12-12 17:15:00,4343.36,4345.22,4298.48,4300.54,7806,33,0,42.81999999999971,1.860000000000582,2.0600000000004,-42.93000000000029,-0.009883802581806779,-1,46.74000000000069,0.9161317927008505,17,15,4,0.0,0.0,1.0,-0.9659258262890683,-0.25881904510252063
2025-12-12 17:30:00,4300.24,4318.01,4295.22,4317.41,7365,33,0,17.170000000000073,0.6000000000003638,5.019999999999527,16.86999999999989,0.003922763187878706,1,22.789999999999964,0.75340061397394,17,30,4,0.0,0.0,1.0,-0.9659258262890683,-0.25881904510252063
2025-12-12 17:45:00,4317.29,4321.93,4283.01,4290.28,7039,33,0,27.01000000000022,4.640000000000327,7.269999999999527,-27.13000000000011,-0.006283859999397813,-1,38.92000000000007,0.6939876668309427,17,45,4,0.0,0.0,1.0,-0.9659258262890683,-0.25881904510252063
2025-12-12 18:00:00,4290.23,4296.31,4273.58,4286.22,7683,33,0,4.009999999999309,6.080000000000837,12.640000000000327,-4.059999999999491,-0.000946325181573112,-1,22.730000000000473,0.17641882966278208,18,0,4,0.0,0.0,1.0,-1.0,-1.8369701987210297e-16
2025-12-12 18:15:00,4286.17,4293.11,4272.14,4289.68,6716,33,0,3.5100000000002183,3.4299999999993815,14.029999999999745,3.4600000000000364,0.0008072380792399915,1,20.969999999999345,0.16738197416912293,18,15,4,0.0,0.0,1.0,-1.0,-1.8369701987210297e-16
2025-12-12 18:30:00,4289.78,4289.78,4257.64,4273.94,7092,33,0,15.840000000000146,0.0,16.299999999999272,-15.740000000000691,-0.0036692713675613776,-1,32.13999999999942,0.4928438081851896,18,30,4,0.0,0.0,1.0,-1.0,-1.8369701987210297e-16
2025-12-12 18:45:00,4273.92,4281.84,4270.58,4281.83,6920,33,0,7.9099999999998545,0.010000000000218279,3.3400000000001455,7.890000000000327,0.0018460717745219465,1,11.260000000000218,0.7024866778840883,18,45,4,0.0,0.0,1.0,-1.0,-1.8369701987210297e-16
2025-12-12 19:00:00,4281.77,4284.99,4270.99,4273.68,5883,33,0,8.090000000000146,3.219999999999345,2.6900000000005093,-8.149999999999636,-0.001903391774077821,-1,14.0,0.5778571424443981,19,0,4,0.0,0.0,1.0,-0.9659258262890684,0.2588190451025203
2025-12-12 19:15:00,4273.45,4290.73,4272.94,4282.07,5477,33,0,8.61999999999989,8.659999999999854,0.5100000000002183,8.389999999999418,0.001963179274068114,1,17.789999999999964,0.484541877186874,19,15,4,0.0,0.0,1.0,-0.9659258262890684,0.2588190451025203
2025-12-12 19:30:00,4282.03,4295.17,4281.65,4293.42,5320,33,0,11.390000000000327,1.75,0.38000000000010914,11.350000000000364,0.002650587215996087,1,13.520000000000437,0.8424556206786541,19,30,4,0.0,0.0,1.0,-0.9659258262890684,0.2588190451025203
2025-12-12 19:45:00,4293.31,4298.28,4291.61,4294.18,4267,33,0,0.8699999999998909,4.099999999999454,1.7000000000007276,0.7600000000002183,0.0001770150602550457,1,6.670000000000073,0.13043478241312348,19,45,4,0.0,0.0,1.0,-0.9659258262890684,0.2588190451025203
2025-12-12 20:00:00,4294.74,4303.01,4291.67,4300.88,4435,33,0,6.140000000000327,2.130000000000109,3.069999999999709,6.699999999999818,0.0015602513168986437,1,11.340000000000146,0.5414462076354308,20,0,4,0.0,0.0,1.0,-0.8660254037844386,0.5000000000000001
2025-12-12 20:15:00,4300.88,4303.5,4293.98,4295.26,4403,33,0,5.619999999999891,2.619999999999891,1.2800000000006548,-5.619999999999891,-0.0013067093246033115,-1,9.520000000000437,0.5903361338336419,20,15,4,0.0,0.0,1.0,-0.8660254037844386,0.5000000000000001
2025-12-12 20:30:00,4295.4,4300.41,4291.56,4291.93,3511,33,0,3.469999999999345,5.010000000000218,0.36999999999989086,-3.3299999999999272,-0.0007752732081410501,-1,8.849999999999454,0.39209039503713616,20,30,4,0.0,0.0,1.0,-0.8660254037844386,0.5000000000000001
2025-12-12 20:45:00,4291.97,4297.11,4290.47,4294.8,3854,33,0,2.8299999999999272,2.3099999999994907,1.5,2.869999999999891,0.0006686968333593256,1,6.639999999999418,0.4262048186352601,20,45,4,0.0,0.0,1.0,-0.8660254037844386,0.5000000000000001
2025-12-12 21:00:00,4294.83,4295.76,4289.79,4294.38,3884,33,0,0.4499999999998181,0.930000000000291,4.5900000000001455,-0.42000000000007276,-9.779267951943577e-05,-1,5.970000000000255,0.07537688429581743,21,0,4,0.0,0.0,1.0,-0.7071067811865477,0.7071067811865474
2025-12-12 21:15:00,4294.15,4299.68,4293.6,4296.06,3198,33,0,1.910000000000764,3.619999999999891,0.5499999999992724,1.680000000000291,0.00039120897545170453,1,6.079999999999927,0.31414473632554923,21,15,4,0.0,0.0,1.0,-0.7071067811865477,0.7071067811865474
2025-12-12 21:30:00,4296.09,4298.69,4293.61,4297.29,2949,33,0,1.199999999999818,1.3999999999996362,2.480000000000473,1.2299999999995634,0.00028630885043494814,1,5.079999999999927,0.23622047197591153,21,30,4,0.0,0.0,1.0,-0.7071067811865477,0.7071067811865474
2025-12-12 21:45:00,4297.3,4298.18,4294.15,4296.52,2689,33,0,0.7799999999997453,0.8800000000001091,2.3700000000008004,-0.7699999999995271,-0.00017918269420949645,-1,4.030000000000655,0.1935483866164106,21,45,4,0.0,0.0,1.0,-0.7071067811865477,0.7071067811865474
2025-12-12 22:00:00,4296.46,4302.72,4295.41,4299.75,2768,33,0,3.2899999999999636,2.9700000000002547,1.050000000000182,3.2299999999995634,0.0007517712008787491,1,7.3100000000004,0.4500683988370861,22,0,4,0.0,0.0,1.0,-0.5000000000000004,0.8660254037844384
2025-12-12 22:15:00,4299.71,4300.67,4291.0,4293.05,2969,39,0,6.6599999999998545,0.9600000000000364,2.050000000000182,-6.699999999999818,-0.0015582301296586589,-1,9.670000000000073,0.6887280241067759,22,15,4,0.0,0.0,1.0,-0.5000000000000004,0.8660254037844384
2025-12-12 22:30:00,4293.28,4299.76,4288.39,4298.89,3633,38,0,5.610000000000582,0.8699999999998909,4.889999999999418,5.8400000000001455,0.0013603382210782883,1,11.36999999999989,0.49340369349750207,22,30,4,0.0,0.0,1.0,-0.5000000000000004,0.8660254037844384
2025-12-12 22:45:00,4298.89,4302.92,4294.05,4299.29,3982,37,0,0.3999999999996362,3.630000000000109,4.8400000000001455,0.3999999999996362,9.304727499415807e-05,1,8.86999999999989,0.045095828584969876,22,45,4,0.0,0.0,1.0,-0.5000000000000004,0.8660254037844384
2025-12-12 23:00:00,4299.3,4301.53,4298.1,4299.7,1878,34,0,0.3999999999996362,1.8299999999999272,1.199999999999818,0.4099999999998545,9.536458345444352e-05,1,3.4299999999993815,0.11661807546166984,23,0,4,0.0,0.0,1.0,-0.25881904510252157,0.9659258262890681
2025-12-12 23:15:00,4299.58,4303.61,4299.01,4302.73,1601,34,0,3.149999999999636,0.8800000000001091,0.569999999999709,3.0299999999997453,0.0007047003279297963,1,4.599999999999454,0.6847826072069965,23,15,4,0.0,0.0,1.0,-0.25881904510252157,0.9659258262890681
2025-12-12 23:30:00,4302.68,4304.06,4300.96,4301.54,1192,37,0,1.1400000000003274,1.3800000000001091,0.5799999999999272,-1.1899999999995998,-0.0002765685971463698,-1,3.100000000000364,0.36774193429766916,23,30,4,0.0,0.0,1.0,-0.25881904510252157,0.9659258262890681
2025-12-12 23:45:00,4301.47,4303.35,4297.2,4300.69,916,42,0,0.7800000000006548,1.8800000000001091,3.4899999999997817,-0.8500000000003638,-0.00019760364892581816,-1,6.150000000000546,0.1268292680865517,23,45,4,0.0,0.0,1.0,-0.25881904510252157,0.9659258262890681
2025-12-15 01:00:00,4299.77,4307.61,4291.59,4302.86,1801,42,0,3.089999999999236,4.75,8.180000000000291,2.1700000000000728,0.000504570196875402,1,16.019999999999527,0.1928838950106422,1,0,0,1.0,0.0,0.0,0.25881904510252074,0.9659258262890683
2025-12-15 01:15:00,4302.98,4306.39,4302.78,4304.91,1533,42,0,1.930000000000291,1.480000000000473,0.1999999999998181,2.050000000000182,0.0004764273064892146,1,3.610000000000582,0.5346260373001993,1,15,0,1.0,0.0,0.0,0.25881904510252074,0.9659258262890683
2025-12-15 01:30:00,4304.91,4308.43,4303.75,4306.0,1358,41,0,1.0900000000001455,2.430000000000291,1.1599999999998545,1.0900000000001455,0.00025319925387526,1,4.680000000000291,0.23290598240833715,1,30,0,1.0,0.0,0.0,0.25881904510252074,0.9659258262890683
2025-12-15 01:45:00,4305.92,4306.68,4301.41,4302.29,1367,41,0,3.630000000000109,0.7600000000002183,0.8800000000001091,-3.7100000000000364,-0.000861588481189047,-1,5.270000000000437,0.6888045527726305,1,45,0,1.0,0.0,0.0,0.25881904510252074,0.9659258262890683
2025-12-15 02:00:00,4302.33,4306.62,4300.04,4304.11,1603,33,0,1.7799999999997453,2.5100000000002183,2.2899999999999636,1.819999999999709,0.0004230305256037387,1,6.579999999999927,0.27051671691407264,2,0,0,1.0,0.0,0.0,0.49999999999999994,0.8660254037844387
2025-12-15 02:15:00,4304.11,4304.25,4300.85,4301.94,1145,33,0,2.1700000000000728,0.14000000000032742,1.089999999999236,-2.1700000000000728,-0.0005041692707667957,-1,3.399999999999636,0.6382352922405742,2,15,0,1.0,0.0,0.0,0.49999999999999994,0.8660254037844387
2025-12-15 02:30:00,4301.93,4307.98,4301.93,4305.51,1871,33,0,3.5799999999999272,2.469999999999345,0.0,3.5700000000006185,0.0008298581570176755,1,6.049999999999272,0.5917355362120665,2,30,0,1.0,0.0,0.0,0.49999999999999994,0.8660254037844387
2025-12-15 02:45:00,4305.51,4307.72,4303.44,4307.41,1866,33,0,1.8999999999996362,0.3100000000004002,2.0700000000006185,1.8999999999996362,0.00044129499176628,1,4.280000000000655,0.4439252326074984,2,45,0,1.0,0.0,0.0,0.49999999999999994,0.8660254037844387
2025-12-15 03:00:00,4307.47,4313.9,4305.67,4313.1,4916,33,0,5.630000000000109,0.7999999999992724,1.800000000000182,5.690000000000509,0.0013209794284733771,1,8.229999999999563,0.6840826237131933,3,0,0,1.0,0.0,0.0,0.7071067811865476,0.7071067811865476
2025-12-15 03:15:00,4313.1,4315.65,4309.61,4314.89,3130,33,0,1.7899999999999636,0.7599999999993088,3.490000000000691,1.7899999999999636,0.00041501472258931245,1,6.039999999999964,0.2963576154033772,3,15,0,1.0,0.0,0.0,0.7071067811865476,0.7071067811865476
2025-12-15 03:30:00,4314.89,4324.76,4314.44,4319.76,3182,33,0,4.869999999999891,5.0,0.4500000000007276,4.869999999999891,0.0011286498612942371,1,10.320000000000618,0.471899224348896,3,30,0,1.0,0.0,0.0,0.7071067811865476,0.7071067811865476
2025-12-15 03:45:00,4319.72,4325.59,4319.38,4322.39,2877,33,0,2.6700000000000728,3.199999999999818,0.3400000000001455,2.630000000000109,0.0006088301201918878,1,6.210000000000036,0.4299516901289115,3,45,0,1.0,0.0,0.0,0.7071067811865476,0.7071067811865476
2025-12-15 04:00:00,4322.23,4326.7,4320.86,4321.43,3575,33,0,0.7999999999992724,4.470000000000255,0.5700000000006185,-0.9600000000000364,-0.00022209934781452768,-1,5.8400000000001455,0.13698630113516944,4,0,0,1.0,0.0,0.0,0.8660254037844386,0.5000000000000001
2025-12-15 04:15:00,4321.49,4325.01,4321.09,4324.26,1891,33,0,2.7700000000004366,0.75,0.3999999999996362,2.8299999999999272,0.0006548758165699611,1,3.9200000000000728,0.7066326512586885,4,15,0,1.0,0.0,0.0,0.8660254037844386,0.5000000000000001
2025-12-15 04:30:00,4324.26,4329.07,4324.12,4328.82,3195,33,0,4.559999999999491,0.25,0.14000000000032742,4.559999999999491,0.0010545156859207102,1,4.949999999999818,0.9212121193510175,4,30,0,1.0,0.0,0.0,0.8660254037844386,0.5000000000000001
2025-12-15 04:45:00,4328.54,4329.12,4325.12,4326.37,2981,33,0,2.1700000000000728,0.5799999999999272,1.25,-2.449999999999818,-0.000565974099177101,-1,4.0,0.5424999986437682,4,45,0,1.0,0.0,0.0,0.8660254037844386,0.5000000000000001
2025-12-15 05:00:00,4326.39,4329.61,4322.66,4323.13,3751,33,0,3.2600000000002183,3.219999999999345,0.47000000000025466,-3.2399999999997817,-0.0007488957255157977,-1,6.949999999999818,0.46906474752656924,5,0,0,1.0,0.0,0.0,0.9659258262890683,0.25881904510252074
2025-12-15 05:15:00,4323.13,4324.21,4319.36,4323.87,3188,33,0,0.7399999999997817,0.3400000000001455,3.7700000000004366,0.7399999999997817,0.0001711722756428286,1,4.850000000000364,0.15257731927298002,5,15,0,1.0,0.0,0.0,0.9659258262890683,0.25881904510252074
2025-12-15 05:30:00,4323.89,4328.65,4323.73,4327.76,2507,33,0,3.869999999999891,0.8899999999994179,0.16000000000076398,3.8900000000003274,0.0008996570202157621,1,4.920000000000073,0.786585364254874,5,30,0,1.0,0.0,0.0,0.9659258262890683,0.25881904510252074
2025-12-15 05:45:00,4327.77,4327.77,4325.11,4327.04,2545,33,0,0.7300000000004729,0.0,1.930000000000291,-0.7200000000002547,-0.00016636782076645993,-1,2.660000000000764,0.2744360891939483,5,45,0,1.0,0.0,0.0,0.9659258262890683,0.25881904510252074
2025-12-15 06:00:00,4326.94,4329.61,4325.39,4328.11,2205,33,0,1.1700000000000728,1.5,1.5499999999992724,1.069999999999709,0.0002472822067740786,1,4.219999999999345,0.2772511841771902,6,0,0,1.0,0.0,0.0,1.0,6.123233995736766e-17
2025-12-15 06:15:00,4328.07,4329.93,4326.48,4327.68,1928,33,0,0.3899999999994179,1.860000000000582,1.2000000000007276,-0.42999999999938154,-9.93505248247807e-05,-1,3.4500000000007276,0.11304347793301475,6,15,0,1.0,0.0,0.0,1.0,6.123233995736766e-17
2025-12-15 06:30:00,4327.73,4327.93,4323.12,4326.5,1870,33,0,1.2299999999995634,0.2000000000007276,3.380000000000109,-1.180000000000291,-0.00027266341319143075,-1,4.8100000000004,0.255717255185507,6,30,0,1.0,0.0,0.0,1.0,6.123233995736766e-17
2025-12-15 06:45:00,4326.51,4328.0,4324.76,4325.97,2102,33,0,0.5399999999999636,1.4899999999997817,1.2100000000000364,-0.5299999999997453,-0.00012250086675135683,-1,3.2399999999997817,0.1666666661522634,6,45,0,1.0,0.0,0.0,1.0,6.123233995736766e-17
2025-12-15 07:00:00,4325.97,4327.52,4324.72,4326.31,2073,33,0,0.3400000000001455,1.2100000000000364,1.25,0.3400000000001455,7.859508965622635e-05,1,2.800000000000182,0.12142857099494204,7,0,0,1.0,0.0,0.0,0.9659258262890683,-0.25881904510252063
2025-12-15 07:15:00,4326.37,4331.08,4325.96,4329.66,2309,33,0,3.2899999999999636,1.4200000000000728,0.4099999999998545,3.3499999999994543,0.0007743319364538033,1,5.119999999999891,0.6425781237449713,7,15,0,1.0,0.0,0.0,0.9659258262890683,-0.25881904510252063
2025-12-15 07:30:00,4329.47,4340.11,4329.35,4338.94,3987,33,0,9.469999999999345,1.1700000000000728,0.11999999999989086,9.279999999999745,0.0021433553673959956,1,10.759999999999309,0.8801115233456168,7,30,0,1.0,0.0,0.0,0.9659258262890683,-0.25881904510252063
2025-12-15 07:45:00,4338.95,4344.3,4337.98,4343.51,2829,33,0,4.5600000000004,0.7899999999999636,0.9700000000002547,4.5700000000006185,0.0010532526377411578,1,6.3200000000006185,0.7215189862001209,7,45,0,1.0,0.0,0.0,0.9659258262890683,-0.25881904510252063
2025-12-15 08:00:00,4343.51,4345.7,4339.64,4342.88,3165,33,0,0.6300000000001091,2.1899999999996,3.2399999999997817,-0.6300000000001091,-0.0001450439851640975,-1,6.059999999999491,0.1039603958680789,8,0,0,0.0,1.0,0.0,0.8660254037844387,-0.4999999999999998
2025-12-15 08:15:00,4342.88,4345.49,4342.49,4343.88,3758,33,0,1.0,1.6099999999996726,0.3900000000003274,1.0,0.00023026194598975793,1,3.0,0.3333333322222222,8,15,0,0.0,1.0,0.0,0.8660254037844387,-0.4999999999999998
2025-12-15 08:30:00,4343.89,4345.7,4341.98,4345.38,2401,33,0,1.4899999999997817,0.31999999999970896,1.910000000000764,1.5,0.00034531340644769194,1,3.7200000000002547,0.400537633331802,8,30,0,0.0,1.0,0.0,0.8660254037844387,-0.4999999999999998
2025-12-15 08:45:00,4345.53,4347.27,4342.92,4343.46,2437,33,0,2.069999999999709,1.7400000000006912,0.5399999999999636,-1.9200000000000728,-0.00044184858401338263,-1,4.350000000000364,0.4758620678714748,8,45,0,0.0,1.0,0.0,0.8660254037844387,-0.4999999999999998
2025-12-15 09:00:00,4343.46,4344.14,4340.7,4342.26,2568,33,0,1.199999999999818,0.680000000000291,1.5600000000004002,-1.199999999999818,-0.0002762774378029999,-1,3.4400000000005093,0.3488372082881594,9,0,0,0.0,1.0,0.0,0.7071067811865476,-0.7071067811865475
2025-12-15 09:15:00,4342.26,4344.64,4341.41,4343.99,1670,33,0,1.7299999999995634,0.6500000000005457,0.8500000000003638,1.7299999999995634,0.0003984100445389183,1,3.230000000000473,0.5356037135118492,9,15,0,0.0,1.0,0.0,0.7071067811865476,-0.7071067811865475
2025-12-15 09:30:00,4343.99,4344.33,4333.62,4339.69,2864,33,0,4.300000000000182,0.3400000000001455,6.069999999999709,-4.300000000000182,-0.0009898733652702197,-1,10.710000000000036,0.4014939305308336,9,30,0,0.0,1.0,0.0,0.7071067811865476,-0.7071067811865475
2025-12-15 09:45:00,4339.7,4341.93,4338.91,4339.13,2178,33,0,0.569999999999709,2.230000000000473,0.22000000000025466,-0.5599999999994907,-0.0001290414753126354,-1,3.0200000000004366,0.1887417212292084,9,45,0,0.0,1.0,0.0,0.7071067811865476,-0.7071067811865475
2025-12-15 10:00:00,4339.16,4344.47,4338.8,4342.81,2752,33,0,3.6500000000005457,1.6599999999998545,0.3599999999996726,3.680000000000291,0.0008480962773644235,1,5.670000000000073,0.6437389759370563,10,0,0,0.0,1.0,0.0,0.49999999999999994,-0.8660254037844387
2025-12-15 10:15:00,4342.85,4346.69,4341.19,4345.81,2610,33,0,2.9600000000000364,0.8799999999991996,1.660000000000764,3.0,0.0006907969724671353,1,5.5,0.5381818172033124,10,15,0,0.0,1.0,0.0,0.49999999999999994,-0.8660254037844387
2025-12-15 10:30:00,4345.79,4346.75,4343.76,4345.12,2116,33,0,0.6700000000000728,0.9600000000000364,1.3599999999996726,-0.6900000000005093,-0.0001587736233292549,-1,2.9899999999997817,0.22408026680913679,10,30,0,0.0,1.0,0.0,0.49999999999999994,-0.8660254037844387
2025-12-15 10:45:00,4345.12,4348.9,4344.53,4346.96,2445,33,0,1.8400000000001455,1.9399999999995998,0.5900000000001455,1.8400000000001455,0.00042346356372209413,1,4.369999999999891,0.42105263061548404,10,45,0,0.0,1.0,0.0,0.49999999999999994,-0.8660254037844387
2025-12-15 11:00:00,4346.78,4349.53,4343.18,4349.09,2274,33,0,2.3100000000004,0.4399999999995998,3.5999999999994543,2.130000000000109,0.0004899976075234438,1,6.349999999999454,0.36377952698626825,11,0,0,0.0,1.0,0.0,0.258819045102521,-0.9659258262890682
2025-12-15 11:15:00,4349.09,4350.16,4344.53,4347.65,2545,33,0,1.4400000000005093,1.069999999999709,3.119999999999891,-1.4400000000005093,-0.00033110374814053267,-1,5.630000000000109,0.25577264608219447,11,15,0,0.0,1.0,0.0,0.258819045102521,-0.9659258262890682
2025-12-15 11:30:00,4347.76,4349.96,4344.42,4345.09,2149,33,0,2.6700000000000728,2.199999999999818,0.6700000000000728,-2.5599999999994907,-0.0005888238473657012,-1,5.539999999999964,0.48194945761382596,11,30,0,0.0,1.0,0.0,0.258819045102521,-0.9659258262890682
2025-12-15 11:45:00,4345.07,4345.8,4342.27,4342.47,2385,33,0,2.5999999999994543,0.7300000000004729,0.1999999999998181,-2.619999999999891,-0.0006029794549709881,-1,3.5299999999997453,0.7365439072618138,11,45,0,0.0,1.0,0.0,0.258819045102521,-0.9659258262890682
2025-12-15 12:00:00,4342.44,4344.21,4340.63,4343.21,1796,33,0,0.7700000000004366,1.0,1.8099999999994907,0.7399999999997817,0.00017040992799024097,1,3.5799999999999272,0.21508379828201515,12,0,0,0.0,1.0,0.0,1.2246467991473532e-16,-1.0
2025-12-15 12:15:00,4343.27,4348.17,4342.13,4342.59,1643,33,0,0.680000000000291,4.899999999999636,0.4600000000000364,-0.6199999999998909,-0.0001427515593305161,-1,6.039999999999964,0.11258278127060717,12,15,0,0.0,1.0,0.0,1.2246467991473532e-16,-1.0
2025-12-15 12:30:00,4342.61,4343.41,4337.71,4338.6,2456,33,0,4.009999999999309,0.8000000000001819,0.8900000000003274,-3.9899999999997817,-0.0009188065186904086,-1,5.699999999999818,0.7035087706954999,12,30,0,0.0,1.0,0.0,1.2246467991473532e-16,-1.0
2025-12-15 12:45:00,4338.56,4342.16,4338.08,4339.58,1576,33,0,1.019999999999527,2.5799999999999272,0.48000000000047294,0.9799999999995634,0.0002258793159082569,1,4.079999999999927,0.24999999938714346,12,45,0,0.0,1.0,0.0,1.2246467991473532e-16,-1.0
2025-12-15 13:00:00,4339.54,4339.54,4335.32,4338.29,1702,33,0,1.25,0.0,2.9700000000002547,-1.2899999999999636,-0.00029726379050506357,-1,4.220000000000255,0.29620853010375336,13,0,0,0.0,1.0,0.0,-0.2588190451025208,-0.9659258262890683
2025-12-15 13:15:00,4338.24,4341.6,4335.74,4340.69,1685,33,0,2.449999999999818,0.910000000000764,2.5,2.399999999999636,0.0005532133628686962,1,5.860000000000582,0.4180887364878306,13,15,0,0.0,1.0,0.0,-0.2588190451025208,-0.9659258262890683
2025-12-15 13:30:00,4340.71,4341.6,4338.88,4340.66,1477,33,0,0.0500000000001819,0.8900000000003274,1.7799999999997453,-0.02999999999974534,-6.911343588172697e-06,-1,2.7200000000002547,0.018382352873659445,13,30,0,0.0,1.0,0.0,-0.2588190451025208,-0.9659258262890683
2025-12-15 13:45:00,4340.62,4343.59,4339.31,4342.68,1755,33,0,2.0600000000004,0.9099999999998545,1.3099999999994907,2.0200000000004366,0.0004653670179190346,1,4.279999999999745,0.48130841009052305,13,45,0,0.0,1.0,0.0,-0.2588190451025208,-0.9659258262890683
2025-12-15 14:00:00,4342.7,4345.56,4342.62,4343.65,2091,33,0,0.9499999999998181,1.910000000000764,0.07999999999992724,0.9699999999993452,0.00022336437407300219,1,2.9400000000005093,0.32312925060148334,14,0,0,0.0,1.0,0.0,-0.4999999999999997,-0.8660254037844388
2025-12-15 14:15:00,4343.65,4346.45,4342.92,4346.31,1841,33,0,2.660000000000764,0.13999999999941792,0.7299999999995634,2.660000000000764,0.0006123881988651858,1,3.5299999999997453,0.7535410743528457,14,15,0,0.0,1.0,0.0,-0.4999999999999997,-0.8660254037844388
2025-12-15 14:30:00,4346.31,4348.25,4344.86,4345.36,1950,33,0,0.9500000000007276,1.9399999999995998,0.5,-0.9500000000007276,-0.00021857621752721906,-1,3.3900000000003274,0.2802359873741227,14,30,0,0.0,1.0,0.0,-0.4999999999999997,-0.8660254037844388
2025-12-15 14:45:00,4345.31,4347.04,4343.42,4345.63,2132,33,0,0.31999999999970896,1.4099999999998545,1.8900000000003274,0.27000000000043656,6.21352431099924e-05,1,3.619999999999891,0.0883977898109781,14,45,0,0.0,1.0,0.0,-0.4999999999999997,-0.8660254037844388
2025-12-15 15:00:00,4345.54,4346.18,4333.61,4335.63,5246,33,0,9.909999999999854,0.6400000000003274,2.0200000000004366,-10.0,-0.0023011623170863605,-1,12.570000000000618,0.788385043127726,15,0,0,0.0,1.0,0.0,-0.7071067811865471,-0.7071067811865479
2025-12-15 15:15:00,4335.61,4341.37,4334.59,4339.71,3577,33,0,4.100000000000364,1.6599999999998545,1.019999999999527,4.079999999999927,0.000941039710491884,1,6.779999999999745,0.6047197631199588,15,15,0,0.0,1.0,0.0,-0.7071067811865471,-0.7071067811865479
2025-12-15 15:30:00,4339.71,4341.84,4335.57,4338.39,3115,33,0,1.319999999999709,2.130000000000109,2.8200000000006185,-1.319999999999709,-0.00030416779001355137,-1,6.270000000000437,0.21052631545364497,15,30,0,0.0,1.0,0.0,-0.7071067811865471,-0.7071067811865479
2025-12-15 15:45:00,4338.41,4344.45,4330.84,4332.09,4508,33,0,6.319999999999709,6.039999999999964,1.25,-6.300000000000182,-0.0014521516046275649,-1,13.609999999999673,0.4643644375720952,15,45,0,0.0,1.0,0.0,-0.7071067811865471,-0.7071067811865479
2025-12-15 16:00:00,4332.1,4336.65,4328.35,4328.96,4088,33,0,3.1400000000003274,4.549999999999272,0.6099999999996726,-3.130000000000109,-0.00072251499853422,-1,8.299999999999272,0.37831325255632164,16,0,0,0.0,0.0,1.0,-0.8660254037844384,-0.5000000000000004
2025-12-15 16:15:00,4328.96,4332.53,4321.32,4325.14,3924,33,0,3.819999999999709,3.569999999999709,3.8200000000006185,-3.819999999999709,-0.0008824290360732621,-1,11.210000000000036,0.3407671718636953,16,15,0,0.0,0.0,1.0,-0.8660254037844384,-0.5000000000000004
2025-12-15 16:30:00,4325.29,4335.02,4320.57,4327.98,6799,33,0,2.6899999999996,7.040000000000873,4.720000000000255,2.839999999999236,0.0006566261438934313,1,14.450000000000728,0.18615916942130606,16,30,0,0.0,0.0,1.0,-0.8660254037844384,-0.5000000000000004
2025-12-15 16:45:00,4328.02,4331.18,4317.34,4323.78,6609,33,0,4.240000000000691,3.1599999999998545,6.4399999999996,-4.199999999999818,-0.0009704296230573659,-1,13.840000000000146,0.30635838128157966,16,45,0,0.0,0.0,1.0,-0.8660254037844384,-0.5000000000000004
2025-12-15 17:00:00,4323.78,4327.23,4312.3,4322.76,6361,33,0,1.019999999999527,3.449999999999818,10.460000000000036,-1.019999999999527,-0.00023590469450331125,-1,14.929999999999382,0.06831882111965044,17,0,0,0.0,0.0,1.0,-0.9659258262890683,-0.25881904510252063
2025-12-15 17:15:00,4322.83,4327.62,4311.64,4314.18,6206,33,0,8.649999999999636,4.789999999999964,2.5399999999999636,-8.579999999999927,-0.001984843016961369,-1,15.979999999999563,0.5413016266950473,17,15,0,0.0,0.0,1.0,-0.9659258262890683,-0.25881904510252063
2025-12-15 17:30:00,4314.18,4324.59,4312.97,4323.08,5306,33,0,8.899999999999636,1.5100000000002183,1.2100000000000364,8.899999999999636,0.002062964456744882,1,11.61999999999989,0.7659208255026257,17,30,0,0.0,0.0,1.0,-0.9659258262890683,-0.25881904510252063
2025-12-15 17:45:00,4323.55,4327.79,4316.88,4318.1,4664,33,0,5.449999999999818,4.239999999999782,1.2200000000002547,-4.979999999999563,-0.0011519564754757172,-1,10.909999999999854,0.49954170440004336,17,45,0,0.0,0.0,1.0,-0.9659258262890683,-0.25881904510252063
2025-12-15 18:00:00,4318.07,4318.67,4300.93,4303.39,6338,33,0,14.679999999999382,0.6000000000003638,2.4600000000000364,-14.710000000000036,-0.0034065908617215987,-1,17.73999999999978,0.8275084550013797,18,0,0,0.0,0.0,1.0,-1.0,-1.8369701987210297e-16
2025-12-15 18:15:00,4303.39,4305.64,4292.8,4296.25,6002,33,0,7.140000000000327,2.25,3.449999999999818,-7.140000000000327,-0.0016591570831368588,-1,12.840000000000146,0.5560747659220793,18,15,0,0.0,0.0,1.0,-1.0,-1.8369701987210297e-16
2025-12-15 18:30:00,4296.08,4299.97,4285.17,4296.41,6263,33,0,0.32999999999992724,3.5600000000004,10.909999999999854,0.15999999999985448,3.724178062260215e-05,1,14.800000000000182,0.022297297282226364,18,30,0,0.0,0.0,1.0,-1.0,-1.8369701987210297e-16
2025-12-15 18:45:00,4296.51,4299.69,4292.29,4297.44,5235,33,0,0.9299999999993815,2.25,4.220000000000255,1.0299999999997453,0.00023973503459859402,1,7.399999999999636,0.12567567550576628,18,45,0,0.0,0.0,1.0,-1.0,-1.8369701987210297e-16
2025-12-15 19:00:00,4297.44,4300.07,4290.62,4296.87,4708,33,0,0.569999999999709,2.630000000000109,6.25,-0.569999999999709,-0.00013263710488097775,-1,9.449999999999818,0.06031746025360268,19,0,0,0.0,0.0,1.0,-0.9659258262890684,0.2588190451025203
2025-12-15 19:15:00,4296.87,4303.6,4293.28,4302.03,4142,33,0,5.1599999999998545,1.5700000000006185,3.5900000000001455,5.1599999999998545,0.001200874124653493,1,10.320000000000618,0.49999999951545976,19,15,0,0.0,0.0,1.0,-0.9659258262890684,0.2588190451025203
2025-12-15 19:30:00,4302.03,4305.01,4300.18,4303.93,4454,33,0,1.9000000000005457,1.0799999999999272,1.8499999999994543,1.9000000000005457,0.00044165196430535024,1,4.829999999999927,0.3933747403865066,19,30,0,0.0,0.0,1.0,-0.9659258262890684,0.2588190451025203
2025-12-15 19:45:00,4303.87,4306.51,4301.92,4304.38,3871,33,0,0.5100000000002183,2.130000000000109,1.949999999999818,0.4499999999998181,0.00010455560383180444,1,4.5900000000001455,0.11111111086908301,19,45,0,0.0,0.0,1.0,-0.9659258262890684,0.2588190451025203
2025-12-15 20:00:00,4304.38,4305.27,4301.16,4302.56,3304,33,0,1.819999999999709,0.8900000000003274,1.4000000000005457,-1.819999999999709,-0.0004228251223171999,-1,4.110000000000582,0.4428223833506636,20,0,0,0.0,0.0,1.0,-0.8660254037844386,0.5000000000000001
2025-12-15 20:15:00,4302.62,4306.38,4299.92,4305.45,3605,33,0,2.8299999999999272,0.930000000000291,2.699999999999818,2.889999999999418,0.0006716931315308601,1,6.460000000000036,0.43808049467788024,20,15,0,0.0,0.0,1.0,-0.8660254037844386,0.5000000000000001
2025-12-15 20:30:00,4305.49,4310.2,4302.55,4309.76,3978,33,0,4.270000000000437,0.4399999999995998,2.9399999999996,4.3100000000004,0.001001056800102289,1,7.649999999999636,0.5581699339109726,20,30,0,0.0,0.0,1.0,-0.8660254037844386,0.5000000000000001
2025-12-15 20:45:00,4309.77,4313.56,4307.88,4313.05,2844,33,0,3.2799999999997453,0.5100000000002183,1.8900000000003274,3.2899999999999636,0.0007633835758835674,1,5.680000000000291,0.5774647877156566,20,45,0,0.0,0.0,1.0,-0.8660254037844386,0.5000000000000001
2025-12-15 21:00:00,4313.0,4317.71,4312.12,4312.55,3891,33,0,0.4499999999998181,4.710000000000036,0.43000000000029104,-0.5,-0.00011592724406162692,-1,5.5900000000001455,0.08050089431033944,21,0,0,0.0,0.0,1.0,-0.7071067811865477,0.7071067811865474
2025-12-15 21:15:00,4312.55,4314.45,4309.05,4309.29,2832,33,0,3.2600000000002183,1.8999999999996362,0.23999999999978172,-3.2600000000002183,-0.0007559332645419109,-1,5.399999999999636,0.603703702585815,21,15,0,0.0,0.0,1.0,-0.7071067811865477,0.7071067811865474
2025-12-15 21:30:00,4309.29,4312.15,4307.82,4311.27,2661,33,0,1.980000000000473,0.8799999999991996,1.4700000000002547,1.980000000000473,0.0004594724420961395,1,4.329999999999927,0.4572748257338933,21,30,0,0.0,0.0,1.0,-0.7071067811865477,0.7071067811865474
2025-12-15 21:45:00,4311.29,4314.44,4310.1,4314.09,2820,33,0,2.800000000000182,0.3499999999994543,1.1899999999995998,2.819999999999709,0.0006540996040609167,1,4.339999999999236,0.6451612888361894,21,45,0,0.0,0.0,1.0,-0.7071067811865477,0.7071067811865474
2025-12-15 22:00:00,4314.08,4314.3,4311.3,4311.54,2558,33,0,2.5399999999999636,0.22000000000025466,0.23999999999978172,-2.550000000000182,-0.0005910864168341833,-1,3.0,0.8466666638444323,22,0,0,0.0,0.0,1.0,-0.5000000000000004,0.8660254037844384
2025-12-15 22:15:00,4311.53,4311.6,4299.32,4305.0,3868,38,0,6.529999999999745,0.07000000000061846,5.680000000000291,-6.539999999999964,-0.001516859405224111,-1,12.280000000000655,0.5317589572216456,22,15,0,0.0,0.0,1.0,-0.5000000000000004,0.8660254037844384
2025-12-15 22:30:00,4305.0,4307.52,4300.34,4305.69,2752,35,0,0.6899999999995998,1.8300000000008367,4.6599999999998545,0.6899999999995998,0.00016027874564450634,1,7.180000000000291,0.096100278417628,22,30,0,0.0,0.0,1.0,-0.5000000000000004,0.8660254037844384
2025-12-15 22:45:00,4305.65,4307.43,4303.94,4304.27,2810,34,0,1.3799999999991996,1.7800000000006548,0.33000000000083674,-1.4199999999991633,-0.0003297961534618524,-1,3.490000000000691,0.3954154716460664,22,45,0,0.0,0.0,1.0,-0.5000000000000004,0.8660254037844384
2025-12-15 23:00:00,4304.27,4305.47,4300.56,4304.39,1472,35,0,0.11999999999989086,1.0799999999999272,3.7100000000000364,0.11999999999989086,2.7879291958889856e-05,1,4.9099999999998545,0.024439918483807582,23,0,0,0.0,0.0,1.0,-0.25881904510252157,0.9659258262890681
2025-12-15 23:15:00,4304.44,4304.83,4302.63,4303.69,870,34,0,0.75,0.3900000000003274,1.0599999999994907,-0.7000000000007276,-0.00016262466923320785,-1,2.199999999999818,0.34090908935953235,23,15,0,0.0,0.0,1.0,-0.25881904510252157,0.9659258262890681
2025-12-15 23:30:00,4303.7,4304.56,4301.21,4302.03,715,38,0,1.6700000000000728,0.8600000000005821,0.819999999999709,-1.6599999999998545,-0.0003857155138961809,-1,3.350000000000364,0.4985074611984528,23,30,0,0.0,0.0,1.0,-0.25881904510252157,0.9659258262890681
2025-12-15 23:45:00,4302.03,4305.65,4302.01,4305.32,564,42,0,3.2899999999999636,0.32999999999992724,0.019999999999527063,3.2899999999999636,0.0007647552434548257,1,3.639999999999418,0.9038461513631946,23,45,0,0.0,0.0,1.0,-0.25881904510252157,0.9659258262890681
2025-12-16 01:00:00,4309.63,4309.63,4304.77,4306.13,1653,42,0,3.5,0.0,1.3599999999996726,0.8100000000004002,0.00018813932529995452,-1,4.859999999999673,0.7201646075717263,1,0,1,1.0,0.0,0.0,0.25881904510252074,0.9659258262890683
2025-12-16 01:15:00,4306.13,4309.64,4306.07,4307.42,900,42,0,1.2899999999999636,2.2200000000002547,0.06000000000040018,1.2899999999999636,0.00029957293439816346,1,3.5700000000006185,0.3613445368028837,1,15,1,1.0,0.0,0.0,0.25881904510252074,0.9659258262890683
2025-12-16 01:30:00,4307.56,4308.34,4305.81,4306.82,816,40,0,0.7400000000006912,0.7799999999997453,1.0099999999993088,-0.6000000000003638,-0.00013929451968936482,-1,2.5299999999997453,0.29249011742129033,1,30,1,1.0,0.0,0.0,0.25881904510252074,0.9659258262890683
2025-12-16 01:45:00,4306.73,4307.92,4303.2,4303.99,1081,39,0,2.7399999999997817,1.1900000000005093,0.7899999999999636,-2.8299999999999272,-0.0006570973479272242,-1,4.720000000000255,0.5805084733463028,1,45,1,1.0,0.0,0.0,0.25881904510252074,0.9659258262890683
2025-12-16 02:00:00,4303.99,4308.91,4302.71,4307.29,1748,33,0,3.300000000000182,1.6199999999998909,1.2799999999997453,3.300000000000182,0.0007667304059721751,1,6.199999999999818,0.5322580636576932,2,0,1,1.0,0.0,0.0,0.49999999999999994,0.8660254037844387
2025-12-16 02:15:00,4307.29,4309.78,4304.37,4309.36,2116,33,0,2.069999999999709,0.42000000000007276,2.9200000000000728,2.069999999999709,0.0004805805970806955,1,5.4099999999998545,0.3826247682390974,2,15,1,1.0,0.0,0.0,0.49999999999999994,0.8660254037844387
2025-12-16 02:30:00,4309.75,4313.16,4307.58,4311.62,2194,33,0,1.8699999999998909,1.5399999999999636,2.1700000000000728,2.2600000000002183,0.0005244398240110407,1,5.579999999999927,0.33512544742807543,2,30,1,1.0,0.0,0.0,0.49999999999999994,0.8660254037844387
2025-12-16 02:45:00,4311.63,4311.84,4305.7,4307.73,1387,33,0,3.9000000000005457,0.21000000000003638,2.0299999999997453,-3.8900000000003274,-0.0009022130892797434,-1,6.140000000000327,0.6351791520600238,2,45,1,1.0,0.0,0.0,0.49999999999999994,0.8660254037844387
2025-12-16 03:00:00,4308.05,4308.35,4299.03,4304.18,4550,33,0,3.869999999999891,0.3000000000001819,5.150000000000546,-3.5499999999992724,-0.0008240999319825691,-1,9.320000000000618,0.41523605105657435,3,0,1,1.0,0.0,0.0,0.7071067811865476,0.7071067811865476
2025-12-16 03:15:00,4304.1,4311.75,4303.96,4311.42,2928,33,0,7.319999999999709,0.32999999999992724,0.14000000000032742,7.239999999999782,0.0016820857863750543,1,7.789999999999964,0.9396662375613711,3,15,1,1.0,0.0,0.0,0.7071067811865476,0.7071067811865476
2025-12-16 03:30:00,4311.43,4317.71,4311.17,4314.64,3109,33,0,3.2100000000000364,3.069999999999709,0.2600000000002183,3.2200000000002547,0.0007468537048119307,1,6.539999999999964,0.4908256873229048,3,30,1,1.0,0.0,0.0,0.7071067811865476,0.7071067811865476
2025-12-16 03:45:00,4314.64,4316.02,4304.66,4308.7,3215,33,0,5.940000000000509,1.3800000000001091,4.039999999999964,-5.940000000000509,-0.0013767081378748885,-1,11.360000000000582,0.5228873234833918,3,45,1,1.0,0.0,0.0,0.7071067811865476,0.7071067811865476
2025-12-16 04:00:00,4308.7,4311.84,4305.79,4310.77,3110,33,0,2.0700000000006185,1.069999999999709,2.9099999999998545,2.0700000000006185,0.000480423329542697,1,6.050000000000182,0.3421487597651353,4,0,1,1.0,0.0,0.0,0.8660254037844386,0.5000000000000001
2025-12-16 04:15:00,4310.77,4312.13,4307.28,4310.83,1898,33,0,0.05999999999949068,1.300000000000182,3.490000000000691,0.05999999999949068,1.3918627066507997e-05,1,4.850000000000364,0.012371133995005123,4,15,1,1.0,0.0,0.0,0.8660254037844386,0.5000000000000001
2025-12-16 04:30:00,4310.92,4311.95,4305.48,4309.14,3465,33,0,1.7799999999997453,1.0299999999997453,3.660000000000764,-1.6899999999995998,-0.0003920358724421051,-1,6.470000000000255,0.2751159192037892,4,30,1,1.0,0.0,0.0,0.8660254037844386,0.5000000000000001
2025-12-16 04:45:00,4309.15,4309.69,4286.57,4289.69,4623,33,0,19.460000000000036,0.5399999999999636,3.119999999999891,-19.450000000000728,-0.00451366165870701,-1,23.11999999999989,0.8416955013660542,4,45,1,1.0,0.0,0.0,0.8660254037844386,0.5000000000000001
2025-12-16 05:00:00,4289.7,4294.38,4280.85,4282.26,4828,33,0,7.4399999999996,4.680000000000291,1.4099999999998545,-7.4299999999993815,-0.001732059892439636,-1,13.529999999999745,0.5498891348485475,5,0,1,1.0,0.0,0.0,0.9659258262890683,0.25881904510252074
2025-12-16 05:15:00,4282.3,4288.14,4280.68,4287.58,4221,33,0,5.279999999999745,0.5600000000004002,1.6199999999998909,5.319999999999709,0.001242334655065248,1,7.460000000000036,0.7077747979788166,5,15,1,1.0,0.0,0.0,0.9659258262890683,0.25881904510252074
2025-12-16 05:30:00,4287.65,4288.98,4283.15,4285.21,3310,33,0,2.4399999999996,1.3299999999999272,2.0600000000004,-2.369999999999891,-0.0005527593654228938,-1,5.829999999999927,0.4185248706371152,5,30,1,1.0,0.0,0.0,0.9659258262890683,0.25881904510252074
2025-12-16 05:45:00,4285.12,4291.67,4282.93,4290.84,2706,33,0,5.720000000000255,0.8299999999999272,2.1899999999996,5.630000000000109,0.0013138212596349092,1,8.739999999999782,0.6544622418141618,5,45,1,1.0,0.0,0.0,0.9659258262890683,0.25881904510252074
2025-12-16 06:00:00,4290.84,4292.21,4286.92,4287.85,1853,33,0,2.9899999999997817,1.3699999999998909,0.930000000000291,-2.9899999999997817,-0.0006968332540947185,-1,5.289999999999964,0.5652173902358466,6,0,1,1.0,0.0,0.0,1.0,6.123233995736766e-17
2025-12-16 06:15:00,4287.85,4290.65,4286.58,4288.29,1329,33,0,0.4399999999995998,2.3599999999996726,1.2700000000004366,0.4399999999995998,0.00010261552992749275,1,4.069999999999709,0.10810810784239563,6,15,1,1.0,0.0,0.0,1.0,6.123233995736766e-17
2025-12-16 06:30:00,4288.34,4291.7,4288.28,4289.55,1507,33,0,1.2100000000000364,2.149999999999636,0.06000000000040018,1.2600000000002183,0.0002938234121293612,1,3.4200000000000728,0.3538011685561401,6,30,1,1.0,0.0,0.0,1.0,6.123233995736766e-17
2025-12-16 06:45:00,4289.55,4290.53,4287.58,4288.96,1394,33,0,0.5900000000001455,0.9799999999995634,1.3800000000001091,-0.5900000000001455,-0.00013754356517586822,-1,2.949999999999818,0.19999999932209556,6,45,1,1.0,0.0,0.0,1.0,6.123233995736766e-17
2025-12-16 07:00:00,4288.95,4292.13,4285.65,4286.01,1854,33,0,2.9399999999996,3.180000000000291,0.3600000000005821,-2.949999999999818,-0.0006878124300529308,-1,6.480000000000473,0.4537037030034488,7,0,1,1.0,0.0,0.0,0.9659258262890683,-0.25881904510252063
2025-12-16 07:15:00,4286.0,4286.27,4279.97,4280.73,3008,33,0,5.270000000000437,0.27000000000043656,0.7599999999993088,-5.280000000000655,-0.0012319149978653001,-1,6.300000000000182,0.8365079351801913,7,15,1,1.0,0.0,0.0,0.9659258262890683,-0.25881904510252063
2025-12-16 07:30:00,4280.68,4281.04,4271.23,4279.61,4536,33,0,1.0700000000006185,0.3599999999996726,8.38000000000011,-1.1199999999998909,-0.0002616376178829057,-1,9.8100000000004,0.1090723750162947,7,30,1,1.0,0.0,0.0,0.9659258262890683,-0.25881904510252063
2025-12-16 07:45:00,4279.62,4287.63,4279.4,4284.1,3287,33,0,4.480000000000473,3.5299999999997453,0.22000000000025466,4.490000000000691,0.0010491610216820438,1,8.230000000000473,0.5443499385852631,7,45,1,1.0,0.0,0.0,0.9659258262890683,-0.25881904510252063
2025-12-16 08:00:00,4284.17,4288.27,4282.55,4286.48,3247,33,0,2.3099999999994907,1.7900000000008731,1.6199999999998909,2.3799999999991996,0.0005555425877078498,1,5.720000000000255,0.4038461531400221,8,0,1,0.0,1.0,0.0,0.8660254037844387,-0.4999999999999998
2025-12-16 08:15:00,4286.48,4289.94,4285.17,4286.95,2723,33,0,0.47000000000025466,2.9899999999997817,1.3099999999994907,0.47000000000025466,0.00010964707638907791,1,4.769999999999527,0.09853249455240594,8,15,1,0.0,1.0,0.0,0.8660254037844387,-0.4999999999999998
2025-12-16 08:30:00,4286.94,4291.95,4285.74,4291.09,2446,33,0,4.150000000000546,0.8599999999996726,1.199999999999818,4.140000000000327,0.0009657215502864105,1,6.210000000000036,0.6682769715487523,8,30,1,0.0,1.0,0.0,0.8660254037844387,-0.4999999999999998
2025-12-16 08:45:00,4291.09,4292.05,4287.45,4289.19,1845,33,0,1.9000000000005457,0.9600000000000364,1.7399999999997817,-1.9000000000005457,-0.00044277794220129284,-1,4.600000000000364,0.4130434773630349,8,45,1,0.0,1.0,0.0,0.8660254037844387,-0.4999999999999998
2025-12-16 09:00:00,4289.19,4289.82,4284.72,4285.98,2144,33,0,3.2100000000000364,0.6300000000001091,1.2599999999993088,-3.2100000000000364,-0.0007483930532338359,-1,5.099999999999454,0.6294117634718162,9,0,1,0.0,1.0,0.0,0.7071067811865476,-0.7071067811865475
2025-12-16 09:15:00,4286.0,4286.49,4279.67,4281.04,2555,33,0,4.960000000000036,0.4899999999997817,1.3699999999998909,-4.9399999999996,-0.001152595205763816,-1,6.819999999999709,0.7272727262063814,9,15,1,0.0,1.0,0.0,0.7071067811865476,-0.7071067811865475
2025-12-16 09:30:00,4281.04,4288.46,4280.07,4284.04,2232,33,0,3.0,4.420000000000073,0.9700000000002547,3.0,0.0007007643002634873,1,8.390000000000327,0.35756853354281254,9,30,1,0.0,1.0,0.0,0.7071067811865476,-0.7071067811865475
2025-12-16 09:45:00,4284.02,4288.3,4282.93,4287.55,1626,33,0,3.5299999999997453,0.75,1.0900000000001455,3.5100000000002183,0.0008193200810450459,1,5.369999999999891,0.6573556784778883,9,45,1,0.0,1.0,0.0,0.7071067811865476,-0.7071067811865475
2025-12-16 10:00:00,4287.56,4289.3,4280.47,4281.43,2208,33,0,6.130000000000109,1.7399999999997817,0.9600000000000364,-6.119999999999891,-0.0014273886018821684,-1,8.829999999999927,0.694224234774396,10,0,1,0.0,1.0,0.0,0.49999999999999994,-0.8660254037844387
2025-12-16 10:15:00,4281.54,4281.65,4275.66,4279.07,2062,33,0,2.4700000000002547,0.10999999999967258,3.4099999999998545,-2.360000000000582,-0.0005512177006281971,-1,5.989999999999782,0.41235392251699593,10,15,1,0.0,1.0,0.0,0.49999999999999994,-0.8660254037844387
2025-12-16 10:30:00,4278.79,4283.22,4275.44,4283.09,2196,33,0,4.300000000000182,0.13000000000010914,3.350000000000364,4.020000000000437,0.0009394564706818157,1,7.780000000000655,0.5526992280813403,10,30,1,0.0,1.0,0.0,0.49999999999999994,-0.8660254037844387
2025-12-16 10:45:00,4283.0,4286.8,4282.77,4284.6,2381,33,0,1.6000000000003638,2.199999999999818,0.22999999999956344,1.5100000000002183,0.00035254921096689967,1,4.029999999999745,0.39702233152115174,10,45,1,0.0,1.0,0.0,0.49999999999999994,-0.8660254037844387
2025-12-16 11:00:00,4285.54,4285.85,4281.16,4284.89,2261,33,0,0.6499999999996362,0.3100000000004002,3.730000000000473,0.2899999999999636,6.768426457544778e-05,-1,4.690000000000509,0.1385927502374495,11,0,1,0.0,1.0,0.0,0.258819045102521,-0.9659258262890682
2025-12-16 11:15:00,4284.88,4284.88,4281.4,4281.56,1548,33,0,3.319999999999709,0.0,0.16000000000076398,-3.3299999999999272,-0.0007771494717483825,-1,3.480000000000473,0.9540229857640885,11,15,1,0.0,1.0,0.0,0.258819045102521,-0.9659258262890682
2025-12-16 11:30:00,4281.51,4283.6,4279.92,4282.73,1897,33,0,1.2199999999993452,0.8700000000008004,1.5900000000001455,1.1699999999991633,0.0002732648847614335,1,3.680000000000291,0.3315217382293563,11,30,1,0.0,1.0,0.0,0.258819045102521,-0.9659258262890682
2025-12-16 11:45:00,4282.66,4282.66,4276.36,4280.33,2421,33,0,2.3299999999999272,0.0,3.9700000000002547,-2.399999999999636,-0.0005603902183886531,-1,6.300000000000182,0.36984126925419797,11,45,1,0.0,1.0,0.0,0.258819045102521,-0.9659258262890682
2025-12-16 12:00:00,4280.32,4284.19,4276.43,4277.8,2342,33,0,2.519999999999527,3.869999999999891,1.3699999999998909,-2.5299999999997453,-0.0005910759217162567,-1,7.759999999999309,0.3247422676227228,12,0,1,0.0,1.0,0.0,1.2246467991473532e-16,-1.0
2025-12-16 12:15:00,4277.79,4281.88,4276.9,4277.7,1576,33,0,0.09000000000014552,4.0900000000001455,0.8000000000001819,-0.1000000000003638,-2.3376501940334702e-05,-1,4.980000000000473,0.018072289120364272,12,15,1,0.0,1.0,0.0,1.2246467991473532e-16,-1.0
2025-12-16 12:30:00,4277.62,4278.92,4274.76,4278.88,1957,33,0,1.2600000000002183,0.03999999999996362,2.8599999999996726,1.180000000000291,0.0002758491712837018,1,4.1599999999998545,0.30288461465659045,12,30,1,0.0,1.0,0.0,1.2246467991473532e-16,-1.0
2025-12-16 12:45:00,4278.92,4281.39,4275.31,4277.17,2266,33,0,1.75,2.4700000000002547,1.8599999999996726,-1.7100000000000364,-0.0003996372882623575,-1,6.079999999999927,0.28782894689502164,12,45,1,0.0,1.0,0.0,1.2246467991473532e-16,-1.0
2025-12-16 13:00:00,4277.14,4278.44,4273.98,4275.88,1814,33,0,1.2600000000002183,1.2999999999992724,1.9000000000005457,-1.2899999999999636,-0.00030160129244335943,-1,4.460000000000036,0.28251121012894526,13,0,1,0.0,1.0,0.0,-0.2588190451025208,-0.9659258262890683
2025-12-16 13:15:00,4275.86,4277.74,4273.72,4277.28,1885,33,0,1.4200000000000728,0.4600000000000364,2.139999999999418,1.3999999999996362,0.00032741798179547515,1,4.019999999999527,0.3532338299671397,13,15,1,0.0,1.0,0.0,-0.2588190451025208,-0.9659258262890683
2025-12-16 13:30:00,4277.41,4279.47,4275.41,4276.34,1903,33,0,1.069999999999709,2.0600000000004,0.930000000000291,-0.9399999999995998,-0.00021976583249158342,-1,4.0600000000004,0.26354679738032893,13,30,1,0.0,1.0,0.0,-0.2588190451025208,-0.9659258262890683
2025-12-16 13:45:00,4276.34,4278.78,4276.06,4278.36,1797,33,0,2.019999999999527,0.42000000000007276,0.27999999999974534,2.019999999999527,0.0004723665564476929,1,2.719999999999345,0.7426470560932142,13,45,1,0.0,1.0,0.0,-0.2588190451025208,-0.9659258262890683
2025-12-16 14:00:00,4278.39,4288.59,4276.63,4287.69,3358,33,0,9.299999999999272,0.9000000000005457,1.7600000000002183,9.329999999999927,0.00218074215353545,1,11.960000000000036,0.7775919725939234,14,0,1,0.0,1.0,0.0,-0.4999999999999997,-0.8660254037844388
2025-12-16 14:15:00,4287.72,4292.62,4287.72,4291.46,3349,33,0,3.7399999999997817,1.1599999999998545,0.0,3.7700000000004366,0.0008792613271949317,1,4.899999999999636,0.7632653045647768,14,15,1,0.0,1.0,0.0,-0.4999999999999997,-0.8660254037844388
2025-12-16 14:30:00,4291.46,4293.42,4287.58,4293.25,2634,33,0,1.7899999999999636,0.17000000000007276,3.880000000000109,1.7899999999999636,0.00041710746459246124,1,5.8400000000001455,0.3065068487902141,14,30,1,0.0,1.0,0.0,-0.4999999999999997,-0.8660254037844388
2025-12-16 14:45:00,4293.25,4294.76,4292.16,4294.37,2156,33,0,1.1199999999998909,0.3900000000003274,1.0900000000001455,1.1199999999998909,0.00026087462877770706,1,2.600000000000364,0.4307692291123238,14,45,1,0.0,1.0,0.0,-0.4999999999999997,-0.8660254037844388
2025-12-16 15:00:00,4294.39,4297.63,4290.77,4295.82,4005,33,0,1.4299999999993815,1.8100000000004002,3.619999999999891,1.449999999999818,0.00033765139007580115,1,6.859999999999673,0.20845481019167664,15,0,1,0.0,1.0,0.0,-0.7071067811865471,-0.7071067811865479
2025-12-16 15:15:00,4295.83,4301.95,4293.54,4301.13,3346,33,0,5.300000000000182,0.819999999999709,2.2899999999999636,5.3100000000004,0.0012360853108371395,1,8.409999999999854,0.6302021395598397,15,15,1,0.0,1.0,0.0,-0.7071067811865471,-0.7071067811865479
2025-12-16 15:30:00,4301.14,4312.61,4300.71,4304.21,6577,33,0,3.069999999999709,8.399999999999636,0.43000000000029104,3.0799999999999272,0.0007160908877434366,1,11.899999999999636,0.2579831930605017,15,30,1,0.0,1.0,0.0,-0.7071067811865471,-0.7071067811865479
2025-12-16 15:45:00,4304.23,4313.16,4299.65,4312.95,4647,33,0,8.720000000000255,0.21000000000003638,4.579999999999927,8.739999999999782,0.0020305700697688498,1,13.510000000000218,0.6454478159545252,15,45,1,0.0,1.0,0.0,-0.7071067811865471,-0.7071067811865479
2025-12-16 16:00:00,4312.97,4320.29,4311.3,4319.34,4846,33,0,6.369999999999891,0.9499999999998181,1.6700000000000728,6.390000000000327,0.0014815845303099567,1,8.989999999999782,0.7085650715143931,16,0,1,0.0,0.0,1.0,-0.8660254037844384,-0.5000000000000004
2025-12-16 16:15:00,4319.31,4330.5,4318.1,4325.57,4704,33,0,6.259999999999309,4.930000000000291,1.2100000000000364,6.229999999999563,0.001442349988655573,1,12.399999999999636,0.5048387092702504,16,15,1,0.0,0.0,1.0,-0.8660254037844384,-0.5000000000000004
2025-12-16 16:30:00,4325.6,4331.86,4321.84,4326.28,6359,33,0,0.6799999999993815,5.579999999999927,3.7600000000002183,0.7100000000000364,0.00016414021735864555,1,10.019999999999527,0.06786427138929849,16,30,1,0.0,0.0,1.0,-0.8660254037844384,-0.5000000000000004
2025-12-16 16:45:00,4327.03,4331.99,4323.19,4324.45,5913,33,0,2.5799999999999272,4.960000000000036,1.2600000000002183,-1.8299999999999272,-0.00042299619996854744,-1,8.800000000000182,0.29318181784864267,16,45,1,0.0,0.0,1.0,-0.8660254037844384,-0.5000000000000004
2025-12-16 17:00:00,4324.45,4334.97,4320.93,4324.1,5997,33,0,0.3499999999994543,10.520000000000437,3.1700000000000728,-0.3499999999994543,-8.093514782214023e-05,-1,14.039999999999964,0.024928774910980587,17,0,1,0.0,0.0,1.0,-0.9659258262890683,-0.25881904510252063
2025-12-16 17:15:00,4324.03,4325.69,4312.33,4321.02,6138,33,0,3.009999999999309,1.6599999999998545,8.69000000000051,-3.0799999999999272,-0.0007122869498855084,-1,13.359999999999673,0.2252994010289213,17,15,1,0.0,0.0,1.0,-0.9659258262890683,-0.25881904510252063
2025-12-16 17:30:00,4321.01,4330.03,4319.81,4322.08,5724,33,0,1.069999999999709,7.949999999999818,1.199999999999818,1.0599999999994907,0.00024531244937526104,1,10.219999999999345,0.10469667308735917,17,30,1,0.0,0.0,1.0,-0.9659258262890683,-0.25881904510252063
2025-12-16 17:45:00,4321.94,4329.21,4319.06,4319.59,5394,33,0,2.3499999999994543,7.270000000000437,0.5299999999997453,-2.4899999999997817,-0.0005761115018694197,-1,10.149999999999636,0.2315270933679081,17,45,1,0.0,0.0,1.0,-0.9659258262890683,-0.25881904510252063
2025-12-16 18:00:00,4319.56,4323.15,4312.79,4315.5,5181,33,0,4.0600000000004,3.589999999999236,2.7100000000000364,-4.0900000000001455,-0.0009468491222546921,-1,10.359999999999673,0.3918918915136688,18,0,1,0.0,0.0,1.0,-1.0,-1.8369701987210297e-16
2025-12-16 18:15:00,4315.41,4315.41,4303.49,4307.48,4532,33,0,7.930000000000291,0.0,3.9899999999997817,-8.020000000000437,-0.0018584173328699887,-1,11.920000000000073,0.6652684558177481,18,15,1,0.0,0.0,1.0,-1.0,-1.8369701987210297e-16
2025-12-16 18:30:00,4307.43,4307.43,4291.13,4294.72,5013,33,0,12.710000000000036,0.0,3.5900000000001455,-12.759999999999309,-0.0029622888556648692,-1,16.300000000000182,0.7797546007486102,18,30,1,0.0,0.0,1.0,-1.0,-1.8369701987210297e-16
2025-12-16 18:45:00,4294.7,4302.84,4293.47,4300.5,4586,33,0,5.800000000000182,2.3400000000001455,1.2299999999995634,5.779999999999745,0.001345838611131749,1,9.36999999999989,0.6189967976318336,18,45,1,0.0,0.0,1.0,-1.0,-1.8369701987210297e-16
2025-12-16 19:00:00,4300.48,4310.74,4300.48,4304.24,4067,33,0,3.7600000000002183,6.5,0.0,3.7399999999997817,0.0008696663178699644,1,10.260000000000218,0.36647173453561604,19,0,1,0.0,0.0,1.0,-0.9659258262890684,0.2588190451025203
2025-12-16 19:15:00,4304.24,4306.18,4300.04,4302.77,3475,33,0,1.4699999999993452,1.9400000000005093,2.730000000000473,-1.4699999999993452,-0.00034152370685634287,-1,6.140000000000327,0.23941368039171498,19,15,1,0.0,0.0,1.0,-0.9659258262890684,0.2588190451025203
2025-12-16 19:30:00,4302.76,4308.86,4302.27,4305.89,3480,33,0,3.130000000000109,2.969999999999345,0.4899999999997817,3.119999999999891,0.0007251142868431011,1,6.589999999999236,0.4749620630122688,19,30,1,0.0,0.0,1.0,-0.9659258262890684,0.2588190451025203
2025-12-16 19:45:00,4305.89,4306.35,4300.32,4303.52,3123,33,0,2.369999999999891,0.4600000000000364,3.2000000000007276,-2.369999999999891,-0.0005504088585634772,-1,6.030000000000655,0.39303482521878697,19,45,1,0.0,0.0,1.0,-0.9659258262890684,0.2588190451025203
2025-12-16 20:00:00,4303.43,4305.76,4299.52,4303.01,3940,34,0,0.42000000000007276,2.3299999999999272,3.4899999999997817,-0.5100000000002183,-0.00011850764025732847,-1,6.239999999999782,0.06730769219984144,20,0,1,0.0,0.0,1.0,-0.8660254037844386,0.5000000000000001
2025-12-16 20:15:00,4303.0,4304.07,4298.05,4301.75,3767,33,0,1.25,1.069999999999709,3.699999999999818,-1.2600000000002183,-0.0002928182830158931,-1,6.019999999999527,0.20764119566838643,20,15,1,0.0,0.0,1.0,-0.8660254037844386,0.5000000000000001
2025-12-16 20:30:00,4301.77,4310.74,4301.1,4308.8,3811,33,0,7.029999999999745,1.9399999999995998,0.6700000000000728,7.050000000000182,0.0016388679025978222,1,9.639999999999418,0.729253111276726,20,30,1,0.0,0.0,1.0,-0.8660254037844386,0.5000000000000001
2025-12-16 20:45:00,4308.78,4313.45,4308.03,4311.2,3218,33,0,2.4200000000000728,2.25,0.75,2.399999999999636,0.0005569996286668297,1,5.420000000000073,0.44649446412086635,20,45,1,0.0,0.0,1.0,-0.8660254037844386,0.5000000000000001
2025-12-16 21:00:00,4311.19,4311.6,4303.96,4305.83,3085,33,0,5.359999999999673,0.410000000000764,1.8699999999998909,-5.369999999999891,-0.0012455928743736989,-1,7.640000000000327,0.7015706797099132,21,0,1,0.0,0.0,1.0,-0.7071067811865477,0.7071067811865474
2025-12-16 21:15:00,4305.83,4309.86,4296.95,4305.26,3495,33,0,0.569999999999709,4.029999999999745,8.3100000000004,-0.569999999999709,-0.0001323786587022035,-1,12.909999999999854,0.044151820260123716,21,15,1,0.0,0.0,1.0,-0.7071067811865477,0.7071067811865474
2025-12-16 21:30:00,4305.24,4310.09,4304.5,4309.66,3822,33,0,4.420000000000073,0.43000000000029104,0.7399999999997817,4.399999999999636,0.001022005639612854,1,5.5900000000001455,0.7906976730041111,21,30,1,0.0,0.0,1.0,-0.7071067811865477,0.7071067811865474
2025-12-16 21:45:00,4309.69,4315.9,4309.14,4310.58,3236,33,0,0.8900000000003274,5.319999999999709,0.5499999999992724,0.9200000000000728,0.00021347391673590788,1,6.759999999999309,0.1316568045390311,21,45,1,0.0,0.0,1.0,-0.7071067811865477,0.7071067811865474
2025-12-16 22:00:00,4310.59,4314.35,4310.16,4311.99,2270,34,0,1.3999999999996362,2.360000000000582,0.43000000000029104,1.4099999999998545,0.00032710215330648183,1,4.190000000000509,0.33412887748405184,22,0,1,0.0,0.0,1.0,-0.5000000000000004,0.8660254037844384
2025-12-16 22:15:00,4311.99,4311.99,4307.98,4310.79,1837,40,0,1.199999999999818,0.0,2.8100000000004,-1.199999999999818,-0.0002782937808296907,-1,4.010000000000218,0.29925186957786387,22,15,1,0.0,0.0,1.0,-0.5000000000000004,0.8660254037844384
2025-12-16 22:30:00,4310.79,4311.56,4307.74,4309.14,2378,40,0,1.6499999999996362,0.7700000000004366,1.4000000000005457,-1.6499999999996362,-0.00038276046849872907,-1,3.8200000000006185,0.4319371716439784,22,30,1,0.0,0.0,1.0,-0.5000000000000004,0.8660254037844384
2025-12-16 22:45:00,4309.11,4312.06,4302.67,4304.57,3034,41,0,4.539999999999964,2.9500000000007276,1.8999999999996362,-4.5700000000006185,-0.0010605364411461725,-1,9.390000000000327,0.4834930772273561,22,45,1,0.0,0.0,1.0,-0.5000000000000004,0.8660254037844384
2025-12-16 23:00:00,4304.51,4305.37,4300.96,4302.34,948,34,0,2.1700000000000728,0.8599999999996726,1.3800000000001091,-2.2299999999995634,-0.0005180540681182007,-1,4.4099999999998545,0.49206349094773455,23,0,1,0.0,0.0,1.0,-0.25881904510252157,0.9659258262890681
2025-12-16 23:15:00,4302.49,4302.78,4300.67,4302.24,817,34,0,0.25,0.2899999999999636,1.569999999999709,-0.1000000000003638,-2.3243165347314204e-05,-1,2.1099999999996726,0.11848341176076051,23,15,1,0.0,0.0,1.0,-0.25881904510252157,0.9659258262890681
2025-12-16 23:30:00,4302.24,4304.92,4301.12,4302.91,666,39,0,0.6700000000000728,2.0100000000002183,1.1199999999998909,0.6700000000000728,0.0001557328275503163,1,3.800000000000182,0.17631578900970601,23,30,1,0.0,0.0,1.0,-0.25881904510252157,0.9659258262890681
2025-12-16 23:45:00,4302.91,4303.99,4301.77,4302.15,612,42,0,0.7600000000002183,1.0799999999999272,0.37999999999919964,-0.7600000000002183,-0.00017662465633727368,-1,2.219999999999345,0.34234234080045906,23,45,1,0.0,0.0,1.0,-0.25881904510252157,0.9659258262890681
2025-12-17 01:00:00,4302.07,4306.46,4301.35,4304.23,788,36,0,2.1599999999998545,2.230000000000473,0.7199999999993452,2.0799999999999272,0.0004834791906372226,1,5.109999999999673,0.4227005862569446,1,0,2,1.0,0.0,0.0,0.25881904510252074,0.9659258262890683
2025-12-17 01:15:00,4304.23,4306.95,4304.14,4306.25,824,36,0,2.0200000000004366,0.6999999999998181,0.08999999999923602,2.0200000000004366,0.0004693057759460895,1,2.8099999999994907,0.7188612074064735,1,15,2,1.0,0.0,0.0,0.25881904510252074,0.9659258262890683
2025-12-17 01:30:00,4306.28,4308.17,4305.26,4307.28,655,36,0,1.0,0.8900000000003274,1.019999999999527,1.0299999999997453,0.00023918722786641402,1,2.9099999999998545,0.3436426105029636,1,30,2,1.0,0.0,0.0,0.25881904510252074,0.9659258262890683
2025-12-17 01:45:00,4307.23,4308.95,4306.81,4307.69,764,36,0,0.4600000000000364,1.2600000000002183,0.41999999999916326,0.4099999999998545,9.518768224955296e-05,1,2.139999999999418,0.21495327002365833,1,45,2,1.0,0.0,0.0,0.25881904510252074,0.9659258262890683
2025-12-17 02:00:00,4307.77,4313.05,4307.36,4312.51,875,33,0,4.739999999999782,0.5399999999999636,0.410000000000764,4.8200000000006185,0.0011189291708550567,1,5.690000000000509,0.8330404203284628,2,0,2,1.0,0.0,0.0,0.49999999999999994,0.8660254037844387
2025-12-17 02:15:00,4312.51,4314.96,4312.01,4313.26,905,33,0,0.75,1.699999999999818,0.5,0.75,0.00017391264020257343,1,2.949999999999818,0.2542372872737876,2,15,2,1.0,0.0,0.0,0.49999999999999994,0.8660254037844387
2025-12-17 02:30:00,4313.26,4314.32,4311.19,4312.45,1064,33,0,0.8100000000004002,1.0599999999994907,1.2600000000002183,-0.8100000000004002,-0.000187792991843849,-1,3.130000000000109,0.25878594166533947,2,30,2,1.0,0.0,0.0,0.49999999999999994,0.8660254037844387
2025-12-17 02:45:00,4312.4,4314.3,4311.59,4313.13,1336,33,0,0.7300000000004729,1.1700000000000728,0.8099999999994907,0.680000000000291,0.00015768298762890956,1,2.7100000000000364,0.269372692733113,2,45,2,1.0,0.0,0.0,0.49999999999999994,0.8660254037844387
2025-12-17 03:00:00,4313.12,4320.14,4311.33,4317.73,3773,33,0,4.609999999999673,2.410000000000764,1.7899999999999636,4.599999999999454,0.0010665108633404173,1,8.8100000000004,0.5232690118918016,3,0,2,1.0,0.0,0.0,0.7071067811865476,0.7071067811865476
2025-12-17 03:15:00,4317.78,4319.42,4313.1,4316.87,3980,33,0,0.9099999999998545,1.6400000000003274,3.769999999999527,-0.8599999999996726,-0.00019917873512231488,-1,6.319999999999709,0.14398734154430742,3,15,2,1.0,0.0,0.0,0.7071067811865476,0.7071067811865476
2025-12-17 03:30:00,4316.92,4325.22,4316.21,4322.82,4756,33,0,5.899999999999636,2.4000000000005457,0.7100000000000364,5.949999999999818,0.0013783134539608138,1,9.010000000000218,0.6548279681965831,3,30,2,1.0,0.0,0.0,0.7071067811865476,0.7071067811865476
2025-12-17 03:45:00,4322.81,4326.59,4322.11,4326.54,4046,33,0,3.7299999999995634,0.0500000000001819,0.7000000000007276,3.7200000000002547,0.0008605493636099248,1,4.480000000000473,0.8325892838556421,3,45,2,1.0,0.0,0.0,0.7071067811865476,0.7071067811865476
2025-12-17 04:00:00,4326.55,4327.65,4318.16,4320.27,4107,33,0,6.279999999999745,1.0999999999994543,2.110000000000582,-6.269999999999527,-0.0014491949687277887,-1,9.489999999999782,0.6617492089970913,4,0,2,1.0,0.0,0.0,0.8660254037844386,0.5000000000000001
2025-12-17 04:15:00,4320.28,4323.55,4319.43,4320.53,2258,33,0,0.25,3.0200000000004366,0.8499999999994543,0.2599999999993088,6.01814238460348e-05,1,4.119999999999891,0.060679611503206436,4,15,2,1.0,0.0,0.0,0.8660254037844386,0.5000000000000001
2025-12-17 04:30:00,4320.58,4322.89,4314.07,4316.44,3791,33,0,4.140000000000327,2.3100000000004,2.369999999999891,-4.0900000000001455,-0.0009466431201727903,-1,8.820000000000618,0.4693877545698593,4,30,2,1.0,0.0,0.0,0.8660254037844386,0.5000000000000001
2025-12-17 04:45:00,4316.44,4316.77,4311.16,4314.18,3375,33,0,2.259999999999309,0.33000000000083674,3.0200000000004366,-2.259999999999309,-0.0005235796165356889,-1,5.610000000000582,0.4028520491926121,4,45,2,1.0,0.0,0.0,0.8660254037844386,0.5000000000000001
2025-12-17 05:00:00,4314.18,4320.02,4312.58,4315.35,4244,33,0,1.1700000000000728,4.670000000000073,1.6000000000003638,1.1700000000000728,0.0002711986982462653,1,7.440000000000509,0.1572580643047597,5,0,2,1.0,0.0,0.0,0.9659258262890683,0.25881904510252074
2025-12-17 05:15:00,4315.36,4319.3,4314.51,4318.58,3122,33,0,3.2200000000002547,0.7200000000002547,0.8499999999994543,3.2299999999995634,0.0007484908524220662,1,4.789999999999964,0.6722338190559376,5,15,2,1.0,0.0,0.0,0.9659258262890683,0.25881904510252074
2025-12-17 05:30:00,4318.84,4323.58,4318.2,4321.52,2417,33,0,2.680000000000291,2.0599999999994907,0.6400000000003274,2.9400000000005093,0.0006807793302429292,1,5.380000000000109,0.49814126301465134,5,30,2,1.0,0.0,0.0,0.9659258262890683,0.25881904510252074
2025-12-17 05:45:00,4321.54,4325.08,4321.23,4323.68,2150,33,0,2.1400000000003274,1.3999999999996362,0.3100000000004002,2.1599999999998545,0.0004998241359521312,1,3.850000000000364,0.5558441544004373,5,45,2,1.0,0.0,0.0,0.9659258262890683,0.25881904510252074
2025-12-17 06:00:00,4323.67,4325.91,4321.16,4324.41,1830,33,0,0.7399999999997817,1.5,2.5100000000002183,0.7299999999995634,0.00016883765681076384,1,4.75,0.15578947335618673,6,0,2,1.0,0.0,0.0,1.0,6.123233995736766e-17
2025-12-17 06:15:00,4324.41,4324.91,4322.08,4322.64,1602,33,0,1.769999999999527,0.5,0.5600000000004002,-1.769999999999527,-0.0004093043906566508,-1,2.8299999999999272,0.6254416939028818,6,15,2,1.0,0.0,0.0,1.0,6.123233995736766e-17
2025-12-17 06:30:00,4322.63,4330.05,4320.6,4329.55,1710,33,0,6.920000000000073,0.5,2.0299999999997453,6.9099999999998545,0.0015985601391741745,1,9.449999999999818,0.7322751315002597,6,30,2,1.0,0.0,0.0,1.0,6.123233995736766e-17
2025-12-17 06:45:00,4329.55,4331.55,4328.34,4329.53,1808,33,0,0.020000000000436557,2.0,1.1899999999995998,-0.020000000000436557,-4.619417722496924e-06,-1,3.2100000000000364,0.006230529575741756,6,45,2,1.0,0.0,0.0,1.0,6.123233995736766e-17
2025-12-17 07:00:00,4329.62,4334.44,4328.01,4332.54,2517,33,0,2.9200000000000728,1.8999999999996362,1.6099999999996726,3.0100000000002183,0.0006952255787580219,1,6.4299999999993815,0.45412130567016185,7,0,2,1.0,0.0,0.0,0.9659258262890683,-0.25881904510252063
2025-12-17 07:15:00,4332.45,4337.93,4330.58,4330.95,3132,33,0,1.5,5.480000000000473,0.36999999999989086,-1.5900000000001455,-0.00036699026437151083,-1,7.350000000000364,0.20408163237538904,7,15,2,1.0,0.0,0.0,0.9659258262890683,-0.25881904510252063
2025-12-17 07:30:00,4330.94,4339.75,4330.94,4338.19,4361,33,0,7.25,1.5600000000004002,0.0,7.239999999999782,0.001671688659531923,1,8.8100000000004,0.8229284894177509,7,30,2,1.0,0.0,0.0,0.9659258262890683,-0.25881904510252063
2025-12-17 07:45:00,4338.23,4342.34,4333.49,4333.84,3113,33,0,4.389999999999418,4.110000000000582,0.3500000000003638,-4.349999999999454,-0.0010027223335076275,-1,8.850000000000364,0.4960451971795237,7,45,2,1.0,0.0,0.0,0.9659258262890683,-0.25881904510252063
2025-12-17 08:00:00,4333.84,4337.65,4331.54,4336.71,2446,33,0,2.869999999999891,0.9399999999995998,2.300000000000182,2.869999999999891,0.0006622302623077665,1,6.109999999999673,0.46972176682533995,8,0,2,0.0,1.0,0.0,0.8660254037844387,-0.4999999999999998
2025-12-17 08:15:00,4336.66,4336.96,4330.27,4332.39,2820,33,0,4.269999999999527,0.3000000000001819,2.119999999999891,-4.319999999999709,-0.000996146848647871,-1,6.6899999999996,0.6382660678052499,8,15,2,0.0,1.0,0.0,0.8660254037844387,-0.4999999999999998
2025-12-17 08:30:00,4332.39,4333.18,4327.0,4329.15,2621,33,0,3.240000000000691,0.7899999999999636,2.149999999999636,-3.240000000000691,-0.0007478551099971819,-1,6.180000000000291,0.524271843811945,8,30,2,0.0,1.0,0.0,0.8660254037844387,-0.4999999999999998
2025-12-17 08:45:00,4329.06,4330.65,4324.79,4328.58,2502,33,0,0.48000000000047294,1.589999999999236,3.7899999999999636,-0.569999999999709,-0.00013166556945352068,-1,5.859999999999673,0.08191126265893979,8,45,2,0.0,1.0,0.0,0.8660254037844387,-0.4999999999999998
2025-12-17 09:00:00,4328.56,4328.7,4322.52,4324.99,3258,33,0,3.5700000000006185,0.13999999999941792,2.469999999999345,-3.5900000000001455,-0.0008293712949743671,-1,6.1799999999993815,0.5776699019780384,9,0,2,0.0,1.0,0.0,0.7071067811865476,-0.7071067811865475
2025-12-17 09:15:00,4325.17,4325.63,4319.4,4322.97,2731,33,0,2.199999999999818,0.4600000000000364,3.5700000000006185,-2.019999999999527,-0.00046705310301284564,-1,6.230000000000473,0.3531300154844865,9,15,2,0.0,1.0,0.0,0.7071067811865476,-0.7071067811865475
2025-12-17 09:30:00,4322.97,4324.54,4315.95,4315.97,2335,33,0,7.0,1.569999999999709,0.020000000000436557,-7.0,-0.0016192571310927441,-1,8.590000000000146,0.8149010467812422,9,30,2,0.0,1.0,0.0,0.7071067811865476,-0.7071067811865475
2025-12-17 09:45:00,4315.94,4319.1,4315.45,4317.81,2076,33,0,1.8700000000008004,1.2899999999999636,0.4899999999997817,1.8400000000001455,0.00042632363060914356,1,3.6500000000005457,0.5123287657197899,9,45,2,0.0,1.0,0.0,0.7071067811865476,-0.7071067811865475
2025-12-17 10:00:00,4317.75,4320.81,4308.22,4313.51,3500,33,0,4.239999999999782,3.0600000000004,5.289999999999964,-4.300000000000182,-0.0009958752237824687,-1,12.590000000000146,0.3367752181598078,10,0,2,0.0,1.0,0.0,0.49999999999999994,-0.8660254037844387
2025-12-17 10:15:00,4313.43,4317.87,4312.35,4316.25,2738,33,0,2.819999999999709,1.6199999999998909,1.0799999999999272,2.7399999999997817,0.0006352135499859237,1,5.519999999999527,0.510869564291894,10,15,2,0.0,1.0,0.0,0.49999999999999994,-0.8660254037844387
2025-12-17 10:30:00,4316.27,4319.59,4314.5,4315.14,2634,33,0,1.1300000000001091,3.319999999999709,0.6400000000003274,-1.1099999999996726,-0.0002571676802779433,-1,5.0900000000001455,0.22200392883694253,10,30,2,0.0,1.0,0.0,0.49999999999999994,-0.8660254037844387
2025-12-17 10:45:00,4315.12,4320.63,4313.08,4319.07,2239,33,0,3.949999999999818,1.5600000000004002,2.0399999999999636,3.9299999999993815,0.0009107468123860132,1,7.550000000000182,0.5231788072540311,10,45,2,0.0,1.0,0.0,0.49999999999999994,-0.8660254037844387
2025-12-17 11:00:00,4318.98,4323.16,4317.67,4320.85,2555,33,0,1.8700000000008004,2.3099999999994907,1.3099999999994907,1.7800000000006548,0.0004121257585546553,1,5.489999999999782,0.340619307212146,11,0,2,0.0,1.0,0.0,0.258819045102521,-0.9659258262890682
2025-12-17 11:15:00,4320.82,4322.5,4317.04,4322.2,2170,33,0,1.3800000000001091,0.3000000000001819,3.7799999999997453,1.3499999999994543,0.0003124385248271646,1,5.460000000000036,0.252747252284364,11,15,2,0.0,1.0,0.0,0.258819045102521,-0.9659258262890682
2025-12-17 11:30:00,4322.14,4322.15,4318.81,4319.01,1652,33,0,3.130000000000109,0.009999999999308784,0.1999999999998181,-3.1899999999996,-0.0007380500670953681,-1,3.339999999999236,0.9371257456974753,11,30,2,0.0,1.0,0.0,0.258819045102521,-0.9659258262890682
2025-12-17 11:45:00,4319.01,4322.14,4315.75,4316.83,1415,33,0,2.180000000000291,3.130000000000109,1.0799999999999272,-2.180000000000291,-0.0005047453004277117,-1,6.390000000000327,0.341158058934053,11,45,2,0.0,1.0,0.0,0.258819045102521,-0.9659258262890682
2025-12-17 12:00:00,4316.79,4319.44,4316.07,4319.4,1555,33,0,2.6099999999996726,0.03999999999996362,0.7200000000002547,2.569999999999709,0.0005953442688268264,1,3.369999999999891,0.7744807098679377,12,0,2,0.0,1.0,0.0,1.2246467991473532e-16,-1.0
2025-12-17 12:15:00,4319.4,4322.2,4317.9,4319.79,1857,33,0,0.3900000000003274,2.4099999999998545,1.5,0.3900000000003274,9.029031809981189e-05,1,4.300000000000182,0.09069767420775214,12,15,2,0.0,1.0,0.0,1.2246467991473532e-16,-1.0
2025-12-17 12:30:00,4319.81,4319.97,4305.57,4314.94,2697,33,0,4.8700000000008,0.15999999999985448,9.36999999999989,-4.850000000000364,-0.0011227397628126284,-1,14.400000000000546,0.33819444420962996,12,30,2,0.0,1.0,0.0,1.2246467991473532e-16,-1.0
2025-12-17 12:45:00,4314.94,4317.95,4313.22,4317.56,1614,33,0,2.6200000000008004,0.3899999999994179,1.7199999999993452,2.6200000000008004,0.0006071926840236019,1,4.729999999999563,0.5539112039031565,12,45,2,0.0,1.0,0.0,1.2246467991473532e-16,-1.0
2025-12-17 13:00:00,4317.58,4319.4,4316.78,4317.77,1342,33,0,0.19000000000050932,1.6299999999991996,0.8000000000001819,0.21000000000003638,4.863858290331492e-05,1,2.619999999999891,0.07251908369287267,13,0,2,0.0,1.0,0.0,-0.2588190451025208,-0.9659258262890683
2025-12-17 13:15:00,4317.76,4320.44,4315.82,4318.01,1676,33,0,0.25,2.4299999999993815,1.9400000000005093,0.23999999999978172,5.558424835037107e-05,1,4.619999999999891,0.05411255399542865,13,15,2,0.0,1.0,0.0,-0.2588190451025208,-0.9659258262890683
2025-12-17 13:30:00,4318.04,4318.73,4315.1,4316.13,1580,33,0,1.9099999999998545,0.6899999999995998,1.0299999999997453,-1.8800000000001091,-0.0004353857448222929,-1,3.6299999999991996,0.5261707974486413,13,30,2,0.0,1.0,0.0,-0.2588190451025208,-0.9659258262890683
2025-12-17 13:45:00,4316.12,4318.73,4315.18,4316.28,1671,33,0,0.15999999999985448,2.449999999999818,0.9399999999995998,0.1499999999996362,3.47533554363831e-05,1,3.5499999999992724,0.04507042240822058,13,45,2,0.0,1.0,0.0,-0.2588190451025208,-0.9659258262890683
2025-12-17 14:00:00,4316.28,4318.13,4314.89,4316.54,1662,33,0,0.2600000000002183,1.5900000000001455,1.389999999999418,0.2600000000002183,6.023705598344368e-05,1,3.2399999999997817,0.08024691333264403,14,0,2,0.0,1.0,0.0,-0.4999999999999997,-0.8660254037844388
2025-12-17 14:15:00,4316.78,4323.05,4316.03,4321.34,2078,33,0,4.5600000000004,1.7100000000000364,0.75,4.800000000000182,0.0011120017421361048,1,7.020000000000437,0.649572648647349,14,15,2,0.0,1.0,0.0,-0.4999999999999997,-0.8660254037844388
2025-12-17 14:30:00,4321.38,4322.29,4316.19,4317.41,1931,33,0,3.9700000000002547,0.9099999999998545,1.2200000000002547,-3.930000000000291,-0.000909440127367967,-1,6.100000000000364,0.650819671064233,14,30,2,0.0,1.0,0.0,-0.4999999999999997,-0.8660254037844388
2025-12-17 14:45:00,4317.4,4318.08,4315.75,4317.44,2298,33,0,0.03999999999996362,0.6400000000003274,1.6499999999996362,0.02999999999974534,6.948610393672443e-06,1,2.3299999999999272,0.0171673819005541,14,45,2,0.0,1.0,0.0,-0.4999999999999997,-0.8660254037844388
2025-12-17 15:00:00,4317.46,4327.89,4315.0,4323.01,3916,33,0,5.550000000000182,4.880000000000109,2.4600000000000364,5.5700000000006185,0.0012901163652536268,1,12.890000000000327,0.43056633015472284,15,0,2,0.0,1.0,0.0,-0.7071067811865471,-0.7071067811865479
2025-12-17 15:15:00,4322.95,4331.44,4322.73,4327.79,4521,33,0,4.8400000000001455,3.649999999999636,0.22000000000025466,4.779999999999745,0.0011057110670573847,1,8.710000000000036,0.5556831222093334,15,15,2,0.0,1.0,0.0,-0.7071067811865471,-0.7071067811865479
2025-12-17 15:30:00,4327.79,4339.19,4327.79,4338.18,3883,33,0,10.390000000000327,1.0099999999993088,0.0,10.390000000000327,0.0024007634381521116,1,11.399999999999636,0.9114035079725108,15,30,2,0.0,1.0,0.0,-0.7071067811865471,-0.7071067811865479
2025-12-17 15:45:00,4338.38,4344.02,4333.08,4342.01,4400,33,0,3.630000000000109,2.0100000000002183,5.300000000000182,3.8299999999999272,0.0008828587103347318,1,10.94000000000051,0.3318098717259453,15,45,2,0.0,1.0,0.0,-0.7071067811865471,-0.7071067811865479
2025-12-17 16:00:00,4341.95,4345.93,4326.94,4327.33,5053,33,0,14.61999999999989,3.980000000000473,0.3900000000003274,-14.680000000000291,-0.003380922660242673,-1,18.99000000000069,0.7698788832175129,16,0,2,0.0,0.0,1.0,-0.8660254037844384,-0.5000000000000004
2025-12-17 16:15:00,4327.33,4331.13,4322.9,4329.13,6100,33,0,1.800000000000182,2.0,4.430000000000291,1.800000000000182,0.0004159608811900599,1,8.230000000000473,0.21871202889586366,16,15,2,0.0,0.0,1.0,-0.8660254037844384,-0.5000000000000004
2025-12-17 16:30:00,4329.13,4338.38,4325.59,4338.17,7182,33,0,9.039999999999964,0.21000000000003638,3.5399999999999636,9.039999999999964,0.0020881793801525855,1,12.789999999999964,0.7068021886576987,16,30,2,0.0,0.0,1.0,-0.8660254037844384,-0.5000000000000004
2025-12-17 16:45:00,4338.22,4342.51,4334.49,4338.27,6595,33,0,0.0500000000001819,4.239999999999782,3.730000000000473,0.1000000000003638,2.3051194397721573e-05,1,8.020000000000437,0.006234413957336039,16,45,2,0.0,0.0,1.0,-0.8660254037844384,-0.5000000000000004
2025-12-17 17:00:00,4338.27,4345.26,4335.19,4342.72,5319,33,0,4.449999999999818,2.5399999999999636,3.0800000000008367,4.449999999999818,0.001025754505828318,1,10.070000000000618,0.4419066529871378,17,0,2,0.0,0.0,1.0,-0.9659258262890683,-0.25881904510252063
2025-12-17 17:15:00,4342.71,4344.62,4332.77,4343.48,6129,33,0,0.7699999999995271,1.1400000000003274,9.9399999999996,0.7599999999993088,0.00017500552649015103,1,11.849999999999454,0.06497890289871505,17,15,2,0.0,0.0,1.0,-0.9659258262890683,-0.25881904510252063
2025-12-17 17:30:00,4343.48,4348.81,4328.15,4331.83,6516,33,0,11.649999999999636,5.330000000000837,3.680000000000291,-11.649999999999636,-0.002682181108235709,-1,20.660000000000764,0.5638915776553867,17,30,2,0.0,0.0,1.0,-0.9659258262890683,-0.25881904510252063
2025-12-17 17:45:00,4331.76,4336.67,4324.16,4330.11,6308,33,0,1.6500000000005457,4.9099999999998545,5.949999999999818,-1.7200000000002547,-0.0003970608264867861,-1,12.510000000000218,0.1318944843070801,17,45,2,0.0,0.0,1.0,-0.9659258262890683,-0.25881904510252063
2025-12-17 18:00:00,4330.11,4334.5,4324.5,4327.48,6077,33,0,2.630000000000109,4.390000000000327,2.9799999999995634,-2.630000000000109,-0.0006073748703843804,-1,10.0,0.2629999997370109,18,0,2,0.0,0.0,1.0,-1.0,-1.8369701987210297e-16
2025-12-17 18:15:00,4327.48,4331.9,4320.28,4326.59,5204,33,0,0.8899999999994179,4.420000000000073,6.3100000000004,-0.8899999999994179,-0.00020566241785043905,-1,11.61999999999989,0.07659208255021561,18,15,2,0.0,0.0,1.0,-1.0,-1.8369701987210297e-16
2025-12-17 18:30:00,4327.0,4334.07,4323.61,4333.07,4575,33,0,6.069999999999709,1.0,3.3900000000003274,6.479999999999563,0.0014977152907947283,1,10.460000000000036,0.5803059267874405,18,30,2,0.0,0.0,1.0,-1.0,-1.8369701987210297e-16
2025-12-17 18:45:00,4333.35,4337.51,4330.59,4333.43,5339,33,0,0.07999999999992724,4.079999999999927,2.7600000000002183,0.3600000000005821,8.308197190458084e-05,1,6.920000000000073,0.011560693624901657,18,45,2,0.0,0.0,1.0,-1.0,-1.8369701987210297e-16
2025-12-17 19:00:00,4333.43,4335.33,4328.39,4332.61,4341,33,0,0.8200000000006185,1.8999999999996362,4.219999999999345,-0.8200000000006185,-0.0001892265480233022,-1,6.9399999999996,0.11815561942638467,19,0,2,0.0,0.0,1.0,-0.9659258262890684,0.2588190451025203
2025-12-17 19:15:00,4332.62,4339.81,4330.17,4336.94,4218,33,0,4.319999999999709,2.8700000000008004,2.449999999999818,4.329999999999927,0.0009993975917518372,1,9.640000000000327,0.4481327796180741,19,15,2,0.0,0.0,1.0,-0.9659258262890684,0.2588190451025203
2025-12-17 19:30:00,4337.04,4341.43,4336.09,4338.7,4113,33,0,1.6599999999998545,2.730000000000473,0.9499999999998181,1.7600000000002183,0.00040581608230693035,1,5.3400000000001455,0.31086142263880057,19,30,2,0.0,0.0,1.0,-0.9659258262890684,0.2588190451025203
2025-12-17 19:45:00,4338.92,4342.28,4335.56,4342.28,3985,33,0,3.3599999999996726,0.0,3.3599999999996726,3.5799999999999272,0.0008251319519671623,1,6.719999999999345,0.4999999992559524,19,45,2,0.0,0.0,1.0,-0.9659258262890684,0.2588190451025203
2025-12-17 20:00:00,4342.33,4346.29,4342.32,4343.16,3472,33,0,0.8299999999999272,3.130000000000109,0.010000000000218279,0.8800000000001091,0.0002026585111969079,1,3.9700000000002547,0.20906800954891536,20,0,2,0.0,0.0,1.0,-0.8660254037844386,0.5000000000000001
2025-12-17 20:15:00,4343.03,4343.03,4338.17,4341.65,4414,33,0,1.3800000000001091,0.0,3.4799999999995634,-1.5100000000002183,-0.00034767312279543425,-1,4.859999999999673,0.2839506166997317,20,15,2,0.0,0.0,1.0,-0.8660254037844386,0.5000000000000001
2025-12-17 20:30:00,4341.63,4343.92,4330.38,4332.42,4364,36,0,9.210000000000036,2.2899999999999636,2.0399999999999636,-9.229999999999563,-0.0021259198691740617,-1,13.539999999999964,0.6802067941800586,20,30,2,0.0,0.0,1.0,-0.8660254037844386,0.5000000000000001
2025-12-17 20:45:00,4332.39,4336.42,4328.89,4336.03,4271,33,0,3.639999999999418,0.3900000000003274,3.5,3.6099999999996726,0.0008332525470752311,1,7.529999999999745,0.48339973375372425,20,45,2,0.0,0.0,1.0,-0.8660254037844386,0.5000000000000001
2025-12-17 21:00:00,4336.03,4338.01,4333.08,4337.06,2616,33,0,1.0300000000006548,0.9499999999998181,2.949999999999818,1.0300000000006548,0.000237544481934086,1,4.930000000000291,0.20892494886639848,21,0,2,0.0,0.0,1.0,-0.7071067811865477,0.7071067811865474
2025-12-17 21:15:00,4337.03,4340.55,4335.92,4339.65,2306,33,0,2.619999999999891,0.9000000000005457,1.1099999999996726,2.589999999999236,0.0005971787339809077,1,4.630000000000109,0.5658747287993697,21,15,2,0.0,0.0,1.0,-0.7071067811865477,0.7071067811865474
2025-12-17 21:30:00,4339.65,4340.91,4334.31,4335.06,2332,33,0,4.589999999999236,1.2600000000002183,0.75,-4.589999999999236,-0.0010576889841344894,-1,6.599999999999454,0.6954545444007681,21,30,2,0.0,0.0,1.0,-0.7071067811865477,0.7071067811865474
2025-12-17 21:45:00,4335.16,4337.11,4330.22,4336.94,2588,33,0,1.7799999999997453,0.17000000000007276,4.9399999999996,1.8799999999991996,0.0004336733516950629,1,6.889999999999418,0.2583454277817767,21,45,2,0.0,0.0,1.0,-0.7071067811865477,0.7071067811865474
2025-12-17 22:00:00,4336.94,4339.56,4335.1,4339.11,2117,33,0,2.1700000000000728,0.4500000000007276,1.839999999999236,2.1700000000000728,0.0005003527832988404,1,4.460000000000036,0.4865470841108933,22,0,2,0.0,0.0,1.0,-0.5000000000000004,0.8660254037844384
2025-12-17 22:15:00,4339.11,4342.61,4339.02,4341.38,2280,34,0,2.2700000000004366,1.2299999999995634,0.08999999999923602,2.2700000000004366,0.0005231487563118789,1,3.589999999999236,0.6323119759548189,22,15,2,0.0,0.0,1.0,-0.5000000000000004,0.8660254037844384
2025-12-17 22:30:00,4341.38,4342.7,4338.48,4341.95,2717,35,0,0.569999999999709,0.75,2.9000000000005457,0.569999999999709,0.0001312946574590819,1,4.220000000000255,0.13507108972724258,22,30,2,0.0,0.0,1.0,-0.5000000000000004,0.8660254037844384
2025-12-17 22:45:00,4341.88,4345.86,4339.24,4341.24,3602,34,0,0.6400000000003274,3.9799999999995634,2.0,-0.7100000000000364,-0.00016352099862965635,-1,6.619999999999891,0.09667673701413453,22,45,2,0.0,0.0,1.0,-0.5000000000000004,0.8660254037844384
2025-12-17 23:00:00,4341.27,4345.71,4340.53,4343.74,1098,34,0,2.469999999999345,1.9700000000002547,0.7400000000006912,2.5,0.0005758723314076163,1,5.180000000000291,0.47683397591329474,23,0,2,0.0,0.0,1.0,-0.25881904510252157,0.9659258262890681
2025-12-17 23:15:00,4343.71,4346.06,4343.33,4344.05,1040,34,0,0.3400000000001455,2.0100000000002183,0.38000000000010914,0.3100000000004002,7.13670707732047e-05,1,2.730000000000473,0.12454212408595802,23,15,2,0.0,0.0,1.0,-0.25881904510252157,0.9659258262890681
2025-12-17 23:30:00,4344.05,4344.61,4339.71,4339.82,1137,36,0,4.230000000000473,0.5599999999994907,0.10999999999967258,-4.230000000000473,-0.0009737456981389424,-1,4.899999999999636,0.8632653043608437,23,30,2,0.0,0.0,1.0,-0.25881904510252157,0.9659258262890681
2025-12-17 23:45:00,4339.82,4341.87,4338.18,4338.35,871,42,0,1.4699999999993452,2.050000000000182,0.17000000000007276,-1.4699999999993452,-0.000338723725868664,-1,3.6899999999996,0.3983739826600989,23,45,2,0.0,0.0,1.0,-0.25881904510252157,0.9659258262890681
2025-12-18 01:00:00,4337.35,4340.82,4335.61,4335.98,1132,38,0,1.3700000000008004,3.469999999999345,0.36999999999989086,-2.3700000000008004,-0.0005462906404510471,-1,5.210000000000036,0.26295585362211754,1,0,3,1.0,0.0,0.0,0.25881904510252074,0.9659258262890683
2025-12-18 01:15:00,4336.06,4339.04,4335.65,4338.07,1025,38,0,2.009999999999309,0.9700000000002547,0.410000000000764,2.0900000000001455,0.0004820132934192837,1,3.3900000000003274,0.5929203522330121,1,15,3,1.0,0.0,0.0,0.25881904510252074,0.9659258262890683
2025-12-18 01:30:00,4338.07,4339.97,4337.22,4338.62,1040,36,0,0.5500000000001819,1.3500000000003638,0.8499999999994543,0.5500000000001819,0.00012678449172101464,1,2.75,0.19999999927279344,1,30,3,1.0,0.0,0.0,0.25881904510252074,0.9659258262890683
2025-12-18 01:45:00,4338.68,4342.77,4338.68,4339.08,1768,36,0,0.3999999999996362,3.6900000000005093,0.0,0.4600000000000364,0.00010602449626840709,1,4.0900000000001455,0.09779951076323395,1,45,3,1.0,0.0,0.0,0.25881904510252074,0.9659258262890683
2025-12-18 02:00:00,4339.08,4341.2,4336.83,4338.22,1680,33,0,0.8599999999996726,2.119999999999891,1.3900000000003274,-0.8599999999996726,-0.00019819869649779966,-1,4.369999999999891,0.196796338222364,2,0,3,1.0,0.0,0.0,0.49999999999999994,0.8660254037844387
2025-12-18 02:15:00,4338.23,4342.82,4337.33,4337.65,1508,33,0,0.5799999999999272,4.5900000000001455,0.31999999999970896,-0.5700000000006185,-0.00013139029371507632,-1,5.489999999999782,0.10564663004435046,2,15,3,1.0,0.0,0.0,0.49999999999999994,0.8660254037844387
2025-12-18 02:30:00,4337.66,4340.45,4336.7,4336.77,2247,33,0,0.8899999999994179,2.7899999999999636,0.07000000000061846,-0.8799999999991996,-0.00020287482853600445,-1,3.75,0.23733333270028922,2,30,3,1.0,0.0,0.0,0.49999999999999994,0.8660254037844387
2025-12-18 02:45:00,4336.72,4337.1,4333.0,4334.65,3053,33,0,2.0700000000006185,0.38000000000010914,1.6499999999996362,-2.1200000000008004,-0.0004888430790659408,-1,4.100000000000364,0.504878047549184,2,45,3,1.0,0.0,0.0,0.49999999999999994,0.8660254037844387
2025-12-18 03:00:00,4334.7,4336.93,4328.5,4329.98,4059,33,0,4.720000000000255,2.230000000000473,1.4799999999995634,-4.670000000000073,-0.0010773649544946128,-1,8.430000000000291,0.559905100166197,3,0,3,1.0,0.0,0.0,0.7071067811865476,0.7071067811865476
2025-12-18 03:15:00,4330.0,4331.78,4324.7,4324.83,3594,33,0,5.170000000000073,1.7799999999997453,0.13000000000010914,-5.149999999999636,-0.0011893819370989327,-1,7.079999999999927,0.7302259876691901,3,15,3,1.0,0.0,0.0,0.7071067811865476,0.7071067811865476
2025-12-18 03:30:00,4324.89,4328.36,4324.5,4326.77,4019,33,0,1.8800000000001091,1.589999999999236,0.3900000000003274,1.9400000000005093,0.0004485725450481312,1,3.8599999999996726,0.4870466308626431,3,30,3,1.0,0.0,0.0,0.7071067811865476,0.7071067811865476
2025-12-18 03:45:00,4326.8,4331.64,4324.76,4331.44,3259,33,0,4.639999999999418,0.2000000000007276,2.0399999999999636,4.669999999999163,0.0010793270730820365,1,6.880000000000109,0.6744186036708079,3,45,3,1.0,0.0,0.0,0.7071067811865476,0.7071067811865476
2025-12-18 04:00:00,4331.46,4335.09,4329.95,4330.87,3069,33,0,0.5900000000001455,3.630000000000109,0.9200000000000728,-0.569999999999709,-0.00013159595884964563,-1,5.140000000000327,0.11478599199460078,4,0,3,1.0,0.0,0.0,0.8660254037844386,0.5000000000000001
2025-12-18 04:15:00,4330.95,4336.21,4329.8,4334.45,2545,33,0,3.5,1.7600000000002183,1.1499999999996362,3.5799999999999272,0.0008266237499624619,1,6.4099999999998545,0.5460218400218192,4,15,3,1.0,0.0,0.0,0.8660254037844386,0.5000000000000001
2025-12-18 04:30:00,4334.4,4337.62,4333.82,4333.9,3124,33,0,0.5,3.2200000000002547,0.07999999999992724,-0.5500000000001819,-0.00012689037824872404,-1,3.800000000000182,0.13157894702215436,4,30,3,1.0,0.0,0.0,0.8660254037844386,0.5000000000000001
2025-12-18 04:45:00,4333.86,4334.23,4330.53,4333.12,2628,33,0,0.7399999999997817,0.36999999999989086,2.5900000000001455,-0.7799999999997453,-0.00017997646461610683,-1,3.699999999999818,0.1999999994594103,4,45,3,1.0,0.0,0.0,0.8660254037844386,0.5000000000000001
2025-12-18 05:00:00,4333.09,4335.73,4330.82,4335.63,2705,33,0,2.5399999999999636,0.0999999999994543,2.2700000000004366,2.5100000000002183,0.0005792592866110835,1,4.9099999999998545,0.5173116079077236,5,0,3,1.0,0.0,0.0,0.9659258262890683,0.25881904510252074
2025-12-18 05:15:00,4335.62,4336.57,4331.97,4333.09,2964,33,0,2.5299999999997453,0.9499999999998181,1.1199999999998909,-2.5399999999999636,-0.000585843349178773,-1,4.599999999999454,0.5499999988043577,5,15,3,1.0,0.0,0.0,0.9659258262890683,0.25881904510252074
2025-12-18 05:30:00,4333.13,4335.53,4332.1,4332.1,2882,33,0,1.0299999999997453,2.399999999999636,0.0,-0.9899999999997817,-0.00022847436817600875,-1,3.4299999999993815,0.30029154431399874,5,30,3,1.0,0.0,0.0,0.9659258262890683,0.25881904510252074
2025-12-18 05:45:00,4332.11,4333.47,4331.11,4333.07,2800,33,0,0.9600000000000364,0.4000000000005457,1.0,0.9699999999993452,0.00022390988204319963,1,2.360000000000582,0.40677965929322163,5,45,3,1.0,0.0,0.0,0.9659258262890683,0.25881904510252074
2025-12-18 06:00:00,4333.03,4333.45,4329.28,4330.16,1735,33,0,2.869999999999891,0.42000000000007276,0.8800000000001091,-2.9099999999998545,-0.0006715792728942423,-1,4.170000000000073,0.6882493988291,6,0,3,1.0,0.0,0.0,1.0,6.123233995736766e-17
2025-12-18 06:15:00,4330.16,4332.08,4328.87,4330.36,1598,33,0,0.1999999999998181,1.7200000000002547,1.2899999999999636,0.1999999999998181,4.618766973964429e-05,1,3.2100000000000364,0.0623052957560009,6,15,3,1.0,0.0,0.0,1.0,6.123233995736766e-17
2025-12-18 06:30:00,4330.17,4331.48,4328.56,4329.46,1736,33,0,0.7100000000000364,1.3099999999994907,0.8999999999996362,-0.8999999999996362,-0.0002078349144181168,-1,2.9199999999991633,0.24315068409888116,6,30,3,1.0,0.0,0.0,1.0,6.123233995736766e-17
2025-12-18 06:45:00,4329.46,4332.47,4329.22,4331.82,1959,33,0,2.3599999999996726,0.6500000000005457,0.23999999999978172,2.3599999999996726,0.0005451026224978803,1,3.25,0.726153843919426,6,45,3,1.0,0.0,0.0,1.0,6.123233995736766e-17
2025-12-18 07:00:00,4331.66,4337.23,4330.97,4337.19,1943,33,0,5.529999999999745,0.03999999999996362,0.6899999999995998,5.369999999999891,0.0012396636979375624,1,6.259999999999309,0.8833865800585448,7,0,3,1.0,0.0,0.0,0.9659258262890683,-0.25881904510252063
2025-12-18 07:15:00,4337.19,4337.42,4334.6,4335.71,1655,33,0,1.4799999999995634,0.23000000000047294,1.1099999999996726,-1.4799999999995634,-0.00034123476259964716,-1,2.819999999999709,0.524822693174287,7,15,3,1.0,0.0,0.0,0.9659258262890683,-0.25881904510252063
2025-12-18 07:30:00,4335.72,4337.2,4332.83,4336.88,3066,33,0,1.1599999999998545,0.31999999999970896,2.8900000000003274,1.1700000000000728,0.0002698519965588272,1,4.369999999999891,0.2654462236488378,7,30,3,1.0,0.0,0.0,0.9659258262890683,-0.25881904510252063
2025-12-18 07:45:00,4336.89,4336.95,4332.21,4333.09,3416,33,0,3.800000000000182,0.05999999999949068,0.8800000000001091,-3.7899999999999636,-0.000873900130969721,-1,4.739999999999782,0.8016877620218311,7,45,3,1.0,0.0,0.0,0.9659258262890683,-0.25881904510252063
2025-12-18 08:00:00,4333.18,4335.34,4330.65,4334.35,2538,33,0,1.1700000000000728,0.9899999999997817,2.530000000000655,1.2600000000002183,0.0002907855594968529,1,4.690000000000509,0.24946695042756423,8,0,3,0.0,1.0,0.0,0.8660254037844387,-0.4999999999999998
2025-12-18 08:15:00,4334.33,4335.28,4331.92,4333.49,2095,33,0,0.8400000000001455,0.9499999999998181,1.569999999999709,-0.8600000000005821,-0.00019841498725312493,-1,3.3599999999996726,0.24999999925602007,8,15,3,0.0,1.0,0.0,0.8660254037844387,-0.4999999999999998
2025-12-18 08:30:00,4333.49,4336.07,4333.16,4333.5,1773,33,0,0.010000000000218279,2.569999999999709,0.32999999999992724,0.010000000000218279,2.3076088788062923e-06,1,2.9099999999998545,0.0034364261051046453,8,30,3,0.0,1.0,0.0,0.8660254037844387,-0.4999999999999998
2025-12-18 08:45:00,4333.5,4334.72,4331.94,4333.89,2210,33,0,0.3900000000003274,0.8299999999999272,1.5600000000004002,0.3900000000003274,8.999653859474499e-05,1,2.780000000000655,0.14028776927962514,8,45,3,0.0,1.0,0.0,0.8660254037844387,-0.4999999999999998
2025-12-18 09:00:00,4333.85,4334.74,4329.92,4330.76,1734,33,0,3.0900000000001455,0.8899999999994179,0.8400000000001455,-3.130000000000109,-0.0007222149154685765,-1,4.819999999999709,0.6410788368443037,9,0,3,0.0,1.0,0.0,0.7071067811865476,-0.7071067811865475
2025-12-18 09:15:00,4330.76,4335.04,4330.37,4334.95,1552,33,0,4.1899999999996,0.09000000000014552,0.3900000000003274,4.1899999999996,0.0009674976216644652,1,4.670000000000073,0.8972162721686021,9,15,3,0.0,1.0,0.0,0.7071067811865476,-0.7071067811865475
2025-12-18 09:30:00,4334.82,4337.68,4332.72,4333.21,2065,33,0,1.6099999999996726,2.860000000000582,0.4899999999997817,-1.7399999999997817,-0.0004013887126725295,-1,4.960000000000036,0.32459677353905103,9,30,3,0.0,1.0,0.0,0.7071067811865476,-0.7071067811865475
2025-12-18 09:45:00,4333.21,4333.94,4331.35,4331.37,1547,33,0,1.8400000000001455,0.7299999999995634,0.019999999999527063,-1.8400000000001455,-0.0004246274701664922,-1,2.589999999999236,0.7104247076820236,9,45,3,0.0,1.0,0.0,0.7071067811865476,-0.7071067811865475
2025-12-18 10:00:00,4330.9,4332.43,4324.84,4328.26,2712,33,0,2.639999999999418,1.5300000000006548,3.4200000000000728,-3.1099999999996726,-0.0007180176249084407,-1,7.5900000000001455,0.3478260864981695,10,0,3,0.0,1.0,0.0,0.49999999999999994,-0.8660254037844387
2025-12-18 10:15:00,4328.28,4329.65,4325.72,4327.08,2289,33,0,1.199999999999818,1.3699999999998909,1.3599999999996726,-1.180000000000291,-0.00027262687546503466,-1,3.9299999999993815,0.30534351067342796,10,15,3,0.0,1.0,0.0,0.49999999999999994,-0.8660254037844387
2025-12-18 10:30:00,4327.08,4328.84,4325.1,4328.42,1797,33,0,1.3400000000001455,0.42000000000007276,1.9799999999995634,1.3400000000001455,0.0003096776579125289,1,3.7399999999997817,0.3582887690955444,10,30,3,0.0,1.0,0.0,0.49999999999999994,-0.8660254037844387
2025-12-18 10:45:00,4328.41,4328.79,4321.92,4326.46,1907,33,0,1.949999999999818,0.38000000000010914,4.539999999999964,-1.9600000000000364,-0.0004528211217950283,-1,6.869999999999891,0.2838427943466406,10,45,3,0.0,1.0,0.0,0.49999999999999994,-0.8660254037844387
2025-12-18 11:00:00,4325.8,4328.53,4324.63,4326.36,2282,33,0,0.5599999999994907,2.1700000000000728,1.1700000000000728,-0.1000000000003638,-2.3113584778401694e-05,1,3.899999999999636,0.14358974322144757,11,0,3,0.0,1.0,0.0,0.258819045102521,-0.9659258262890682
2025-12-18 11:15:00,4326.34,4328.15,4323.56,4324.56,2146,33,0,1.7799999999997453,1.8099999999994907,1.0,-1.7999999999992724,-0.00041605414251224415,-1,4.589999999999236,0.3877995634252824,11,15,3,0.0,1.0,0.0,0.258819045102521,-0.9659258262890682
2025-12-18 11:30:00,4324.56,4326.9,4321.27,4324.44,2264,33,0,0.12000000000080036,2.339999999999236,3.1699999999991633,-0.12000000000080036,-2.7748487707605014e-05,-1,5.6299999999992,0.021314387173654272,11,30,3,0.0,1.0,0.0,0.258819045102521,-0.9659258262890682
2025-12-18 11:45:00,4324.38,4324.48,4320.71,4323.29,2548,33,0,1.0900000000001455,0.0999999999994543,2.5799999999999272,-1.1499999999996362,-0.0002659303863620807,-1,3.769999999999527,0.2891246676681792,11,45,3,0.0,1.0,0.0,0.258819045102521,-0.9659258262890682
2025-12-18 12:00:00,4323.29,4325.72,4322.84,4324.57,1718,33,0,1.2799999999997453,1.1500000000005457,0.4499999999998181,1.2799999999997453,0.000296070816438348,1,2.880000000000109,0.44444444290112933,12,0,3,0.0,1.0,0.0,1.2246467991473532e-16,-1.0
2025-12-18 12:15:00,4324.6,4325.43,4323.14,4323.35,1467,33,0,1.25,0.8299999999999272,0.21000000000003638,-1.2199999999993452,-0.000282108972683838,-1,2.2899999999999636,0.545851526000657,12,15,3,0.0,1.0,0.0,1.2246467991473532e-16,-1.0
2025-12-18 12:30:00,4323.62,4327.33,4321.95,4326.95,1720,33,0,3.3299999999999272,0.38000000000010914,1.6700000000000728,3.5999999999994543,0.0008326876149281123,1,5.380000000000109,0.6189591066561838,12,30,3,0.0,1.0,0.0,1.2246467991473532e-16,-1.0
2025-12-18 12:45:00,4327.1,4327.46,4323.85,4325.29,1650,33,0,1.8100000000004002,0.3599999999996726,1.4399999999995998,-1.6599999999998545,-0.0003836420573382763,-1,3.6099999999996726,0.5013850401625246,12,45,3,0.0,1.0,0.0,1.2246467991473532e-16,-1.0
2025-12-18 13:00:00,4325.33,4328.56,4324.28,4327.17,1721,33,0,1.8400000000001455,1.3900000000003274,1.050000000000182,1.8800000000001091,0.0004346529365661283,1,4.280000000000655,0.4299065410515885,13,0,3,0.0,1.0,0.0,-0.2588190451025208,-0.9659258262890683
2025-12-18 13:15:00,4327.17,4328.29,4325.3,4325.59,1174,33,0,1.5799999999999272,1.1199999999998909,0.2899999999999636,-1.5799999999999272,-0.0003651347185342677,-1,2.9899999999997817,0.5284280918781812,13,15,3,0.0,1.0,0.0,-0.2588190451025208,-0.9659258262890683
2025-12-18 13:30:00,4325.59,4327.0,4325.21,4326.5,1087,33,0,0.9099999999998545,0.5,0.38000000000010914,0.9099999999998545,0.0002103759255962434,1,1.7899999999999636,0.5083798854279744,13,30,3,0.0,1.0,0.0,-0.2588190451025208,-0.9659258262890683
2025-12-18 13:45:00,4326.46,4326.85,4324.61,4325.45,1064,33,0,1.0100000000002183,0.3900000000003274,0.8400000000001455,-1.050000000000182,-0.00024269039639435616,-1,2.240000000000691,0.45089285512990096,13,45,3,0.0,1.0,0.0,-0.2588190451025208,-0.9659258262890683
2025-12-18 14:00:00,4325.45,4326.48,4321.68,4323.99,2073,33,0,1.4600000000000364,1.0299999999997453,2.3099999999994907,-1.4600000000000364,-0.000337537134864589,-1,4.799999999999272,0.3041666660330398,14,0,3,0.0,1.0,0.0,-0.4999999999999997,-0.8660254037844388
2025-12-18 14:15:00,4323.99,4324.27,4317.19,4319.12,2149,33,0,4.869999999999891,0.28000000000065484,1.930000000000291,-4.869999999999891,-0.0011262745751030624,-1,7.080000000000837,0.6878531063729921,14,15,3,0.0,1.0,0.0,-0.4999999999999997,-0.8660254037844388
2025-12-18 14:30:00,4319.11,4323.43,4318.36,4322.58,2201,33,0,3.4700000000002547,0.8500000000003638,0.75,3.4600000000000364,0.0008010891107447898,1,5.0700000000006185,0.6844181446066371,14,30,3,0.0,1.0,0.0,-0.4999999999999997,-0.8660254037844388
2025-12-18 14:45:00,4322.48,4322.65,4320.16,4320.75,1745,33,0,1.7299999999995634,0.17000000000007276,0.5900000000001455,-1.8299999999999272,-0.00042335827214300885,-1,2.4899999999997817,0.6947791136754715,14,45,3,0.0,1.0,0.0,-0.4999999999999997,-0.8660254037844388
2025-12-18 15:00:00,4320.59,4324.09,4314.38,4316.29,3942,33,0,4.300000000000182,3.5,1.9099999999998545,-4.460000000000036,-0.0010322282011224987,-1,9.710000000000036,0.4428424300279857,15,0,3,0.0,1.0,0.0,-0.7071067811865471,-0.7071067811865479
2025-12-18 15:15:00,4316.3,4323.85,4315.89,4321.24,3844,33,0,4.9399999999996,2.610000000000582,0.4099999999998545,4.949999999999818,0.0011468182165702068,1,7.960000000000036,0.6206030142956718,15,15,3,0.0,1.0,0.0,-0.7071067811865471,-0.7071067811865479
2025-12-18 15:30:00,4320.83,4338.3,4320.39,4336.28,5712,33,0,15.449999999999818,2.0200000000004366,0.4399999999995998,15.039999999999964,0.003480482454110386,1,17.909999999999854,0.8626465656824945,15,30,3,0.0,1.0,0.0,-0.7071067811865471,-0.7071067811865479
2025-12-18 15:45:00,4336.31,4342.89,4334.92,4336.41,4737,33,0,0.0999999999994543,6.480000000000473,1.3900000000003274,0.13000000000010914,2.997961386259862e-05,1,7.970000000000255,0.012547051427099196,15,45,3,0.0,1.0,0.0,-0.7071067811865471,-0.7071067811865479
2025-12-18 16:00:00,4336.41,4341.38,4333.05,4336.33,4568,33,0,0.07999999999992724,4.970000000000255,3.2799999999997453,-0.07999999999992724,-1.844844006907263e-05,-1,8.329999999999927,0.009603841525076772,16,0,3,0.0,0.0,1.0,-0.8660254037844384,-0.5000000000000004
2025-12-18 16:15:00,4336.34,4338.88,4332.33,4332.69,4522,33,0,3.6500000000005457,2.5399999999999636,0.3599999999996726,-3.6400000000003274,-0.0008394195091241505,-1,6.550000000000182,0.5572519075462481,16,15,3,0.0,0.0,1.0,-0.8660254037844384,-0.5000000000000004
2025-12-18 16:30:00,4332.74,4341.21,4311.23,4314.07,7305,35,0,18.670000000000073,8.470000000000255,2.8400000000001455,-18.61999999999989,-0.00429756109945551,-1,29.980000000000473,0.6227484987916042,16,30,3,0.0,0.0,1.0,-0.8660254037844384,-0.5000000000000004
2025-12-18 16:45:00,4314.06,4330.1,4308.74,4328.44,6937,33,0,14.3799999999992,1.660000000000764,5.3200000000006185,14.36999999999989,0.0033309612500492325,1,21.360000000000582,0.6732209734675373,16,45,3,0.0,0.0,1.0,-0.8660254037844384,-0.5000000000000004
2025-12-18 17:00:00,4328.44,4336.96,4326.56,4330.58,6108,33,0,2.1400000000003274,6.380000000000109,1.8799999999991996,2.1400000000003274,0.0004944044505642512,1,10.399999999999636,0.2057692305714144,17,0,3,0.0,0.0,1.0,-0.9659258262890683,-0.25881904510252063
2025-12-18 17:15:00,4330.61,4334.26,4324.96,4333.27,5992,33,0,2.660000000000764,0.9899999999997817,5.649999999999636,2.6900000000005093,0.000621163908760607,1,9.300000000000182,0.2860215050688706,17,15,3,0.0,0.0,1.0,-0.9659258262890683,-0.25881904510252063
2025-12-18 17:30:00,4332.83,4341.44,4331.22,4337.3,5331,33,0,4.470000000000255,4.139999999999418,1.6099999999996726,4.029999999999745,0.0009300135925062932,1,10.219999999999345,0.43737769037443874,17,30,3,0.0,0.0,1.0,-0.9659258262890683,-0.25881904510252063
2025-12-18 17:45:00,4337.31,4340.94,4334.33,4338.08,4689,33,0,0.7699999999995271,2.8599999999996726,2.980000000000473,0.7799999999997453,0.00017983538145845232,1,6.609999999999673,0.11649016623822445,17,45,3,0.0,0.0,1.0,-0.9659258262890683,-0.25881904510252063
2025-12-18 18:00:00,4338.15,4367.9,4337.71,4362.16,5548,33,0,24.01000000000022,5.739999999999782,0.4399999999995998,24.079999999999927,0.005550842769151313,1,30.1899999999996,0.795296455516647,18,0,3,0.0,0.0,1.0,-1.0,-1.8369701987210297e-16
2025-12-18 18:15:00,4362.04,4374.6,4361.93,4367.04,6051,33,0,5.0,7.5600000000004,0.10999999999967258,4.880000000000109,0.0011187118308361246,1,12.670000000000073,0.3946329910066015,18,15,3,0.0,0.0,1.0,-1.0,-1.8369701987210297e-16
2025-12-18 18:30:00,4367.04,4371.62,4363.2,4366.93,4663,33,0,0.10999999999967258,4.579999999999927,3.730000000000473,-0.10999999999967258,-2.5188686158055016e-05,-1,8.420000000000073,0.013064133001072481,18,30,3,0.0,0.0,1.0,-1.0,-1.8369701987210297e-16
2025-12-18 18:45:00,4366.93,4369.35,4356.29,4360.28,4763,33,0,6.650000000000546,2.4200000000000728,3.9899999999997817,-6.650000000000546,-0.001522808929843287,-1,13.0600000000004,0.5091883610190243,18,45,3,0.0,0.0,1.0,-1.0,-1.8369701987210297e-16
2025-12-18 19:00:00,4360.24,4363.45,4322.62,4328.37,6654,33,0,31.86999999999989,3.2100000000000364,5.75,-31.909999999999854,-0.00731833735448179,-1,40.82999999999993,0.7805535143814453,19,0,3,0.0,0.0,1.0,-0.9659258262890684,0.2588190451025203
2025-12-18 19:15:00,4328.36,4332.74,4321.96,4327.74,5944,33,0,0.6199999999998909,4.380000000000109,5.779999999999745,-0.6300000000001091,-0.00014555132763606374,-1,10.779999999999745,0.057513914603410606,19,15,3,0.0,0.0,1.0,-0.9659258262890684,0.2588190451025203
2025-12-18 19:30:00,4327.83,4341.5,4326.25,4337.31,4821,33,0,9.480000000000473,4.1899999999996,1.5799999999999272,9.570000000000618,0.002211315836903469,1,15.25,0.6216393438546937,19,30,3,0.0,0.0,1.0,-0.9659258262890684,0.2588190451025203
2025-12-18 19:45:00,4337.37,4338.26,4324.87,4333.19,4412,33,0,4.180000000000291,0.8900000000003274,8.319999999999709,-4.1200000000008,-0.0009498975171248539,-1,13.390000000000327,0.3121732633964493,19,45,3,0.0,0.0,1.0,-0.9659258262890684,0.2588190451025203
2025-12-18 20:00:00,4333.25,4340.78,4331.42,4339.29,3881,33,0,6.039999999999964,1.4899999999997817,1.8299999999999272,6.100000000000364,0.0014077388713627523,1,9.359999999999673,0.6452991446097418,20,0,3,0.0,0.0,1.0,-0.8660254037844386,0.5000000000000001
2025-12-18 20:15:00,4339.29,4341.18,4331.68,4332.01,3989,33,0,7.279999999999745,1.8900000000003274,0.32999999999992724,-7.279999999999745,-0.0016776938162694232,-1,9.5,0.7663157886670091,20,15,3,0.0,0.0,1.0,-0.8660254037844386,0.5000000000000001
2025-12-18 20:30:00,4331.84,4340.31,4331.77,4333.75,2977,33,0,1.9099999999998545,6.5600000000004,0.06999999999970896,1.7399999999997817,0.0004016611226658714,1,8.539999999999964,0.223653395522638,20,30,3,0.0,0.0,1.0,-0.8660254037844386,0.5000000000000001
2025-12-18 20:45:00,4333.68,4334.24,4325.67,4331.64,3628,33,0,2.0399999999999636,0.5599999999994907,5.970000000000255,-2.1099999999996726,-0.0004868762618978189,-1,8.569999999999709,0.23803967300112439,20,45,3,0.0,0.0,1.0,-0.8660254037844386,0.5000000000000001
2025-12-18 21:00:00,4331.64,4332.92,4326.41,4329.12,3467,33,0,2.5200000000004366,1.2799999999997453,2.7100000000000364,-2.5200000000004366,-0.000581765797711822,-1,6.510000000000218,0.38709677359898376,21,0,3,0.0,0.0,1.0,-0.7071067811865477,0.7071067811865474
2025-12-18 21:15:00,4329.14,4334.26,4328.52,4333.56,3660,33,0,4.420000000000073,0.6999999999998181,0.6199999999998909,4.440000000000509,0.0010256125956315625,1,5.739999999999782,0.7700348418640928,21,15,3,0.0,0.0,1.0,-0.7071067811865477,0.7071067811865474
2025-12-18 21:30:00,4333.77,4334.71,4327.54,4329.45,3942,33,0,4.3200000000006185,0.9399999999995998,1.9099999999998545,-4.110000000000582,-0.000948411929222298,-1,7.170000000000073,0.6025104594108047,21,30,3,0.0,0.0,1.0,-0.7071067811865477,0.7071067811865474
2025-12-18 21:45:00,4329.45,4330.5,4322.85,4324.91,3783,33,0,4.539999999999964,1.050000000000182,2.0599999999994907,-4.539999999999964,-0.0010486320433311306,-1,7.649999999999636,0.5934640515118351,21,45,3,0.0,0.0,1.0,-0.7071067811865477,0.7071067811865474
2025-12-18 22:00:00,4324.95,4335.88,4324.43,4333.59,3596,33,0,8.640000000000327,2.2899999999999636,0.5199999999995271,8.680000000000291,0.002006978179892828,1,11.449999999999818,0.7545851521794421,22,0,3,0.0,0.0,1.0,-0.5000000000000004,0.8660254037844384
2025-12-18 22:15:00,4333.59,4333.87,4328.27,4332.26,2770,34,0,1.3299999999999272,0.27999999999974534,3.9899999999997817,-1.3299999999999272,-0.0003069048987098289,-1,5.599999999999454,0.237499999575903,22,15,3,0.0,0.0,1.0,-0.5000000000000004,0.8660254037844384
2025-12-18 22:30:00,4332.26,4338.21,4331.06,4336.08,2881,34,0,3.819999999999709,2.130000000000109,1.199999999999818,3.819999999999709,0.0008817568659313404,1,7.149999999999636,0.5342657335184959,22,30,3,0.0,0.0,1.0,-0.5000000000000004,0.8660254037844384
2025-12-18 22:45:00,4335.98,4336.25,4332.09,4334.82,3402,34,0,1.1599999999998545,0.27000000000043656,2.7299999999995634,-1.2600000000002183,-0.00029058504455642387,-1,4.1599999999998545,0.2788461531758254,22,45,3,0.0,0.0,1.0,-0.5000000000000004,0.8660254037844384
2025-12-18 23:00:00,4334.82,4334.82,4331.26,4332.63,924,34,0,2.1899999999996,0.0,1.3699999999998909,-2.1899999999996,-0.0005052112890499721,-1,3.5599999999994907,0.6151685375978168,23,0,3,0.0,0.0,1.0,-0.25881904510252157,0.9659258262890681
2025-12-18 23:15:00,4332.68,4332.88,4330.53,4331.98,1008,34,0,0.7000000000007276,0.1999999999998181,1.449999999999818,-0.6500000000005457,-0.00015002435010618163,-1,2.350000000000364,0.29787233915825356,23,15,3,0.0,0.0,1.0,-0.25881904510252157,0.9659258262890681
2025-12-18 23:30:00,4331.88,4332.65,4328.49,4330.73,819,35,0,1.1500000000005457,0.7699999999995271,2.2399999999997817,-1.25,-0.0002885516553631365,-1,4.1599999999998545,0.2764423070279238,23,30,3,0.0,0.0,1.0,-0.25881904510252157,0.9659258262890681
2025-12-18 23:45:00,4330.76,4333.88,4330.76,4332.04,772,42,0,1.2799999999997453,1.8400000000001455,0.0,1.3100000000004002,0.00030248941864313873,1,3.119999999999891,0.4102564089414186,23,45,3,0.0,0.0,1.0,-0.25881904510252157,0.9659258262890681
2025-12-19 01:00:00,4331.85,4336.3,4330.89,4334.74,667,38,0,2.889999999999418,1.5600000000004002,0.9600000000000364,2.699999999999818,0.0006232629430937429,1,5.4099999999998545,0.5341959324690455,1,0,4,1.0,0.0,0.0,0.25881904510252074,0.9659258262890683
2025-12-19 01:15:00,4334.75,4336.56,4334.0,4334.1,690,36,0,0.6499999999996362,1.8100000000004002,0.1000000000003638,-0.6399999999994179,-0.00014764438005495552,-1,2.5600000000004,0.2539062490079969,1,15,4,1.0,0.0,0.0,0.25881904510252074,0.9659258262890683
2025-12-19 01:30:00,4334.11,4335.53,4333.56,4334.06,861,36,0,0.049999999999272404,1.4200000000000728,0.5,-0.03999999999996362,-9.229136383554514e-06,-1,1.9699999999993452,0.025380710530701484,1,30,4,1.0,0.0,0.0,0.25881904510252074,0.9659258262890683
2025-12-19 01:45:00,4334.07,4336.71,4333.79,4335.11,920,36,0,1.0399999999999636,1.6000000000003638,0.27999999999974534,1.0499999999992724,0.00024226706598415166,1,2.9200000000000728,0.35616438234188147,1,45,4,1.0,0.0,0.0,0.25881904510252074,0.9659258262890683
2025-12-19 02:00:00,4335.07,4335.66,4329.4,4329.96,1569,33,0,5.109999999999673,0.5900000000001455,0.5600000000004002,-5.149999999999636,-0.0011879744689291937,-1,6.260000000000218,0.8162939284083954,2,0,4,1.0,0.0,0.0,0.49999999999999994,0.8660254037844387
2025-12-19 02:15:00,4329.97,4332.04,4327.91,4331.16,1196,33,0,1.1899999999995998,0.8800000000001091,2.0600000000004,1.199999999999818,0.0002771388188343121,1,4.130000000000109,0.2881355925225696,2,15,4,1.0,0.0,0.0,0.49999999999999994,0.8660254037844387
2025-12-19 02:30:00,4331.16,4332.23,4327.75,4328.3,993,33,0,2.8599999999996726,1.069999999999709,0.5500000000001819,-2.8599999999996726,-0.0006603311814847923,-1,4.479999999999563,0.6383928557178622,2,30,4,1.0,0.0,0.0,0.49999999999999994,0.8660254037844387
2025-12-19 02:45:00,4328.24,4330.94,4325.61,4325.93,1474,33,0,2.3099999999994907,2.699999999999818,0.32000000000061846,-2.369999999999891,-0.0005475590878635701,-1,5.329999999999927,0.43339587160704757,2,45,4,1.0,0.0,0.0,0.49999999999999994,0.8660254037844387
2025-12-19 03:00:00,4325.91,4327.39,4320.15,4325.77,4516,33,0,0.13999999999941792,1.480000000000473,5.6200000000008,-0.15999999999985448,-3.6986266536872876e-05,-1,7.240000000000691,0.019337016547794805,3,0,4,1.0,0.0,0.0,0.7071067811865476,0.7071067811865476
2025-12-19 03:15:00,4325.76,4328.28,4309.66,4313.05,3814,33,0,12.710000000000036,2.519999999999527,3.3900000000003274,-12.720000000000255,-0.002940516948427737,-1,18.61999999999989,0.6825993551650976,3,15,4,1.0,0.0,0.0,0.7071067811865476,0.7071067811865476
2025-12-19 03:30:00,4313.06,4319.05,4309.19,4317.51,4001,33,0,4.449999999999818,1.5399999999999636,3.8700000000008004,4.460000000000036,0.0010340710170297206,1,9.860000000000582,0.45131845796007813,3,30,4,1.0,0.0,0.0,0.7071067811865476,0.7071067811865476
2025-12-19 03:45:00,4317.54,4324.09,4316.85,4323.28,3001,33,0,5.739999999999782,0.8100000000004002,0.6899999999995998,5.769999999999527,0.0013364184448905797,1,7.239999999999782,0.7928176784629528,3,45,4,1.0,0.0,0.0,0.7071067811865476,0.7071067811865476
2025-12-19 04:00:00,4323.31,4327.93,4323.31,4324.12,2380,33,0,0.8099999999994907,3.8100000000004,0.0,0.8400000000001455,0.00019429692270686737,1,4.619999999999891,0.17532467494507858,4,0,4,1.0,0.0,0.0,0.8660254037844386,0.5000000000000001
2025-12-19 04:15:00,4324.1,4324.54,4321.53,4324.32,1295,33,0,0.21999999999934516,0.22000000000025466,2.5700000000006185,0.1999999999998181,4.625218541571883e-05,1,3.0100000000002183,0.07308970075363196,4,15,4,1.0,0.0,0.0,0.8660254037844386,0.5000000000000001
2025-12-19 04:30:00,4324.48,4325.86,4314.54,4315.78,2755,33,0,8.699999999999818,1.3800000000001091,1.2399999999997817,-8.539999999999964,-0.0019748769748769665,-1,11.319999999999709,0.768551236070188,4,30,4,1.0,0.0,0.0,0.8660254037844386,0.5000000000000001
2025-12-19 04:45:00,4315.78,4318.6,4313.99,4316.62,2341,33,0,0.8400000000001455,1.980000000000473,1.7899999999999636,0.8400000000001455,0.0001946345735881221,1,4.610000000000582,0.1822125809496559,4,45,4,1.0,0.0,0.0,0.8660254037844386,0.5000000000000001
2025-12-19 05:00:00,4316.61,4317.76,4312.58,4316.23,2703,33,0,0.38000000000010914,1.1500000000005457,3.649999999999636,-0.3900000000003274,-9.034846708775093e-05,-1,5.180000000000291,0.07335907321747047,5,0,4,1.0,0.0,0.0,0.9659258262890683,0.25881904510252074
2025-12-19 05:15:00,4316.29,4321.65,4313.11,4319.28,2977,33,0,2.9899999999997817,2.369999999999891,3.180000000000291,3.050000000000182,0.0007066351885789641,1,8.539999999999964,0.3501170956087381,5,15,4,1.0,0.0,0.0,0.9659258262890683,0.25881904510252074
2025-12-19 05:30:00,4319.28,4322.35,4317.29,4319.48,1693,33,0,0.1999999999998181,2.8700000000008004,1.9899999999997817,0.1999999999998181,4.6304013631859506e-05,1,5.0600000000004,0.039525691621451656,5,30,4,1.0,0.0,0.0,0.9659258262890683,0.25881904510252074
2025-12-19 05:45:00,4319.48,4320.73,4317.51,4317.94,1228,33,0,1.5399999999999636,1.25,0.42999999999938154,-1.5399999999999636,-0.00035652439645512046,-1,3.219999999999345,0.47826086808002116,5,45,4,1.0,0.0,0.0,0.9659258262890683,0.25881904510252074
2025-12-19 06:00:00,4317.95,4319.73,4317.7,4318.98,1104,33,0,1.0299999999997453,0.75,0.25,1.0399999999999636,0.00024085559317636737,1,2.0299999999997453,0.5073891600620606,6,0,4,1.0,0.0,0.0,1.0,6.123233995736766e-17
2025-12-19 06:15:00,4319.04,4319.84,4316.89,4317.31,1749,33,0,1.7299999999995634,0.8000000000001819,0.42000000000007276,-1.6699999999991633,-0.00038666537006403444,-1,2.949999999999818,0.5864406759780554,6,15,4,1.0,0.0,0.0,1.0,6.123233995736766e-17
2025-12-19 06:30:00,4317.31,4321.53,4317.22,4320.35,2137,33,0,3.0399999999999636,1.1799999999993815,0.09000000000014552,3.0399999999999636,0.0007041421625966084,1,4.309999999999491,0.7053364252777167,6,30,4,1.0,0.0,0.0,1.0,6.123233995736766e-17
2025-12-19 06:45:00,4320.35,4322.97,4319.67,4322.73,1464,33,0,2.3799999999991996,0.24000000000069122,0.680000000000291,2.3799999999991996,0.0005508812943393937,1,3.300000000000182,0.7212121190263476,6,45,4,1.0,0.0,0.0,1.0,6.123233995736766e-17
2025-12-19 07:00:00,4322.92,4323.82,4318.38,4318.67,1679,33,0,4.25,0.8999999999996362,0.2899999999999636,-4.059999999999491,-0.0009392212791452372,-1,5.4399999999996,0.7812499985639362,7,0,4,1.0,0.0,0.0,0.9659258262890683,-0.25881904510252063
2025-12-19 07:15:00,4318.68,4320.67,4317.6,4319.87,1101,33,0,1.1899999999995998,0.8000000000001819,1.0799999999999272,1.199999999999818,0.00027786332366210384,1,3.069999999999709,0.3876221485744271,7,15,4,1.0,0.0,0.0,0.9659258262890683,-0.25881904510252063
2025-12-19 07:30:00,4319.86,4326.43,4319.86,4325.26,2984,33,0,5.400000000000546,1.1700000000000728,0.0,5.390000000000327,0.0012477227323971155,1,6.5700000000006185,0.8219178069681673,7,30,4,1.0,0.0,0.0,0.9659258262890683,-0.25881904510252063
2025-12-19 07:45:00,4325.29,4328.94,4324.82,4325.87,3392,33,0,0.5799999999999272,3.069999999999709,0.47000000000025466,0.6099999999996726,0.00014103198420434206,1,4.119999999999891,0.14077669868742126,7,45,4,1.0,0.0,0.0,0.9659258262890683,-0.25881904510252063
2025-12-19 08:00:00,4325.9,4327.38,4324.28,4327.08,2590,33,0,1.180000000000291,0.3000000000001819,1.6199999999998909,1.2100000000000364,0.0002797125202560494,1,3.100000000000364,0.38064516006248417,8,0,4,0.0,1.0,0.0,0.8660254037844387,-0.4999999999999998
2025-12-19 08:15:00,4327.2,4329.42,4326.2,4327.16,2762,33,0,0.03999999999996362,2.2200000000002547,0.9600000000000364,0.07999999999992724,1.8488218382818722e-05,-1,3.2200000000002547,0.012422360209856166,8,15,4,0.0,1.0,0.0,0.8660254037844387,-0.4999999999999998
2025-12-19 08:30:00,4327.16,4328.1,4321.61,4324.05,3047,33,0,3.1099999999996726,0.9400000000005093,2.4400000000005093,-3.1099999999996726,-0.0007187162018505608,-1,6.490000000000691,0.4791987665958943,8,30,4,0.0,1.0,0.0,0.8660254037844387,-0.4999999999999998
2025-12-19 08:45:00,4324.06,4327.12,4322.46,4326.37,2372,33,0,2.3099999999994907,0.75,1.6000000000003638,2.319999999999709,0.0005365340363778654,1,4.6599999999998545,0.49570815344259256,8,45,4,0.0,1.0,0.0,0.8660254037844387,-0.4999999999999998
2025-12-19 09:00:00,4326.29,4328.38,4323.04,4327.23,2406,33,0,0.9399999999995998,1.1500000000005457,3.25,0.8599999999996726,0.00019878096418005686,1,5.3400000000001455,0.17602996221709263,9,0,4,0.0,1.0,0.0,0.7071067811865476,-0.7071067811865475
2025-12-19 09:15:00,4327.18,4327.71,4323.04,4327.48,2287,33,0,0.2999999999992724,0.23000000000047294,4.140000000000327,0.25,5.7773679698097865e-05,1,4.670000000000073,0.06423982855607482,9,15,4,0.0,1.0,0.0,0.7071067811865476,-0.7071067811865475
2025-12-19 09:30:00,4327.49,4329.56,4325.02,4325.02,1841,33,0,2.469999999999345,2.0700000000006185,0.0,-2.459999999999127,-0.0005684601661935184,-1,4.539999999999964,0.5440528622376292,9,30,4,0.0,1.0,0.0,0.7071067811865476,-0.7071067811865475
2025-12-19 09:45:00,4325.07,4325.28,4321.49,4322.59,2259,33,0,2.4799999999995634,0.21000000000003638,1.1000000000003638,-2.430000000000291,-0.0005618471128457881,-1,3.7899999999999636,0.6543535602786416,9,45,4,0.0,1.0,0.0,0.7071067811865476,-0.7071067811865475
2025-12-19 10:00:00,4322.53,4324.58,4321.03,4322.71,2141,33,0,0.18000000000029104,1.8699999999998909,1.5,0.11999999999989086,2.7761133949759485e-05,1,3.550000000000182,0.05070422520936326,10,0,4,0.0,1.0,0.0,0.49999999999999994,-0.8660254037844387
2025-12-19 10:15:00,4322.66,4325.98,4322.24,4324.96,1799,33,0,2.300000000000182,1.019999999999527,0.42000000000007276,2.25,0.0005205068116991425,1,3.7399999999997817,0.6149732603878566,10,15,4,0.0,1.0,0.0,0.49999999999999994,-0.8660254037844387
2025-12-19 10:30:00,4324.96,4330.93,4324.82,4327.84,2364,33,0,2.880000000000109,3.0900000000001455,0.14000000000032742,2.880000000000109,0.000665902112389504,1,6.110000000000582,0.4713584280337562,10,30,4,0.0,1.0,0.0,0.49999999999999994,-0.8660254037844387
2025-12-19 10:45:00,4327.87,4328.6,4325.87,4325.87,1861,33,0,2.0,0.7300000000004729,0.0,-1.9700000000002547,-0.00045519242855564316,-1,2.730000000000473,0.7326007299170866,10,45,4,0.0,1.0,0.0,0.49999999999999994,-0.8660254037844387
2025-12-19 11:00:00,4325.85,4327.36,4324.34,4326.68,1529,33,0,0.8299999999999272,0.6799999999993815,1.5100000000002183,0.8100000000004002,0.00018724557141116128,1,3.019999999999527,0.27483443617606385,11,0,4,0.0,1.0,0.0,0.258819045102521,-0.9659258262890682
2025-12-19 11:15:00,4326.66,4328.18,4325.79,4326.85,1494,33,0,0.19000000000050932,1.3299999999999272,0.8699999999998909,0.17000000000007276,3.929109617537529e-05,1,2.3900000000003274,0.07949790761736578,11,15,4,0.0,1.0,0.0,0.258819045102521,-0.9659258262890682
2025-12-19 11:30:00,4326.8,4330.95,4325.78,4330.51,1804,33,0,3.7100000000000364,0.4399999999995998,1.0200000000004366,3.6599999999998545,0.0008458809526560556,1,5.170000000000073,0.7176015460007676,11,30,4,0.0,1.0,0.0,0.258819045102521,-0.9659258262890682
2025-12-19 11:45:00,4330.56,4333.53,4327.11,4329.41,3056,33,0,1.1500000000005457,2.969999999999345,2.300000000000182,-1.1000000000003638,-0.0002540116522073298,-1,6.420000000000073,0.17912772557776563,11,45,4,0.0,1.0,0.0,0.258819045102521,-0.9659258262890682
2025-12-19 12:00:00,4329.28,4331.7,4328.02,4330.06,2067,33,0,0.7800000000006548,1.639999999999418,1.2599999999993088,0.6500000000005457,0.00015013593076205434,1,3.6799999999993815,0.21195652116337518,12,0,4,0.0,1.0,0.0,1.2246467991473532e-16,-1.0
2025-12-19 12:15:00,4330.06,4331.18,4327.04,4327.26,2059,33,0,2.800000000000182,1.1199999999998909,0.22000000000025466,-2.800000000000182,-0.0006466423098063726,-1,4.140000000000327,0.6763285007818056,12,15,4,0.0,1.0,0.0,1.2246467991473532e-16,-1.0
2025-12-19 12:30:00,4327.3,4327.65,4322.33,4327.14,2339,33,0,0.15999999999985448,0.3499999999994543,4.8100000000004,-0.11999999999989086,-2.7731173999226034e-05,-1,5.319999999999709,0.030075187913366795,12,30,4,0.0,1.0,0.0,1.2246467991473532e-16,-1.0
2025-12-19 12:45:00,4327.05,4329.54,4326.66,4327.79,1914,33,0,0.7399999999997817,1.75,0.3900000000003274,0.6499999999996362,0.00015021469145893966,1,2.880000000000109,0.2569444435521907,12,45,4,0.0,1.0,0.0,1.2246467991473532e-16,-1.0
2025-12-19 13:00:00,4327.8,4328.97,4325.58,4326.32,2508,33,0,1.480000000000473,1.1700000000000728,0.7399999999997817,-1.4700000000002547,-0.0003396652795076135,-1,3.3900000000003274,0.43657816980370157,13,0,4,0.0,1.0,0.0,-0.2588190451025208,-0.9659258262890683
2025-12-19 13:15:00,4326.26,4328.65,4325.64,4327.15,1835,33,0,0.8899999999994179,1.5,0.6199999999998909,0.8299999999999272,0.0001918489617041567,1,3.009999999999309,0.295681062140469,13,15,4,0.0,1.0,0.0,-0.2588190451025208,-0.9659258262890683
2025-12-19 13:30:00,4327.15,4327.82,4325.12,4327.23,1931,33,0,0.07999999999992724,0.5900000000001455,2.0299999999997453,0.07999999999992724,1.848791930021544e-05,1,2.699999999999818,0.029629629519865308,13,30,4,0.0,1.0,0.0,-0.2588190451025208,-0.9659258262890683
2025-12-19 13:45:00,4327.26,4329.42,4326.74,4327.16,2254,33,0,0.1000000000003638,2.1599999999998545,0.42000000000007276,-0.06999999999970896,-1.6176630315400144e-05,-1,2.680000000000291,0.03731343269672336,13,45,4,0.0,1.0,0.0,-0.2588190451025208,-0.9659258262890683
2025-12-19 14:00:00,4327.19,4327.26,4320.55,4324.0,3154,33,0,3.1899999999996,0.07000000000061846,3.449999999999818,-3.1599999999998545,-0.0007302711247099378,-1,6.710000000000036,0.4754098353570021,14,0,4,0.0,1.0,0.0,-0.4999999999999997,-0.8660254037844388
2025-12-19 14:15:00,4324.02,4327.56,4323.2,4325.51,2519,33,0,1.4899999999997817,2.050000000000182,0.8200000000006185,1.5100000000002183,0.0003492136910268775,1,4.360000000000582,0.3417431184821449,14,15,4,0.0,1.0,0.0,-0.4999999999999997,-0.8660254037844388
2025-12-19 14:30:00,4325.51,4328.69,4324.12,4325.68,2013,33,0,0.17000000000007276,3.009999999999309,1.3900000000003274,0.17000000000007276,3.930172395857893e-05,1,4.569999999999709,0.037199124645096796,14,30,4,0.0,1.0,0.0,-0.4999999999999997,-0.8660254037844388
2025-12-19 14:45:00,4325.74,4327.07,4323.24,4326.76,2481,33,0,1.0200000000004366,0.3099999999994907,2.5,1.0799999999999272,0.00024967172791328236,1,3.8299999999999272,0.26631853716377824,14,45,4,0.0,1.0,0.0,-0.4999999999999997,-0.8660254037844388
2025-12-19 15:00:00,4326.75,4334.68,4325.98,4330.12,3693,33,0,3.369999999999891,4.5600000000004,0.7700000000004366,3.3599999999996726,0.0007765626011148463,1,8.700000000000728,0.38735632139379833,15,0,4,0.0,1.0,0.0,-0.7071067811865471,-0.7071067811865479
2025-12-19 15:15:00,4330.19,4335.06,4327.47,4334.82,3908,33,0,4.630000000000109,0.24000000000069122,2.719999999999345,4.699999999999818,0.0010854202654891362,1,7.5900000000001455,0.6100131744268628,15,15,4,0.0,1.0,0.0,-0.7071067811865471,-0.7071067811865479
2025-12-19 15:30:00,4334.87,4335.35,4328.82,4329.35,3774,33,0,5.519999999999527,0.48000000000047294,0.5300000000006548,-5.469999999999345,-0.0012618747721933887,-1,6.530000000000655,0.8453292483224627,15,30,4,0.0,1.0,0.0,-0.7071067811865471,-0.7071067811865479
2025-12-19 15:45:00,4329.36,4332.45,4327.38,4328.31,3524,33,0,1.0499999999992724,3.0900000000001455,0.930000000000291,-1.0399999999999636,-0.00024022081836764492,-1,5.069999999999709,0.20710059130736228,15,45,4,0.0,1.0,0.0,-0.7071067811865471,-0.7071067811865479
2025-12-19 16:00:00,4328.33,4334.12,4325.33,4328.06,4879,33,0,0.26999999999952706,5.789999999999964,2.730000000000473,-0.25,-5.7759264008354295e-05,-1,8.789999999999964,0.030716723514489296,16,0,4,0.0,0.0,1.0,-0.8660254037844384,-0.5000000000000004
2025-12-19 16:15:00,4328.06,4330.19,4325.32,4327.67,3538,33,0,0.3900000000003274,2.1299999999991996,2.350000000000364,-0.3900000000003274,-9.010965652054901e-05,-1,4.869999999999891,0.08008213535924329,16,15,4,0.0,0.0,1.0,-0.8660254037844384,-0.5000000000000004
2025-12-19 16:30:00,4327.67,4337.84,4326.69,4334.71,6307,33,0,7.039999999999964,3.130000000000109,0.9800000000004729,7.039999999999964,0.0016267414105049516,1,11.150000000000546,0.6313901339628446,16,30,4,0.0,0.0,1.0,-0.8660254037844384,-0.5000000000000004
2025-12-19 16:45:00,4334.74,4334.99,4319.66,4332.58,5591,33,0,2.1599999999998545,0.25,12.920000000000073,-2.130000000000109,-0.0004913823531447569,-1,15.329999999999927,0.14090019560279599,16,45,4,0.0,0.0,1.0,-0.8660254037844384,-0.5000000000000004
2025-12-19 17:00:00,4332.2,4345.33,4332.12,4341.55,5708,33,0,9.350000000000364,3.7799999999997453,0.07999999999992724,8.970000000000255,0.0020703599241099426,1,13.210000000000036,0.7077971228555917,17,0,4,0.0,0.0,1.0,-0.9659258262890683,-0.25881904510252063
2025-12-19 17:15:00,4341.53,4346.34,4334.97,4337.49,5388,33,0,4.039999999999964,4.8100000000004,2.519999999999527,-4.0600000000004,-0.0009351498888646682,-1,11.36999999999989,0.35532101991616466,17,15,4,0.0,0.0,1.0,-0.9659258262890683,-0.25881904510252063
2025-12-19 17:30:00,4337.5,4344.7,4336.43,4339.84,5014,33,0,2.3400000000001455,4.859999999999673,1.069999999999709,2.350000000000364,0.0005417879925948795,1,8.269999999999527,0.28295042287433797,17,30,4,0.0,0.0,1.0,-0.9659258262890683,-0.25881904510252063
2025-12-19 17:45:00,4339.85,4349.07,4339.8,4347.82,4658,33,0,7.969999999999345,1.25,0.0500000000001819,7.979999999999563,0.0018387774664502753,1,9.269999999999527,0.8597626743691612,17,45,4,0.0,0.0,1.0,-0.9659258262890683,-0.25881904510252063
2025-12-19 18:00:00,4347.71,4354.74,4342.8,4342.94,5557,33,0,4.770000000000437,7.029999999999745,0.13999999999941792,-4.880000000000109,-0.001122401571362225,-1,11.9399999999996,0.3994974871026483,18,0,4,0.0,0.0,1.0,-1.0,-1.8369701987210297e-16
2025-12-19 18:15:00,4342.89,4347.27,4341.94,4346.79,4243,33,0,3.899999999999636,0.48000000000047294,0.9500000000007276,3.850000000000364,0.00088649624447963,1,5.330000000000837,0.7317073157001784,18,15,4,0.0,0.0,1.0,-1.0,-1.8369701987210297e-16
2025-12-19 18:30:00,4346.86,4350.36,4343.18,4345.65,3732,33,0,1.2100000000000364,3.5,2.469999999999345,-1.1400000000003274,-0.0002622624971531469,-1,7.1799999999993815,0.16852367664552978,18,30,4,0.0,0.0,1.0,-1.0,-1.8369701987210297e-16
2025-12-19 18:45:00,4345.61,4350.92,4344.51,4349.72,4030,33,0,4.110000000000582,1.199999999999818,1.0999999999994543,4.0700000000006185,0.000936568752660849,1,6.4099999999998545,0.6411856464257127,18,45,4,0.0,0.0,1.0,-1.0,-1.8369701987210297e-16
2025-12-19 19:00:00,4349.53,4353.61,4346.97,4347.0,3533,33,0,2.5299999999997453,4.079999999999927,0.02999999999974534,-2.7200000000002547,-0.0006253276072943211,-1,6.639999999999418,0.38102409581170577,19,0,4,0.0,0.0,1.0,-0.9659258262890684,0.2588190451025203
2025-12-19 19:15:00,4347.04,4352.61,4346.92,4351.78,2972,33,0,4.739999999999782,0.8299999999999272,0.11999999999989086,4.779999999999745,0.0010996089256958236,1,5.6899999999996,0.8330404203285959,19,15,4,0.0,0.0,1.0,-0.9659258262890684,0.2588190451025203
2025-12-19 19:30:00,4351.76,4353.71,4349.82,4351.3,3111,33,0,0.4600000000000364,1.949999999999818,1.480000000000473,-0.47999999999956344,-0.00011029969345866829,-1,3.8900000000003274,0.11825192771657542,19,30,4,0.0,0.0,1.0,-0.9659258262890684,0.2588190451025203
2025-12-19 19:45:00,4351.29,4355.88,4350.35,4353.31,3333,33,0,2.0200000000004366,2.569999999999709,0.9399999999995998,2.0100000000002183,0.0004619309171972096,1,5.529999999999745,0.365280288670475,19,45,4,0.0,0.0,1.0,-0.9659258262890684,0.2588190451025203
2025-12-19 20:00:00,4353.29,4354.67,4350.19,4353.59,3097,33,0,0.3000000000001819,1.0799999999999272,3.100000000000364,0.27999999999974534,6.431887460340415e-05,1,4.480000000000473,0.06696428556484539,20,0,4,0.0,0.0,1.0,-0.8660254037844386,0.5000000000000001
2025-12-19 20:15:00,4353.56,4356.44,4352.03,4354.26,3085,33,0,0.6999999999998181,2.1799999999993815,1.5300000000006548,0.6700000000000728,0.00015389598009919923,1,4.4099999999998545,0.1587301583701904,20,15,4,0.0,0.0,1.0,-0.8660254037844386,0.5000000000000001
2025-12-19 20:30:00,4354.3,4354.85,4344.83,4344.83,3328,36,0,9.470000000000255,0.5500000000001819,0.0,-9.430000000000291,-0.002165695204236837,-1,10.020000000000437,0.9451097794958826,20,30,4,0.0,0.0,1.0,-0.8660254037844386,0.5000000000000001
2025-12-19 20:45:00,4344.66,4349.71,4343.16,4348.59,3033,33,0,3.930000000000291,1.1199999999998909,1.5,3.7600000000002183,0.0008653963446211287,1,6.550000000000182,0.5999999990839973,20,45,4,0.0,0.0,1.0,-0.8660254037844386,0.5000000000000001
2025-12-19 21:00:00,4348.54,4350.55,4346.45,4347.17,2494,33,0,1.3699999999998909,2.0100000000002183,0.7200000000002547,-1.4200000000000728,-0.0003265426264605476,-1,4.100000000000364,0.3341463406483673,21,0,4,0.0,0.0,1.0,-0.7071067811865477,0.7071067811865474
2025-12-19 21:15:00,4347.17,4349.28,4346.26,4347.49,1644,33,0,0.31999999999970896,1.7899999999999636,0.9099999999998545,0.31999999999970896,7.361110791611761e-05,1,3.019999999999527,0.10596026454972067,21,15,4,0.0,0.0,1.0,-0.7071067811865477,0.7071067811865474
2025-12-19 21:30:00,4347.49,4349.81,4346.56,4346.76,1566,33,0,0.7299999999995634,2.3200000000006185,0.1999999999998181,-0.7299999999995634,-0.00016791297967322835,-1,3.25,0.22461538392412603,21,30,4,0.0,0.0,1.0,-0.7071067811865477,0.7071067811865474
2025-12-19 21:45:00,4346.73,4348.8,4345.08,4345.22,2384,33,0,1.5099999999993088,2.0700000000006185,0.14000000000032742,-1.5399999999999636,-0.00035428687114079534,-1,3.7200000000002547,0.4059139774032435,21,45,4,0.0,0.0,1.0,-0.7071067811865477,0.7071067811865474
2025-12-19 22:00:00,4345.21,4346.26,4341.87,4342.32,3008,33,0,2.8900000000003274,1.050000000000182,0.4499999999998181,-2.9000000000005457,-0.000667400039583852,-1,4.390000000000327,0.6583143492977149,22,0,4,0.0,0.0,1.0,-0.5000000000000004,0.8660254037844384
2025-12-19 22:15:00,4342.37,4345.79,4341.33,4345.17,2152,34,0,2.800000000000182,0.6199999999998909,1.0399999999999636,2.850000000000364,0.0006563311778036543,1,4.460000000000036,0.627802689175366,22,15,4,0.0,0.0,1.0,-0.5000000000000004,0.8660254037844384
2025-12-19 22:30:00,4345.0,4345.0,4338.78,4340.3,2179,36,0,4.699999999999818,0.0,1.5200000000004366,-4.869999999999891,-0.0011207846873654865,-1,6.220000000000255,0.7556270084314076,22,30,4,0.0,0.0,1.0,-0.5000000000000004,0.8660254037844384
2025-12-19 22:45:00,4340.1,4340.83,4336.69,4339.43,2729,36,0,0.6700000000000728,0.7299999999995634,2.740000000000691,-0.8699999999998909,-0.00020044697371146943,-1,4.140000000000327,0.16183574840136772,22,45,4,0.0,0.0,1.0,-0.5000000000000004,0.8660254037844384
2025-12-19 23:00:00,4339.43,4340.08,4337.4,4338.81,1057,34,0,0.6199999999998909,0.6499999999996362,1.410000000000764,-0.6199999999998909,-0.0001428759076652673,-1,2.680000000000291,0.2313432827188025,23,0,4,0.0,0.0,1.0,-0.25881904510252157,0.9659258262890681
2025-12-19 23:15:00,4338.82,4339.29,4336.72,4337.61,968,34,0,1.2100000000000364,0.47000000000025466,0.8899999999994179,-1.2000000000007276,-0.00027657353053042825,-1,2.569999999999709,0.47081711879066235,23,15,4,0.0,0.0,1.0,-0.25881904510252157,0.9659258262890681
2025-12-19 23:30:00,4337.62,4338.68,4336.6,4338.09,629,38,0,0.47000000000025466,0.5900000000001455,1.019999999999527,0.48000000000047294,0.00011066001784403692,1,2.0799999999999272,0.22596153737531527,23,30,4,0.0,0.0,1.0,-0.25881904510252157,0.9659258262890681
2025-12-19 23:45:00,4338.09,4339.08,4336.69,4339.08,502,42,0,0.9899999999997817,0.0,1.4000000000005457,0.9899999999997817,0.0002282110329660707,1,2.3900000000003274,0.4142259396892832,23,45,4,0.0,0.0,1.0,-0.25881904510252157,0.9659258262890681
2025-12-22 01:00:00,4339.26,4345.69,4337.83,4344.7,1606,36,0,5.4399999999996,0.9899999999997817,1.430000000000291,5.619999999999891,0.001295205435253531,1,7.859999999999673,0.6921119584069602,1,0,0,1.0,0.0,0.0,0.25881904510252074,0.9659258262890683
2025-12-22 01:15:00,4344.71,4349.15,4344.03,4348.67,1394,36,0,3.9600000000000364,0.47999999999956344,0.680000000000291,3.9700000000002547,0.0009137569912767866,1,5.119999999999891,0.7734374984894035,1,15,0,1.0,0.0,0.0,0.25881904510252074,0.9659258262890683
2025-12-22 01:30:00,4348.52,4350.16,4346.86,4348.27,917,38,0,0.25,1.639999999999418,1.410000000000764,-0.3999999999996362,-9.198214626532623e-05,-1,3.300000000000182,0.07575757552800318,1,30,0,1.0,0.0,0.0,0.25881904510252074,0.9659258262890683
2025-12-22 01:45:00,4348.27,4356.05,4348.27,4355.01,1900,36,0,6.739999999999782,1.0399999999999636,0.0,6.739999999999782,0.0015500417407382202,1,7.779999999999745,0.8663239063414863,1,45,0,1.0,0.0,0.0,0.25881904510252074,0.9659258262890683
2025-12-22 02:00:00,4354.95,4364.77,4354.95,4359.61,2452,33,0,4.6599999999998545,5.160000000000764,0.0,4.599999999999454,0.0010562547502759934,1,9.820000000000618,0.4745417510442101,2,0,0,1.0,0.0,0.0,0.49999999999999994,0.8660254037844387
2025-12-22 02:15:00,4359.55,4365.16,4358.84,4363.29,1671,33,0,3.7399999999997817,1.8699999999998909,0.7100000000000364,3.680000000000291,0.000844112202697097,1,6.319999999999709,0.5917721509623786,2,15,0,1.0,0.0,0.0,0.49999999999999994,0.8660254037844387
2025-12-22 02:30:00,4363.3,4366.29,4361.67,4361.83,1556,33,0,1.4700000000002547,2.9899999999997817,0.15999999999985448,-1.4600000000000364,-0.00033460989299359805,-1,4.619999999999891,0.3181818174931756,2,30,0,1.0,0.0,0.0,0.49999999999999994,0.8660254037844387
2025-12-22 02:45:00,4361.83,4365.07,4361.63,4364.82,1217,33,0,2.9899999999997817,0.25,0.1999999999998181,2.9899999999997817,0.0006854920984998915,1,3.4399999999996,0.869186043984962,2,45,0,1.0,0.0,0.0,0.49999999999999994,0.8660254037844387
2025-12-22 03:00:00,4364.9,4372.42,4362.45,4364.53,4260,33,0,0.36999999999989086,7.520000000000437,2.0799999999999272,-0.2899999999999636,-6.644031139885806e-05,-1,9.970000000000255,0.03711133396477112,3,0,0,1.0,0.0,0.0,0.7071067811865476,0.7071067811865476
2025-12-22 03:15:00,4364.53,4370.18,4361.15,4367.91,3127,33,0,3.380000000000109,2.2700000000004366,3.380000000000109,3.380000000000109,0.0007744247376006373,1,9.030000000000655,0.37430786226542473,3,15,0,1.0,0.0,0.0,0.7071067811865476,0.7071067811865476
2025-12-22 03:30:00,4367.91,4383.69,4367.91,4381.68,3324,33,0,13.770000000000437,2.009999999999309,0.0,13.770000000000437,0.003152537483602097,1,15.779999999999745,0.872623573591535,3,30,0,1.0,0.0,0.0,0.7071067811865476,0.7071067811865476
2025-12-22 03:45:00,4381.67,4384.7,4379.81,4382.88,3384,33,0,1.2100000000000364,1.819999999999709,1.8599999999996726,1.199999999999818,0.0002738675576490794,1,4.889999999999418,0.24744376227520304,3,45,0,1.0,0.0,0.0,0.7071067811865476,0.7071067811865476
2025-12-22 04:00:00,4382.78,4384.08,4378.49,4380.41,2673,33,0,2.369999999999891,1.300000000000182,1.9200000000000728,-2.4700000000002547,-0.0005635563830176173,-1,5.5900000000001455,0.4239713767012729,4,0,0,1.0,0.0,0.0,0.8660254037844386,0.5000000000000001
2025-12-22 04:15:00,4380.46,4382.55,4379.06,4379.08,1626,33,0,1.3800000000001091,2.0900000000001455,0.019999999999527063,-1.3299999999999272,-0.00030362454656069347,-1,3.4899999999997817,0.39541547164643004,4,15,0,1.0,0.0,0.0,0.8660254037844386,0.5000000000000001
2025-12-22 04:30:00,4379.07,4385.69,4378.78,4383.99,2685,33,0,4.920000000000073,1.699999999999818,0.2899999999999636,4.9099999999998545,0.0011212400778245328,1,6.9099999999998545,0.7120115763936412,4,30,0,1.0,0.0,0.0,0.8660254037844386,0.5000000000000001
2025-12-22 04:45:00,4383.99,4388.58,4382.1,4385.9,2648,33,0,1.9099999999998545,2.680000000000291,1.889999999999418,1.9099999999998545,0.0004356761762686171,1,6.479999999999563,0.29475308596488464,4,45,0,1.0,0.0,0.0,0.8660254037844386,0.5000000000000001
2025-12-22 05:00:00,4385.9,4389.85,4384.14,4386.73,2097,33,0,0.8299999999999272,3.1200000000008004,1.7599999999993088,0.8299999999999272,0.00018924280079343517,1,5.710000000000036,0.14535901900986545,5,0,0,1.0,0.0,0.0,0.9659258262890683,0.25881904510252074
2025-12-22 05:15:00,4386.63,4390.96,4385.34,4388.98,1851,33,0,2.3499999999994543,1.980000000000473,1.2899999999999636,2.25,0.0005129105278875154,1,5.619999999999891,0.41814946544804366,5,15,0,1.0,0.0,0.0,0.9659258262890683,0.25881904510252074
2025-12-22 05:30:00,4389.08,4392.09,4387.94,4391.4,1475,33,0,2.319999999999709,0.6900000000005093,1.1400000000003274,2.4200000000000728,0.0005513809586737859,1,4.150000000000546,0.5590361432310946,5,30,0,1.0,0.0,0.0,0.9659258262890683,0.25881904510252074
2025-12-22 05:45:00,4391.44,4394.91,4391.44,4392.55,1165,33,0,1.110000000000582,2.3599999999996726,0.0,1.1500000000005457,0.000261875483900475,1,3.4700000000002547,0.31988472530307016,5,45,0,1.0,0.0,0.0,0.9659258262890683,0.25881904510252074
2025-12-22 06:00:00,4392.59,4396.6,4391.32,4396.57,1424,33,0,3.9799999999995634,0.030000000000654836,1.2700000000004366,4.019999999999527,0.0009151859398298316,1,5.280000000000655,0.753787877360074,6,0,0,1.0,0.0,0.0,1.0,6.123233995736766e-17
2025-12-22 06:15:00,4396.57,4397.22,4393.1,4394.58,1344,33,0,1.9899999999997817,0.6500000000005457,1.4799999999995634,-1.9899999999997817,-0.0004526255694779753,-1,4.119999999999891,0.48300970756547024,6,15,0,1.0,0.0,0.0,1.0,6.123233995736766e-17
2025-12-22 06:30:00,4394.61,4395.91,4393.91,4395.09,962,33,0,0.48000000000047294,0.819999999999709,0.6999999999998181,0.5100000000002183,0.0001160520459293535,1,2.0,0.23999999880023648,6,30,0,1.0,0.0,0.0,1.0,6.123233995736766e-17
2025-12-22 06:45:00,4395.06,4400.6,4394.8,4398.35,1522,33,0,3.2899999999999636,2.25,0.2600000000002183,3.2600000000002183,0.0007417368017492744,1,5.800000000000182,0.5672413783323184,6,45,0,1.0,0.0,0.0,1.0,6.123233995736766e-17
2025-12-22 07:00:00,4397.97,4403.52,4396.79,4401.07,1620,33,0,3.0999999999994543,2.4500000000007276,1.180000000000291,2.719999999999345,0.0006184137233279173,1,6.730000000000473,0.4606240706378894,7,0,0,1.0,0.0,0.0,0.9659258262890683,-0.25881904510252063
2025-12-22 07:15:00,4401.04,4405.33,4398.68,4404.89,1706,33,0,3.850000000000364,0.4399999999995998,2.3599999999996726,3.8200000000006185,0.0008679707434784311,1,6.649999999999636,0.5789473675505414,7,15,0,1.0,0.0,0.0,0.9659258262890683,-0.25881904510252063
2025-12-22 07:30:00,4404.89,4409.39,4397.42,4401.34,4113,33,0,3.550000000000182,4.5,3.9200000000000728,-3.550000000000182,-0.0008059225088481623,-1,11.970000000000255,0.2965747700112246,7,30,0,1.0,0.0,0.0,0.9659258262890683,-0.25881904510252063
2025-12-22 07:45:00,4401.54,4406.67,4399.85,4399.94,2939,33,0,1.6000000000003638,5.130000000000109,0.08999999999923602,-1.4000000000005457,-0.00031808494685721747,-1,6.819999999999709,0.23460410522791658,7,45,0,1.0,0.0,0.0,0.9659258262890683,-0.25881904510252063
2025-12-22 08:00:00,4400.08,4404.8,4398.72,4403.71,2635,33,0,3.630000000000109,1.0900000000001455,1.3599999999996726,3.7700000000004366,0.0008568298658619065,1,6.079999999999927,0.5970394727022628,8,0,0,0.0,1.0,0.0,0.8660254037844387,-0.4999999999999998
2025-12-22 08:15:00,4403.75,4405.37,4399.7,4401.04,2172,33,0,2.7100000000000364,1.6199999999998909,1.3400000000001455,-2.6700000000000728,-0.0006063069548176589,-1,5.670000000000073,0.47795414377785894,8,15,0,0.0,1.0,0.0,0.8660254037844387,-0.4999999999999998
2025-12-22 08:30:00,4401.04,4409.19,4400.04,4408.32,2075,33,0,7.279999999999745,0.8699999999998909,1.0,7.279999999999745,0.0016541544725791506,1,9.149999999999636,0.795628414431011,8,30,0,0.0,1.0,0.0,0.8660254037844387,-0.4999999999999998
2025-12-22 08:45:00,4408.34,4419.7,4408.08,4419.18,3084,33,0,10.840000000000146,0.5199999999995271,0.2600000000002183,10.860000000000582,0.0024635235191638955,1,11.61999999999989,0.9328743537583049,8,45,0,0.0,1.0,0.0,0.8660254037844387,-0.4999999999999998
2025-12-22 09:00:00,4419.18,4420.11,4410.53,4412.94,2364,33,0,6.240000000000691,0.9299999999993815,2.4099999999998545,-6.240000000000691,-0.0014120266655806486,-1,9.579999999999927,0.6513569930571157,9,0,0,0.0,1.0,0.0,0.7071067811865476,-0.7071067811865475
2025-12-22 09:15:00,4412.95,4416.63,4411.78,4415.74,1795,33,0,2.7899999999999636,0.8900000000003274,1.1700000000000728,2.800000000000182,0.0006344976364963454,1,4.850000000000364,0.5752577307726138,9,15,0,0.0,1.0,0.0,0.7071067811865476,-0.7071067811865475
2025-12-22 09:30:00,4415.77,4417.95,4412.34,4416.14,1630,33,0,0.36999999999989086,1.8099999999994907,3.430000000000291,0.4000000000005457,9.058504350359073e-05,1,5.609999999999673,0.06595365407136826,9,30,0,0.0,1.0,0.0,0.7071067811865476,-0.7071067811865475
2025-12-22 09:45:00,4416.15,4416.3,4412.47,4414.35,1195,33,0,1.7999999999992724,0.1500000000005457,1.8800000000001091,-1.7899999999999636,-0.00040533135271978777,-1,3.8299999999999272,0.4699738891121587,9,45,0,0.0,1.0,0.0,0.7071067811865476,-0.7071067811865475
2025-12-22 10:00:00,4414.35,4414.63,4409.94,4412.18,2219,33,0,2.1700000000000728,0.27999999999974534,2.240000000000691,-2.1700000000000728,-0.000491578601606142,-1,4.690000000000509,0.46268656617760584,10,0,0,0.0,1.0,0.0,0.49999999999999994,-0.8660254037844387
2025-12-22 10:15:00,4412.12,4413.26,4409.38,4413.26,1515,33,0,1.1400000000003274,0.0,2.7399999999997817,1.0799999999999272,0.0002447769583289728,1,3.880000000000109,0.29381443223251313,10,15,0,0.0,1.0,0.0,0.49999999999999994,-0.8660254037844387
2025-12-22 10:30:00,4413.26,4414.88,4406.95,4410.21,2054,33,0,3.050000000000182,1.6199999999998909,3.2600000000002183,-3.050000000000182,-0.0006910990968128281,-1,7.930000000000291,0.3846153841303803,10,30,0,0.0,1.0,0.0,0.49999999999999994,-0.8660254037844387
2025-12-22 10:45:00,4410.17,4411.24,4406.2,4408.25,1541,33,0,1.9200000000000728,1.069999999999709,2.050000000000182,-1.9600000000000364,-0.0004444232814310512,-1,5.039999999999964,0.38095238019654026,10,45,0,0.0,1.0,0.0,0.49999999999999994,-0.8660254037844387
2025-12-22 11:00:00,4408.26,4413.15,4408.04,4412.21,1531,33,0,3.949999999999818,0.9399999999995998,0.22000000000025466,3.9600000000000364,0.0008983156581409939,1,5.109999999999673,0.772994127645818,11,0,0,0.0,1.0,0.0,0.258819045102521,-0.9659258262890682
2025-12-22 11:15:00,4412.21,4413.85,4410.68,4412.43,1068,33,0,0.22000000000025466,1.4200000000000728,1.5299999999997453,0.22000000000025466,4.9861633965802776e-05,1,3.1700000000000728,0.06940063069597581,11,15,0,0.0,1.0,0.0,0.258819045102521,-0.9659258262890682
2025-12-22 11:30:00,4412.47,4413.67,4411.44,4412.21,926,33,0,0.2600000000002183,1.199999999999818,0.7700000000004366,-0.22000000000025466,-4.985914790721998e-05,-1,2.230000000000473,0.11659192772836048,11,30,0,0.0,1.0,0.0,0.258819045102521,-0.9659258262890682
2025-12-22 11:45:00,4412.21,4414.78,4410.79,4410.79,1107,33,0,1.4200000000000728,2.569999999999709,0.0,-1.4200000000000728,-0.0003218341828698255,-1,3.9899999999997817,0.35588972341886044,11,45,0,0.0,1.0,0.0,0.258819045102521,-0.9659258262890682
2025-12-22 12:00:00,4410.83,4415.8,4410.75,4413.88,1292,33,0,3.050000000000182,1.9200000000000728,0.07999999999992724,3.0900000000001455,0.0007005547759018556,1,5.050000000000182,0.603960394843657,12,0,0,0.0,1.0,0.0,1.2246467991473532e-16,-1.0
2025-12-22 12:15:00,4413.88,4414.26,4411.1,4411.27,1045,33,0,2.6099999999996726,0.38000000000010914,0.17000000000007276,-2.6099999999996726,-0.0005913164834566578,-1,3.1599999999998545,0.8259493644747782,12,15,0,0.0,1.0,0.0,1.2246467991473532e-16,-1.0
2025-12-22 12:30:00,4411.32,4411.46,4406.08,4408.85,1750,33,0,2.469999999999345,0.14000000000032742,2.7700000000004366,-2.4200000000000728,-0.0005485948491024291,-1,5.380000000000109,0.45910780583795857,12,30,0,0.0,1.0,0.0,1.2246467991473532e-16,-1.0
2025-12-22 12:45:00,4409.07,4411.53,4408.49,4408.6,998,33,0,0.46999999999934516,2.4600000000000364,0.11000000000058208,-0.25,-5.670412919468795e-05,-1,3.0399999999999636,0.15460526264911123,12,45,0,0.0,1.0,0.0,1.2246467991473532e-16,-1.0
2025-12-22 13:00:00,4408.59,4409.73,4406.05,4409.27,1434,33,0,0.680000000000291,0.4599999999991269,2.5399999999999636,0.6700000000000728,0.000151975683890594,1,3.6799999999993815,0.18478260819363568,13,0,0,0.0,1.0,0.0,-0.2588190451025208,-0.9659258262890683
2025-12-22 13:15:00,4409.24,4410.55,4408.15,4409.21,1710,33,0,0.02999999999974534,1.3100000000004002,1.0600000000004002,-0.06000000000040018,-1.3607694697852517e-05,-1,2.4000000000005457,0.012499999947807717,13,15,0,0.0,1.0,0.0,-0.2588190451025208,-0.9659258262890683
2025-12-22 13:30:00,4409.22,4411.72,4408.46,4410.07,2020,33,0,0.8499999999994543,1.6500000000005457,0.7600000000002183,0.8599999999996726,0.0001950462781313824,1,3.2600000000002183,0.26073619551902927,13,30,0,0.0,1.0,0.0,-0.2588190451025208,-0.9659258262890683
2025-12-22 13:45:00,4410.1,4410.9,4408.65,4410.27,1753,33,0,0.17000000000007276,0.6299999999991996,1.4500000000007276,0.2000000000007276,4.535075406982828e-05,1,2.25,0.07555555521978542,13,45,0,0.0,1.0,0.0,-0.2588190451025208,-0.9659258262890683
2025-12-22 14:00:00,4410.19,4413.2,4406.16,4407.15,2627,33,0,3.0399999999999636,3.0100000000002183,0.9899999999997817,-3.1200000000008004,-0.0007074396805639565,-1,7.039999999999964,0.4318181812048008,14,0,0,0.0,1.0,0.0,-0.4999999999999997,-0.8660254037844388
2025-12-22 14:15:00,4407.15,4412.24,4406.92,4409.11,2071,33,0,1.9600000000000364,3.130000000000109,0.22999999999956344,1.9600000000000364,0.00044473185618824787,1,5.319999999999709,0.3684210519390852,14,15,0,0.0,1.0,0.0,-0.4999999999999997,-0.8660254037844388
2025-12-22 14:30:00,4409.11,4410.78,4407.54,4409.38,1516,33,0,0.27000000000043656,1.3999999999996362,1.569999999999709,0.27000000000043656,6.123684825292101e-05,1,3.2399999999997817,0.08333333307627204,14,30,0,0.0,1.0,0.0,-0.4999999999999997,-0.8660254037844388
2025-12-22 14:45:00,4409.38,4415.83,4409.16,4415.5,1740,33,0,6.119999999999891,0.32999999999992724,0.22000000000025466,6.119999999999891,0.0013879502333661174,1,6.670000000000073,0.917541228009657,14,45,0,0.0,1.0,0.0,-0.4999999999999997,-0.8660254037844388
2025-12-22 15:00:00,4415.58,4426.84,4415.19,4425.45,4260,33,0,9.86999999999989,1.3900000000003274,0.3900000000003274,9.949999999999818,0.002253425433133239,1,11.650000000000546,0.8472102997019163,15,0,0,0.0,1.0,0.0,-0.7071067811865471,-0.7071067811865479
2025-12-22 15:15:00,4425.43,4427.2,4413.15,4418.55,4098,33,0,6.880000000000109,1.769999999999527,5.400000000000546,-6.899999999999636,-0.0015591634749007753,-1,14.050000000000182,0.489679714953966,15,15,0,0.0,1.0,0.0,-0.7071067811865471,-0.7071067811865479
2025-12-22 15:30:00,4418.59,4426.51,4418.23,4423.84,3078,33,0,5.25,2.6700000000000728,0.3600000000005821,5.289999999999964,0.0011972253341028082,1,8.280000000000655,0.634057970248672,15,30,0,0.0,1.0,0.0,-0.7071067811865471,-0.7071067811865479
2025-12-22 15:45:00,4423.84,4426.98,4419.64,4423.62,3026,33,0,0.22000000000025466,3.139999999999418,3.9799999999995634,-0.22000000000025466,-4.973055083372243e-05,-1,7.339999999999236,0.029972752002799734,15,45,0,0.0,1.0,0.0,-0.7071067811865471,-0.7071067811865479
2025-12-22 16:00:00,4423.62,4427.07,4421.42,4426.19,2275,33,0,2.569999999999709,0.8800000000001091,2.199999999999818,2.569999999999709,0.000580972144985263,1,5.649999999999636,0.45486725583207116,16,0,0,0.0,0.0,1.0,-0.8660254037844384,-0.5000000000000004
2025-12-22 16:15:00,4426.19,4428.93,4423.88,4426.36,2877,33,0,0.17000000000007276,2.5700000000006185,2.3099999999994907,0.17000000000007276,3.8407750232157404e-05,1,5.050000000000182,0.03366336626998673,16,15,0,0.0,0.0,1.0,-0.8660254037844384,-0.5000000000000004
2025-12-22 16:30:00,4426.59,4426.59,4414.68,4423.03,5921,33,0,3.5600000000004,0.0,8.349999999999454,-3.3299999999999272,-0.0007523111540859595,-1,11.909999999999854,0.29890848001774634,16,30,0,0.0,0.0,1.0,-0.8660254037844384,-0.5000000000000004
2025-12-22 16:45:00,4423.03,4429.1,4417.57,4419.11,5121,33,0,3.9200000000000728,6.0700000000006185,1.5399999999999636,-3.9200000000000728,-0.0008862702717368123,-1,11.530000000000655,0.33998265365134633,16,45,0,0.0,0.0,1.0,-0.8660254037844384,-0.5000000000000004
2025-12-22 17:00:00,4419.11,4423.45,4413.86,4415.97,4882,33,0,3.139999999999418,4.3400000000001455,2.110000000000582,-3.139999999999418,-0.0007105503144296969,-1,9.590000000000146,0.32742440007561274,17,0,0,0.0,0.0,1.0,-0.9659258262890683,-0.25881904510252063
2025-12-22 17:15:00,4415.97,4419.81,4411.94,4417.84,4415,33,0,1.8699999999998909,1.9700000000002547,4.030000000000655,1.8699999999998909,0.0004234630217143438,1,7.8700000000008,0.23761118140071016,17,15,0,0.0,0.0,1.0,-0.9659258262890683,-0.25881904510252063
2025-12-22 17:30:00,4417.94,4427.88,4416.47,4427.66,3931,33,0,9.720000000000255,0.22000000000025466,1.4699999999993452,9.819999999999709,0.0022228057150099844,1,11.409999999999854,0.8518843112604325,17,30,0,0.0,0.0,1.0,-0.9659258262890683,-0.25881904510252063
2025-12-22 17:45:00,4427.71,4435.49,4427.71,4431.7,4101,33,0,3.9899999999997817,3.7899999999999636,0.0,4.039999999999964,0.0009124458517591603,1,7.779999999999745,0.512853469777812,17,45,0,0.0,0.0,1.0,-0.9659258262890683,-0.25881904510252063
2025-12-22 18:00:00,4431.62,4437.95,4428.04,4437.95,4046,33,0,6.329999999999927,0.0,3.5799999999999272,6.25,0.001410294018096893,1,9.909999999999854,0.6387487380032828,18,0,0,0.0,0.0,1.0,-1.0,-1.8369701987210297e-16
2025-12-22 18:15:00,4437.96,4440.4,4435.18,4437.68,3699,33,0,0.27999999999974534,2.4399999999996,2.5,-0.26999999999952706,-6.0838900843751526e-05,-1,5.219999999999345,0.053639846640494634,18,15,0,0.0,0.0,1.0,-1.0,-1.8369701987210297e-16
2025-12-22 18:30:00,4437.71,4442.12,4433.1,4435.94,3511,33,0,1.7700000000004366,4.4099999999998545,2.839999999999236,-1.7400000000006912,-0.00039209677128605286,-1,9.019999999999527,0.19623059845213117,18,30,0,0.0,0.0,1.0,-1.0,-1.8369701987210297e-16
2025-12-22 18:45:00,4435.84,4439.05,4434.44,4438.69,2533,33,0,2.8499999999994543,0.3600000000005821,1.4000000000005457,2.75,0.0006199362480105683,1,4.610000000000582,0.6182212567932499,18,45,0,0.0,0.0,1.0,-1.0,-1.8369701987210297e-16
2025-12-22 19:00:00,4438.69,4441.46,4435.15,4441.42,1980,33,0,2.730000000000473,0.03999999999996362,3.5399999999999636,2.730000000000473,0.0006150463312374762,1,6.3100000000004,0.4326465920243794,19,0,0,0.0,0.0,1.0,-0.9659258262890684,0.2588190451025203
2025-12-22 19:15:00,4441.5,4441.9,4433.59,4434.09,2537,33,0,7.4099999999998545,0.3999999999996362,0.5,-7.329999999999927,-0.0016503730788801616,-1,8.30999999999949,0.8916967498295235,19,15,0,0.0,0.0,1.0,-0.9659258262890684,0.2588190451025203
2025-12-22 19:30:00,4434.09,4437.6,4431.96,4435.75,2625,33,0,1.6599999999998545,1.8500000000003638,2.130000000000109,1.6599999999998545,0.0003743721936180489,1,5.640000000000327,0.29432624061285384,19,30,0,0.0,0.0,1.0,-0.9659258262890684,0.2588190451025203
2025-12-22 19:45:00,4435.71,4438.74,4435.39,4438.45,2148,33,0,2.7399999999997817,0.2899999999999636,0.31999999999970896,2.699999999999818,0.0006086907512821548,1,3.3499999999994543,0.8179104453197384,19,45,0,0.0,0.0,1.0,-0.9659258262890684,0.2588190451025203
2025-12-22 20:00:00,4438.8,4438.94,4434.5,4436.72,1663,33,0,2.0799999999999272,0.13999999999941792,2.2200000000002547,-1.7299999999995634,-0.00038977570998874914,-1,4.4399999999996,0.46846846741338516,20,0,0,0.0,0.0,1.0,-0.8660254037844386,0.5000000000000001
2025-12-22 20:15:00,4436.68,4438.53,4433.55,4434.2,1959,33,0,2.480000000000473,1.8499999999994543,0.6499999999996362,-2.5200000000004366,-0.0005679871616871104,-1,4.979999999999563,0.4979919668716407,20,15,0,0.0,0.0,1.0,-0.8660254037844386,0.5000000000000001
2025-12-22 20:30:00,4434.06,4437.24,4432.06,4432.74,1856,33,0,1.3200000000006185,3.1799999999993815,0.6799999999993815,-1.4600000000000364,-0.0003292589418609978,-1,5.1799999999993815,0.25482625433446204,20,30,0,0.0,0.0,1.0,-0.8660254037844386,0.5000000000000001
2025-12-22 20:45:00,4432.81,4436.54,4429.42,4435.13,2037,33,0,2.319999999999709,1.4099999999998545,3.3900000000003274,2.3900000000003274,0.0005391699039421052,1,7.119999999999891,0.3258426961715334,20,45,0,0.0,0.0,1.0,-0.8660254037844386,0.5000000000000001
2025-12-22 21:00:00,4435.13,4435.76,4429.66,4429.97,1664,33,0,5.1599999999998545,0.6300000000001091,0.3100000000004002,-5.1599999999998545,-0.0011634382757664046,-1,6.100000000000364,0.845901637957464,21,0,0,0.0,0.0,1.0,-0.7071067811865477,0.7071067811865474
2025-12-22 21:15:00,4429.96,4433.05,4428.78,4432.69,1827,33,0,2.7299999999995634,0.3600000000005821,1.180000000000291,2.719999999999345,0.0006139996433382946,1,4.270000000000437,0.639344260797621,21,15,0,0.0,0.0,1.0,-0.7071067811865477,0.7071067811865474
2025-12-22 21:30:00,4432.68,4434.02,4431.27,4432.66,1250,33,0,0.020000000000436557,1.3400000000001455,1.389999999999418,-0.02999999999974534,-6.76789940188584e-06,-1,2.75,0.00727272724643974,21,30,0,0.0,0.0,1.0,-0.7071067811865477,0.7071067811865474
2025-12-22 21:45:00,4432.66,4433.79,4431.75,4433.46,1208,33,0,0.8000000000001819,0.32999999999992724,0.9099999999998545,0.8000000000001819,0.00018047853884579055,1,2.0399999999999636,0.39215686082285667,21,45,0,0.0,0.0,1.0,-0.7071067811865477,0.7071067811865474
2025-12-22 22:00:00,4433.41,4438.55,4433.31,4438.53,1668,34,0,5.119999999999891,0.020000000000436557,0.0999999999994543,5.069999999999709,0.0011435763489463554,1,5.239999999999782,0.977099234776548,22,0,0,0.0,0.0,1.0,-0.5000000000000004,0.8660254037844384
2025-12-22 22:15:00,4438.54,4438.62,4431.88,4432.34,1673,35,0,6.199999999999818,0.07999999999992724,0.4600000000000364,-6.1899999999996,-0.0013946058717637596,-1,6.739999999999782,0.9198813042731759,22,15,0,0.0,0.0,1.0,-0.5000000000000004,0.8660254037844384
2025-12-22 22:30:00,4432.35,4435.4,4431.65,4434.61,1724,37,0,2.259999999999309,0.7899999999999636,0.7000000000007276,2.269999999999527,0.0005121448264346884,1,3.75,0.6026666650593713,22,30,0,0.0,0.0,1.0,-0.5000000000000004,0.8660254037844384
2025-12-22 22:45:00,4434.63,4439.1,4434.27,4438.52,2271,34,0,3.8900000000003274,0.5799999999999272,0.3599999999996726,3.910000000000764,0.0008817009838521909,1,4.829999999999927,0.8053830211069474,22,45,0,0.0,0.0,1.0,-0.5000000000000004,0.8660254037844384
2025-12-22 23:00:00,4438.57,4443.31,4438.48,4442.97,1838,34,0,4.400000000000546,0.3400000000001455,0.09000000000014552,4.449999999999818,0.0010025864477347895,1,4.830000000000837,0.9109730830000109,23,0,0,0.0,0.0,1.0,-0.25881904510252157,0.9659258262890681
2025-12-22 23:15:00,4442.97,4449.02,4442.15,4447.87,1570,34,0,4.899999999999636,1.1500000000005457,0.8200000000006185,4.899999999999636,0.0011028658757541996,1,6.8700000000008,0.713245996050452,23,15,0,0.0,0.0,1.0,-0.25881904510252157,0.9659258262890681
2025-12-22 23:30:00,4447.85,4449.1,4444.73,4444.9,1404,37,0,2.9500000000007276,1.25,0.17000000000007276,-2.9700000000002547,-0.0006677353429844521,-1,4.3700000000008,0.6750572066932758,23,30,0,0.0,0.0,1.0,-0.25881904510252157,0.9659258262890681
2025-12-22 23:45:00,4444.9,4446.07,4442.47,4443.58,749,42,0,1.319999999999709,1.1700000000000728,1.1099999999996726,-1.319999999999709,-0.000296969560619971,-1,3.5999999999994543,0.3666666656481229,23,45,0,0.0,0.0,1.0,-0.25881904510252157,0.9659258262890681
2025-12-23 01:00:00,4442.73,4455.1,4442.73,4454.96,1460,36,0,12.230000000000473,0.14000000000032742,0.0,11.38000000000011,0.0025609981141332234,1,12.3700000000008,0.9886822950778381,1,0,1,1.0,0.0,0.0,0.25881904510252074,0.9659258262890683
2025-12-23 01:15:00,4455.02,4459.44,4454.9,4458.89,1601,36,0,3.869999999999891,0.5499999999992724,0.12000000000080036,3.930000000000291,0.0008821628028086203,1,4.539999999999964,0.8524229056113861,1,15,1,1.0,0.0,0.0,0.25881904510252074,0.9659258262890683
2025-12-23 01:30:00,4458.99,4459.0,4452.72,4458.17,1539,36,0,0.819999999999709,0.010000000000218279,5.449999999999818,-0.7200000000002547,-0.00016147516534389828,-1,6.279999999999745,0.13057324819968308,1,30,1,1.0,0.0,0.0,0.25881904510252074,0.9659258262890683
2025-12-23 01:45:00,4458.18,4461.53,4455.03,4460.02,1852,36,0,1.8400000000001455,1.5099999999993088,3.1500000000005457,1.8500000000003638,0.00041496847361145126,1,6.5,0.2830769226414425,1,45,1,1.0,0.0,0.0,0.25881904510252074,0.9659258262890683
2025-12-23 02:00:00,4459.95,4466.66,4457.97,4466.24,2108,33,0,6.289999999999964,0.42000000000007276,1.9799999999995634,6.219999999999345,0.0013946125802124978,1,8.6899999999996,0.7238204824812483,2,0,1,1.0,0.0,0.0,0.49999999999999994,0.8660254037844387
2025-12-23 02:15:00,4466.23,4468.51,4463.78,4468.09,1635,33,0,1.860000000000582,0.42000000000007276,2.449999999999818,1.8500000000003638,0.00041421867163438683,1,4.730000000000473,0.39323467147316055,2,15,1,1.0,0.0,0.0,0.49999999999999994,0.8660254037844387
2025-12-23 02:30:00,4468.09,4469.89,4466.23,4468.31,1371,33,0,0.22000000000025466,1.5799999999999272,1.860000000000582,0.22000000000025466,4.9238041310773655e-05,1,3.660000000000764,0.06010928945331034,2,30,1,1.0,0.0,0.0,0.49999999999999994,0.8660254037844387
2025-12-23 02:45:00,4468.29,4470.47,4467.21,4470.42,1404,33,0,2.130000000000109,0.0500000000001819,1.0799999999999272,2.1099999999996726,0.00047221432711689037,1,3.2600000000002183,0.6533742311246087,2,45,1,1.0,0.0,0.0,0.49999999999999994,0.8660254037844387
2025-12-23 03:00:00,4470.41,4486.63,4470.32,4485.38,5272,33,0,14.970000000000255,1.25,0.09000000000014552,14.960000000000036,0.0033464417213595224,1,16.3100000000004,0.9178418142747682,3,0,1,1.0,0.0,0.0,0.7071067811865476,0.7071067811865476
2025-12-23 03:15:00,4485.39,4485.88,4469.54,4477.2,4913,33,0,8.19000000000051,0.4899999999997817,7.6599999999998545,-8.180000000000291,-0.0018237027854942705,-1,16.340000000000146,0.5012239899013584,3,15,1,1.0,0.0,0.0,0.7071067811865476,0.7071067811865476
2025-12-23 03:30:00,4477.2,4485.73,4476.82,4484.59,3325,33,0,7.390000000000327,1.139999999999418,0.38000000000010914,7.390000000000327,0.0016505851871706262,1,8.909999999999854,0.8294051618076763,3,30,1,1.0,0.0,0.0,0.7071067811865476,0.7071067811865476
2025-12-23 03:45:00,4484.71,4490.64,4481.92,4486.63,3150,33,0,1.9200000000000728,4.010000000000218,2.7899999999999636,2.0399999999999636,0.00045489108257387267,1,8.720000000000255,0.22018348598603,3,45,1,1.0,0.0,0.0,0.7071067811865476,0.7071067811865476
2025-12-23 04:00:00,4486.62,4488.73,4481.13,4485.26,3245,33,0,1.3599999999996726,2.1099999999996726,4.130000000000109,-1.3699999999998909,-0.0003053516782083414,-1,7.599999999999454,0.17894736818556534,4,0,1,1.0,0.0,0.0,0.8660254037844386,0.5000000000000001
2025-12-23 04:15:00,4485.26,4489.5,4484.73,4486.46,1621,33,0,1.199999999999818,3.0399999999999636,0.5300000000006548,1.199999999999818,0.0002675430186878393,1,4.770000000000437,0.2515723265165587,4,15,1,1.0,0.0,0.0,0.8660254037844386,0.5000000000000001
2025-12-23 04:30:00,4486.49,4497.79,4486.49,4495.91,3377,33,0,9.420000000000073,1.8800000000001091,0.0,9.449999999999818,0.002106337736210691,1,11.300000000000182,0.8336283178463396,4,30,1,1.0,0.0,0.0,0.8660254037844386,0.5000000000000001
2025-12-23 04:45:00,4495.92,4496.24,4489.24,4493.32,2862,33,0,2.600000000000364,0.31999999999970896,4.079999999999927,-2.5900000000001455,-0.0005760791474918638,-1,7.0,0.3714285708980112,4,45,1,1.0,0.0,0.0,0.8660254037844386,0.5000000000000001
2025-12-23 05:00:00,4493.32,4496.45,4485.51,4486.16,3982,33,0,7.1599999999998545,3.130000000000109,0.6499999999996362,-7.1599999999998545,-0.0015934765385060166,-1,10.9399999999996,0.6544789756357702,5,0,1,1.0,0.0,0.0,0.9659258262890683,0.25881904510252074
2025-12-23 05:15:00,4486.4,4488.77,4482.81,4486.85,3879,33,0,0.4500000000007276,1.9200000000000728,3.589999999999236,0.6900000000005093,0.00015380637337957393,1,5.960000000000036,0.07550335557813613,5,15,1,1.0,0.0,0.0,0.9659258262890683,0.25881904510252074
2025-12-23 05:30:00,4486.85,4488.66,4485.38,4486.25,3134,33,0,0.6000000000003638,1.8099999999994907,0.8699999999998909,-0.6000000000003638,-0.000133724104884354,-1,3.2799999999997453,0.18292682871071406,5,30,1,1.0,0.0,0.0,0.9659258262890683,0.25881904510252074
2025-12-23 05:45:00,4486.24,4487.18,4484.03,4486.83,2748,33,0,0.5900000000001455,0.3500000000003638,2.2100000000000364,0.5799999999999272,0.00012928392309833987,1,3.1500000000005457,0.18730158670699285,5,45,1,1.0,0.0,0.0,0.9659258262890683,0.25881904510252074
2025-12-23 06:00:00,4486.83,4488.36,4484.7,4487.13,2182,33,0,0.3000000000001819,1.2299999999995634,2.130000000000109,0.3000000000001819,6.686235047910929e-05,1,3.6599999999998545,0.08196721289085293,6,0,1,1.0,0.0,0.0,1.0,6.123233995736766e-17
2025-12-23 06:15:00,4487.13,4488.34,4484.47,4486.21,1628,33,0,0.9200000000000728,1.2100000000000364,1.7399999999997817,-0.9200000000000728,-0.0002050308326257703,-1,3.869999999999891,0.23772609757696067,6,15,1,1.0,0.0,0.0,1.0,6.123233995736766e-17
2025-12-23 06:30:00,4486.21,4486.83,4483.98,4484.42,1914,33,0,1.7899999999999636,0.6199999999998909,0.4400000000005093,-1.7899999999999636,-0.00039900049262071185,-1,2.850000000000364,0.6280701732347486,6,30,1,1.0,0.0,0.0,1.0,6.123233995736766e-17
2025-12-23 06:45:00,4484.44,4485.01,4478.77,4482.45,3075,33,0,1.9899999999997817,0.5700000000006185,3.6799999999993815,-1.9700000000002547,-0.00043929872759470673,-1,6.239999999999782,0.31891025589915845,6,45,1,1.0,0.0,0.0,1.0,6.123233995736766e-17
2025-12-23 07:00:00,4482.43,4484.72,4480.13,4480.57,2647,33,0,1.860000000000582,2.2899999999999636,0.4399999999995998,-1.8800000000001091,-0.0004194134903903243,-1,4.5900000000001455,0.4052287572871973,7,0,1,1.0,0.0,0.0,0.9659258262890683,-0.25881904510252063
2025-12-23 07:15:00,4480.57,4481.45,4476.49,4480.32,3076,33,0,0.25,0.8800000000001091,3.8299999999999272,-0.25,-5.5796472323833805e-05,-1,4.960000000000036,0.050403225704831835,7,15,1,1.0,0.0,0.0,0.9659258262890683,-0.25881904510252063
2025-12-23 07:30:00,4480.39,4485.45,4476.62,4480.9,4122,33,0,0.5099999999993088,4.550000000000182,3.7700000000004366,0.5799999999999272,0.0001294550389257748,1,8.829999999999927,0.05775764432862248,7,30,1,1.0,0.0,0.0,0.9659258262890683,-0.25881904510252063
2025-12-23 07:45:00,4480.88,4482.35,4474.82,4475.2,3572,33,0,5.680000000000291,1.4700000000002547,0.38000000000010914,-5.699999999999818,-0.001272065879622357,-1,7.530000000000655,0.7543160680553302,7,45,1,1.0,0.0,0.0,0.9659258262890683,-0.25881904510252063
2025-12-23 08:00:00,4475.19,4478.17,4469.43,4471.33,3605,33,0,3.8599999999996726,2.980000000000473,1.8999999999996362,-3.869999999999891,-0.0008647658205219635,-1,8.739999999999782,0.4416475967486605,8,0,1,0.0,1.0,0.0,0.8660254037844387,-0.4999999999999998
2025-12-23 08:15:00,4471.33,4476.45,4470.83,4476.07,2193,33,0,4.739999999999782,0.38000000000010914,0.5,4.739999999999782,0.0010600872670994495,1,5.619999999999891,0.8434163686059982,8,15,1,0.0,1.0,0.0,0.8660254037844387,-0.4999999999999998
2025-12-23 08:30:00,4476.07,4477.81,4474.74,4476.31,2674,33,0,0.24000000000069122,1.5,1.3299999999999272,0.24000000000069122,5.361846441201573e-05,1,3.0700000000006185,0.07817589551103711,8,30,1,0.0,1.0,0.0,0.8660254037844387,-0.4999999999999998
2025-12-23 08:45:00,4476.22,4481.42,4475.76,4481.37,2848,33,0,5.149999999999636,0.0500000000001819,0.4600000000000364,5.059999999999491,0.0011303953479538929,1,5.6599999999998545,0.9098939913252347,8,45,1,0.0,1.0,0.0,0.8660254037844387,-0.4999999999999998
2025-12-23 09:00:00,4481.36,4482.93,4478.35,4481.48,2166,33,0,0.11999999999989086,1.4500000000007276,3.009999999999309,0.10999999999967258,2.45460651541097e-05,1,4.579999999999927,0.026200873305214856,9,0,1,0.0,1.0,0.0,0.7071067811865476,-0.7071067811865475
2025-12-23 09:15:00,4481.48,4485.85,4480.86,4484.03,2165,33,0,2.550000000000182,1.8200000000006185,0.6199999999998909,2.550000000000182,0.0005690084525648184,1,4.990000000000691,0.5110220430640497,9,15,1,0.0,1.0,0.0,0.7071067811865476,-0.7071067811865475
2025-12-23 09:30:00,4484.03,4486.75,4483.68,4484.07,1905,33,0,0.03999999999996362,2.680000000000291,0.3499999999994543,0.03999999999996362,8.920546918723474e-06,1,3.069999999999709,0.013029315918460668,9,30,1,0.0,1.0,0.0,0.7071067811865476,-0.7071067811865475
2025-12-23 09:45:00,4483.96,4489.53,4483.94,4486.57,2706,33,0,2.6099999999996726,2.9600000000000364,0.020000000000436557,2.5,0.0005575292089552573,1,5.5900000000001455,0.46690518700009886,9,45,1,0.0,1.0,0.0,0.7071067811865476,-0.7071067811865475
2025-12-23 10:00:00,4486.63,4489.38,4485.15,4488.13,2626,33,0,1.5,1.25,1.480000000000473,1.5600000000004002,0.0003477043710452306,1,4.230000000000473,0.3546099282396532,10,0,1,0.0,1.0,0.0,0.49999999999999994,-0.8660254037844387
2025-12-23 10:15:00,4488.06,4490.47,4486.31,4487.13,2365,33,0,0.930000000000291,2.4099999999998545,0.819999999999709,-1.0,-0.0002228099453447204,-1,4.1599999999998545,0.2235576917703718,10,15,1,0.0,1.0,0.0,0.49999999999999994,-0.8660254037844387
2025-12-23 10:30:00,4487.13,4492.3,4484.7,4491.83,2415,33,0,4.699999999999818,0.47000000000025466,2.430000000000291,4.699999999999818,0.0010474401231967466,1,7.600000000000364,0.6184210518178135,10,30,1,0.0,1.0,0.0,0.49999999999999994,-0.8660254037844387
2025-12-23 10:45:00,4491.82,4493.18,4488.48,4489.82,2968,33,0,2.0,1.360000000000582,1.3400000000001455,-2.0100000000002183,-0.00044747908981422233,-1,4.700000000000728,0.4255319139881641,10,45,1,0.0,1.0,0.0,0.49999999999999994,-0.8660254037844387
2025-12-23 11:00:00,4489.82,4491.07,4480.41,4481.43,3062,33,0,8.389999999999418,1.25,1.0200000000004366,-8.389999999999418,-0.0018686717953056956,-1,10.659999999999854,0.7870544082672596,11,0,1,0.0,1.0,0.0,0.258819045102521,-0.9659258262890682
2025-12-23 11:15:00,4481.22,4484.38,4479.07,4483.13,2575,33,0,1.9099999999998545,1.25,2.1500000000005457,1.699999999999818,0.00037934320071937263,1,5.3100000000004,0.35969868105512687,11,15,1,0.0,1.0,0.0,0.258819045102521,-0.9659258262890682
2025-12-23 11:30:00,4483.15,4484.88,4479.6,4481.78,2026,33,0,1.3699999999998909,1.730000000000473,2.1799999999993815,-1.3500000000003638,-0.0003011288987828512,-1,5.279999999999745,0.25946969647826895,11,30,1,0.0,1.0,0.0,0.258819045102521,-0.9659258262890682
2025-12-23 11:45:00,4481.75,4483.08,4478.18,4480.35,2709,33,0,1.3999999999996362,1.3299999999999272,2.1700000000000728,-1.4299999999993815,-0.0003190696553600091,-1,4.899999999999636,0.28571428513114233,11,45,1,0.0,1.0,0.0,0.258819045102521,-0.9659258262890682
2025-12-23 12:00:00,4480.37,4484.91,4479.5,4484.57,1851,33,0,4.199999999999818,0.3400000000001455,0.8699999999998909,4.219999999999345,0.0009418907005031627,1,5.4099999999998545,0.776340109470708,12,0,1,0.0,1.0,0.0,1.2246467991473532e-16,-1.0
2025-12-23 12:15:00,4484.57,4487.46,4482.91,4485.71,2049,33,0,1.1400000000003274,1.75,1.6599999999998545,1.1400000000003274,0.0002542049739440632,1,4.550000000000182,0.25054944999885437,12,15,1,0.0,1.0,0.0,1.2246467991473532e-16,-1.0
2025-12-23 12:30:00,4485.69,4485.8,4481.43,4482.78,2006,33,0,2.9099999999998545,0.11000000000058208,1.3499999999994543,-2.930000000000291,-0.0006531853374382854,-1,4.369999999999891,0.6659038886363589,12,30,1,0.0,1.0,0.0,1.2246467991473532e-16,-1.0
2025-12-23 12:45:00,4482.78,4485.86,4482.62,4484.17,2774,33,0,1.3900000000003274,1.6899999999995998,0.15999999999985448,1.3900000000003274,0.0003100754442556466,1,3.2399999999997817,0.42901234435503016,12,45,1,0.0,1.0,0.0,1.2246467991473532e-16,-1.0
2025-12-23 13:00:00,4484.2,4486.26,4483.11,4484.34,2283,33,0,0.14000000000032742,1.9200000000000728,1.0900000000001455,0.17000000000007276,3.791114074624128e-05,1,3.1500000000005457,0.04444444430344721,13,0,1,0.0,1.0,0.0,-0.2588190451025208,-0.9659258262890683
2025-12-23 13:15:00,4484.28,4485.51,4483.02,4483.92,1238,33,0,0.3599999999996726,1.230000000000473,0.8999999999996362,-0.42000000000007276,-9.365926758454371e-05,-1,2.4899999999997817,0.14457831267225743,13,15,1,0.0,1.0,0.0,-0.2588190451025208,-0.9659258262890683
2025-12-23 13:30:00,4483.92,4488.5,4483.17,4488.34,1508,33,0,4.420000000000073,0.15999999999985448,0.75,4.420000000000073,0.0009857446163178808,1,5.329999999999927,0.8292682911271013,13,30,1,0.0,1.0,0.0,-0.2588190451025208,-0.9659258262890683
2025-12-23 13:45:00,4488.41,4494.09,4487.28,4493.48,3291,33,0,5.069999999999709,0.6100000000005821,1.1300000000001091,5.139999999999418,0.0011451895355519897,1,6.8100000000004,0.7444933909771626,13,45,1,0.0,1.0,0.0,-0.2588190451025208,-0.9659258262890683
2025-12-23 14:00:00,4493.46,4493.58,4485.72,4485.87,2572,33,0,7.5900000000001455,0.11999999999989086,0.1499999999996362,-7.609999999999673,-0.0016935648984750514,-1,7.859999999999673,0.9656488537333299,14,0,1,0.0,1.0,0.0,-0.4999999999999997,-0.8660254037844388
2025-12-23 14:15:00,4485.88,4486.01,4483.34,4485.18,1616,33,0,0.6999999999998181,0.13000000000010914,1.8400000000001455,-0.6899999999995998,-0.00015381631656726563,-1,2.6700000000000728,0.2621722836622008,14,15,1,0.0,1.0,0.0,-0.4999999999999997,-0.8660254037844388
2025-12-23 14:30:00,4485.25,4487.55,4484.52,4485.93,2882,33,0,0.680000000000291,1.6199999999998909,0.7299999999995634,0.75,0.0001672173692025738,1,3.0299999999997453,0.22442244150367122,14,30,1,0.0,1.0,0.0,-0.4999999999999997,-0.8660254037844388
2025-12-23 14:45:00,4485.93,4489.14,4485.67,4486.49,2626,33,0,0.5599999999994907,2.6500000000005457,0.2600000000002183,0.5599999999994907,0.00012483476113080022,1,3.4700000000002547,0.16138328483735354,14,45,1,0.0,1.0,0.0,-0.4999999999999997,-0.8660254037844388
2025-12-23 15:00:00,4486.3,4494.63,4486.04,4494.4,4432,33,0,8.099999999999454,0.23000000000047294,0.2600000000002183,7.9099999999998545,0.0017630709084384129,1,8.590000000000146,0.9429569255610881,15,0,1,0.0,1.0,0.0,-0.7071067811865471,-0.7071067811865479
2025-12-23 15:15:00,4494.39,4497.28,4486.67,4488.94,3779,33,0,5.450000000000728,2.889999999999418,2.269999999999527,-5.460000000000036,-0.0012148451406194458,-1,10.609999999999673,0.513666352013594,15,15,1,0.0,1.0,0.0,-0.7071067811865471,-0.7071067811865479
2025-12-23 15:30:00,4489.07,4492.46,4484.38,4489.66,4808,33,0,0.5900000000001455,2.800000000000182,4.6899999999996,0.7200000000002547,0.00016039421333327128,1,8.079999999999927,0.07301980188984564,15,30,1,0.0,1.0,0.0,-0.7071067811865471,-0.7071067811865479
2025-12-23 15:45:00,4489.54,4490.58,4473.26,4479.01,4988,33,0,10.529999999999745,1.0399999999999636,5.75,-10.649999999999636,-0.002372117265004396,-1,17.31999999999971,0.6079676670854645,15,45,1,0.0,1.0,0.0,-0.7071067811865471,-0.7071067811865479
2025-12-23 16:00:00,4479.01,4479.75,4454.7,4469.79,4926,33,0,9.220000000000255,0.7399999999997817,15.090000000000146,-9.220000000000255,-0.0020584906039504834,-1,25.050000000000182,0.36806387210856484,16,0,1,0.0,0.0,1.0,-0.8660254037844384,-0.5000000000000004
2025-12-23 16:15:00,4469.75,4472.26,4463.15,4464.87,3840,33,0,4.880000000000109,2.5100000000002183,1.7200000000002547,-4.920000000000073,-0.0011007228527514879,-1,9.110000000000582,0.535675081739083,16,15,1,0.0,0.0,1.0,-0.8660254037844384,-0.5000000000000004
2025-12-23 16:30:00,4465.02,4465.02,4447.61,4452.76,7116,33,0,12.260000000000218,0.0,5.150000000000546,-12.109999999999673,-0.0027122850161370145,-1,17.410000000000764,0.7041929921285325,16,30,1,0.0,0.0,1.0,-0.8660254037844384,-0.5000000000000004
2025-12-23 16:45:00,4452.94,4459.33,4440.9,4446.3,6225,33,0,6.639999999999418,6.390000000000327,5.400000000000546,-6.460000000000036,-0.0014507855801794923,-1,18.43000000000029,0.36028214847512163,16,45,1,0.0,0.0,1.0,-0.8660254037844384,-0.5000000000000004
2025-12-23 17:00:00,4446.27,4450.6,4430.41,4448.31,7075,33,0,2.0399999999999636,2.2899999999999636,15.860000000000582,2.0100000000002183,0.00045206126442215287,1,20.19000000000051,0.10104011882067909,17,0,1,0.0,0.0,1.0,-0.9659258262890683,-0.25881904510252063
2025-12-23 17:15:00,4448.4,4451.89,4439.25,4442.59,5685,33,0,5.809999999999491,3.490000000000691,3.3400000000001455,-5.720000000000255,-0.0012858816044745655,-1,12.640000000000327,0.4596518983704763,17,15,1,0.0,0.0,1.0,-0.9659258262890683,-0.25881904510252063
2025-12-23 17:30:00,4442.52,4457.07,4441.31,4453.15,5415,33,0,10.6299999999992,3.9200000000000728,1.2100000000000364,10.55999999999949,0.002376991799828364,1,15.759999999999309,0.6744923853588034,17,30,1,0.0,0.0,1.0,-0.9659258262890683,-0.25881904510252063
2025-12-23 17:45:00,4453.23,4459.18,4451.41,4458.4,4499,33,0,5.170000000000073,0.7800000000006548,1.819999999999709,5.25,0.001178940749806317,1,7.770000000000437,0.6653796645232929,17,45,1,0.0,0.0,1.0,-0.9659258262890683,-0.25881904510252063
2025-12-23 18:00:00,4458.41,4463.11,4456.31,4460.6,3821,33,0,2.1900000000005093,2.509999999999309,2.0999999999994543,2.2000000000007276,0.0004934505652253561,1,6.799999999999272,0.3220588230559052,18,0,1,0.0,0.0,1.0,-1.0,-1.8369701987210297e-16
2025-12-23 18:15:00,4460.64,4465.3,4459.08,4461.37,3604,33,0,0.7299999999995634,3.930000000000291,1.5600000000004002,0.7699999999995271,0.00017262251715005313,1,6.220000000000255,0.1173633438626849,18,15,1,0.0,0.0,1.0,-1.0,-1.8369701987210297e-16
2025-12-23 18:30:00,4461.38,4466.86,4455.9,4465.96,3861,33,0,4.579999999999927,0.8999999999996362,5.480000000000473,4.5900000000001455,0.0010288319507236892,1,10.960000000000036,0.41788321129754374,18,30,1,0.0,0.0,1.0,-1.0,-1.8369701987210297e-16
2025-12-23 18:45:00,4465.96,4476.48,4465.95,4474.16,3864,33,0,8.199999999999818,2.319999999999709,0.010000000000218279,8.199999999999818,0.001836111384786209,1,10.529999999999745,0.7787274446545813,18,45,1,0.0,0.0,1.0,-1.0,-1.8369701987210297e-16
2025-12-23 19:00:00,4474.2,4479.75,4471.76,4475.29,4315,33,0,1.0900000000001455,4.460000000000036,2.4399999999996,1.1300000000001091,0.00025256137464912053,1,7.989999999999782,0.1364205254863542,19,0,1,0.0,0.0,1.0,-0.9659258262890684,0.2588190451025203
2025-12-23 19:15:00,4475.29,4478.6,4470.41,4477.64,3625,33,0,2.350000000000364,0.9600000000000364,4.880000000000109,2.350000000000364,0.000525105635612522,1,8.19000000000051,0.28693528658496514,19,15,1,0.0,0.0,1.0,-0.9659258262890684,0.2588190451025203
2025-12-23 19:30:00,4477.95,4479.39,4473.8,4478.57,4041,33,0,0.6199999999998909,0.8200000000006185,4.149999999999636,0.9299999999993815,0.00020769869842135176,1,5.5900000000001455,0.11091234327204853,19,30,1,0.0,0.0,1.0,-0.9659258262890684,0.2588190451025203
2025-12-23 19:45:00,4478.51,4478.96,4469.78,4472.67,3485,33,0,5.8400000000001455,0.4499999999998181,2.8900000000003274,-5.899999999999636,-0.0013173847902343016,-1,9.180000000000291,0.6361655766490527,19,45,1,0.0,0.0,1.0,-0.9659258262890684,0.2588190451025203
2025-12-23 20:00:00,4472.67,4480.98,4472.67,4477.49,3490,33,0,4.819999999999709,3.4899999999997817,0.0,4.819999999999709,0.0010776560756773268,1,8.30999999999949,0.5800240666907056,20,0,1,0.0,0.0,1.0,-0.8660254037844386,0.5000000000000001
2025-12-23 20:15:00,4477.53,4479.31,4474.11,4477.74,3545,33,0,0.21000000000003638,1.5700000000006185,3.4200000000000728,0.25,5.5834853902521284e-05,1,5.200000000000728,0.04038461530695401,20,15,1,0.0,0.0,1.0,-0.8660254037844386,0.5000000000000001
2025-12-23 20:30:00,4478.3,4478.38,4472.65,4476.33,2575,33,0,1.9700000000002547,0.07999999999992724,3.680000000000291,-1.4099999999998545,-0.00031489099411753576,-1,5.730000000000473,0.34380453692182317,20,30,1,0.0,0.0,1.0,-0.8660254037844386,0.5000000000000001
2025-12-23 20:45:00,4476.4,4484.91,4476.4,4484.37,2409,33,0,7.970000000000255,0.5399999999999636,0.0,8.039999999999964,0.0017961142275033262,1,8.510000000000218,0.9365452397925496,20,45,1,0.0,0.0,1.0,-0.8660254037844386,0.5000000000000001
2025-12-23 21:00:00,4484.37,4496.29,4483.96,4493.68,3590,36,0,9.3100000000004,2.6099999999996726,0.4099999999998545,9.3100000000004,0.0020760998757908917,1,12.329999999999927,0.7550689369383426,21,0,1,0.0,0.0,1.0,-0.7071067811865477,0.7071067811865474
2025-12-23 21:15:00,4493.69,4493.7,4487.28,4489.92,2288,33,0,3.769999999999527,0.010000000000218279,2.6400000000003274,-3.7600000000002183,-0.0008367306973349723,-1,6.420000000000073,0.5872274134154533,21,15,1,0.0,0.0,1.0,-0.7071067811865477,0.7071067811865474
2025-12-23 21:30:00,4489.95,4493.98,4488.15,4493.02,2415,33,0,3.0700000000006185,0.9599999999991269,1.800000000000182,3.100000000000364,0.0006904354643290668,1,5.829999999999927,0.5265866200231202,21,30,1,0.0,0.0,1.0,-0.7071067811865477,0.7071067811865474
2025-12-23 21:45:00,4493.05,4493.08,4489.25,4490.74,2101,33,0,2.3100000000004,0.02999999999974534,1.4899999999997817,-2.280000000000655,-0.0005074537838693473,-1,3.8299999999999272,0.6031331576942852,21,45,1,0.0,0.0,1.0,-0.7071067811865477,0.7071067811865474
2025-12-23 22:00:00,4490.66,4494.15,4489.6,4493.55,2284,33,0,2.8900000000003274,0.5999999999994543,1.0599999999994907,2.8100000000004,0.0006257320619765118,1,4.549999999999272,0.635164833769042,22,0,1,0.0,0.0,1.0,-0.5000000000000004,0.8660254037844384
2025-12-23 22:15:00,4493.53,4494.54,4491.41,4491.96,2092,36,0,1.569999999999709,1.0100000000002183,0.5500000000001819,-1.5900000000001455,-0.0003538405047234693,-1,3.130000000000109,0.5015974424867987,22,15,1,0.0,0.0,1.0,-0.5000000000000004,0.8660254037844384
2025-12-23 22:30:00,4491.99,4493.21,4489.36,4492.35,2848,34,0,0.3600000000005821,0.8599999999996726,2.630000000000109,0.3900000000003274,8.682178826176711e-05,1,3.850000000000364,0.09350649326376186,22,30,1,0.0,0.0,1.0,-0.5000000000000004,0.8660254037844384
2025-12-23 22:45:00,4492.4,4499.61,4491.98,4497.4,2798,34,0,5.0,2.2100000000000364,0.42000000000007276,5.049999999999272,0.0011241332487449268,1,7.630000000000109,0.6553079938986696,22,45,1,0.0,0.0,1.0,-0.5000000000000004,0.8660254037844384
2025-12-23 23:00:00,4497.38,4498.84,4490.38,4491.12,2050,34,0,6.260000000000218,1.4600000000000364,0.7399999999997817,-6.279999999999745,-0.0013963623426868292,-1,8.460000000000036,0.7399527178014969,23,0,1,0.0,0.0,1.0,-0.25881904510252157,0.9659258262890681
2025-12-23 23:15:00,4491.11,4491.87,4489.8,4489.95,1163,34,0,1.1599999999998545,0.7600000000002183,0.1499999999996362,-1.1700000000000728,-0.00026051408112009317,-1,2.069999999999709,0.5603864707227791,23,15,1,0.0,0.0,1.0,-0.25881904510252157,0.9659258262890681
2025-12-23 23:30:00,4490.04,4491.16,4488.17,4489.27,1967,36,0,0.7699999999995271,1.1199999999998909,1.1000000000003638,-0.6799999999993815,-0.0001514493479881472,-1,2.9899999999997817,0.25752508275061287,23,30,1,0.0,0.0,1.0,-0.25881904510252157,0.9659258262890681
2025-12-23 23:45:00,4489.2,4489.86,4483.44,4485.08,899,42,0,4.119999999999891,0.6599999999998545,1.6400000000003274,-4.190000000000509,-0.0009333366003828037,-1,6.420000000000073,0.641744547286978,23,45,1,0.0,0.0,1.0,-0.25881904510252157,0.9659258262890681
2025-12-24 01:00:00,4486.86,4495.33,4482.14,4495.08,1166,42,0,8.220000000000255,0.25,4.719999999999345,10.0,0.002229614633406762,1,13.1899999999996,0.6231993930074685,1,0,2,1.0,0.0,0.0,0.25881904510252074,0.9659258262890683
2025-12-24 01:15:00,4495.03,4497.92,4490.68,4492.02,1339,40,0,3.009999999999309,2.8900000000003274,1.3400000000001455,-3.0599999999994907,-0.0006807442804131385,-1,7.239999999999782,0.41574585577927364,1,15,2,1.0,0.0,0.0,0.25881904510252074,0.9659258262890683
2025-12-24 01:30:00,4492.22,4508.51,4492.05,4505.47,2252,39,0,13.25,3.0399999999999636,0.17000000000007276,13.449999999999818,0.002994198601074754,1,16.460000000000036,0.8049817735085147,1,30,2,1.0,0.0,0.0,0.25881904510252074,0.9659258262890683
2025-12-24 01:45:00,4505.36,4510.25,4499.78,4503.17,1938,36,0,2.1899999999996,4.890000000000327,3.3900000000003274,-2.300000000000182,-0.0005104905814488127,-1,10.470000000000255,0.209169054241438,1,45,2,1.0,0.0,0.0,0.25881904510252074,0.9659258262890683
2025-12-24 02:00:00,4503.18,4512.62,4500.6,4507.69,2092,33,0,4.509999999999309,4.930000000000291,2.5799999999999272,4.519999999999527,0.0010037373672323112,1,12.019999999999527,0.3752079863766561,2,0,2,1.0,0.0,0.0,0.49999999999999994,0.8660254037844387
2025-12-24 02:15:00,4507.79,4513.9,4507.74,4513.65,2098,33,0,5.859999999999673,0.25,0.0500000000001819,5.960000000000036,0.0013221849772278122,1,6.1599999999998545,0.9512986997543545,2,15,2,1.0,0.0,0.0,0.49999999999999994,0.8660254037844387
2025-12-24 02:30:00,4513.68,4517.66,4512.79,4517.58,2631,33,0,3.899999999999636,0.07999999999992724,0.8900000000003274,3.930000000000291,0.0008706922335582713,1,4.869999999999891,0.8008213535916858,2,30,2,1.0,0.0,0.0,0.49999999999999994,0.8660254037844387
2025-12-24 02:45:00,4517.57,4518.08,4508.06,4511.81,3097,33,0,5.759999999999309,0.5100000000002183,3.75,-5.769999999999527,-0.0012772325005864925,-1,10.019999999999527,0.5748502988274529,2,45,2,1.0,0.0,0.0,0.49999999999999994,0.8660254037844387
2025-12-24 03:00:00,4511.77,4519.77,4506.82,4512.04,5548,33,0,0.26999999999952706,7.730000000000473,4.950000000000728,0.22999999999956344,5.097732395636417e-05,1,12.950000000000728,0.020849420833283217,3,0,2,1.0,0.0,0.0,0.7071067811865476,0.7071067811865476
2025-12-24 03:15:00,4512.02,4525.6,4512.02,4521.43,4509,33,0,9.409999999999854,4.170000000000073,0.0,9.390000000000327,0.0020810985718212444,1,13.579999999999927,0.6929307800493811,3,15,2,1.0,0.0,0.0,0.7071067811865476,0.7071067811865476
2025-12-24 03:30:00,4521.28,4523.53,4518.49,4520.16,4073,33,0,1.1199999999998909,2.25,1.6700000000000728,-1.2700000000004366,-0.00028088458739833116,-1,5.039999999999964,0.22222222178128506,3,30,2,1.0,0.0,0.0,0.7071067811865476,0.7071067811865476
2025-12-24 03:45:00,4520.16,4523.4,4518.51,4518.67,3820,33,0,1.4899999999997817,3.2399999999997817,0.15999999999985448,-1.4899999999997817,-0.0003296343492265278,-1,4.889999999999418,0.30470347585949376,3,45,2,1.0,0.0,0.0,0.7071067811865476,0.7071067811865476
2025-12-24 04:00:00,4518.67,4519.17,4504.75,4511.57,4740,33,0,7.100000000000364,0.5,6.819999999999709,-7.100000000000364,-0.0015712587996026183,-1,14.420000000000073,0.49237170562251115,4,0,2,1.0,0.0,0.0,0.8660254037844386,0.5000000000000001
2025-12-24 04:15:00,4511.6,4512.34,4505.85,4506.75,3000,33,0,4.850000000000364,0.7399999999997817,0.8999999999996362,-4.819999999999709,-0.0010683642279737894,-1,6.489999999999782,0.7473035427623254,4,15,2,1.0,0.0,0.0,0.8660254037844386,0.5000000000000001
2025-12-24 04:30:00,4506.86,4511.17,4504.74,4508.82,3682,33,0,1.9600000000000364,2.350000000000364,2.119999999999891,2.069999999999709,0.0004593110334497607,1,6.430000000000291,0.3048211503812964,4,30,2,1.0,0.0,0.0,0.8660254037844386,0.5000000000000001
2025-12-24 04:45:00,4508.76,4512.11,4474.77,4477.35,4032,33,0,31.409999999999854,3.3499999999994543,2.5799999999999272,-31.469999999999345,-0.006979653213035638,-1,37.339999999999236,0.8411890731544887,4,45,2,1.0,0.0,0.0,0.8660254037844386,0.5000000000000001
2025-12-24 05:00:00,4477.38,4485.91,4469.44,4485.26,4263,33,0,7.880000000000109,0.6499999999996362,7.940000000000509,7.9099999999998545,0.0017666700168626206,1,16.470000000000255,0.4784456584830316,5,0,2,1.0,0.0,0.0,0.9659258262890683,0.25881904510252074
2025-12-24 05:15:00,4485.26,4496.2,4485.22,4491.26,4351,33,0,6.0,4.9399999999996,0.03999999999996362,6.0,0.0013377150934393992,1,10.979999999999563,0.5464480869340398,5,15,2,1.0,0.0,0.0,0.9659258262890683,0.25881904510252074
2025-12-24 05:30:00,4491.26,4498.36,4490.24,4494.91,2758,33,0,3.649999999999636,3.449999999999818,1.0200000000004366,3.649999999999636,0.0008126895347852576,1,8.11999999999989,0.44950738860894224,5,30,2,1.0,0.0,0.0,0.9659258262890683,0.25881904510252074
2025-12-24 05:45:00,4494.91,4495.18,4491.91,4493.16,2514,33,0,1.75,0.27000000000043656,1.25,-1.75,-0.0003893292635447651,-1,3.2700000000004366,0.535168194081983,5,45,2,1.0,0.0,0.0,0.9659258262890683,0.25881904510252074
2025-12-24 06:00:00,4493.2,4495.41,4491.97,4494.17,2086,33,0,0.9700000000002547,1.2399999999997817,1.2299999999995634,1.0100000000002183,0.00022478611934589874,1,3.4399999999996,0.2819767433664535,6,0,2,1.0,0.0,0.0,1.0,6.123233995736766e-17
2025-12-24 06:15:00,4494.14,4497.38,4491.06,4496.86,2722,33,0,2.719999999999345,0.5200000000004366,3.0799999999999272,2.6899999999996,0.0005985532367488546,1,6.319999999999709,0.43037974615437863,6,15,2,1.0,0.0,0.0,1.0,6.123233995736766e-17
2025-12-24 06:30:00,4496.86,4501.44,4496.04,4499.94,1718,33,0,3.0799999999999272,1.5,0.819999999999709,3.0799999999999272,0.0006849223680523581,1,5.399999999999636,0.5703703693141539,6,30,2,1.0,0.0,0.0,1.0,6.123233995736766e-17
2025-12-24 06:45:00,4499.94,4501.25,4496.65,4499.18,1635,33,0,0.7599999999993088,1.3100000000004002,2.530000000000655,-0.7599999999993088,-0.00016889114077061224,-1,4.600000000000364,0.16521739094501625,6,45,2,1.0,0.0,0.0,1.0,6.123233995736766e-17
2025-12-24 07:00:00,4499.09,4500.4,4485.25,4490.59,3105,33,0,8.5,1.3099999999994907,5.3400000000001455,-8.590000000000146,-0.0019092367942603195,-1,15.149999999999636,0.5610561052402404,7,0,2,1.0,0.0,0.0,0.9659258262890683,-0.25881904510252063
2025-12-24 07:15:00,4490.53,4494.44,4489.46,4492.27,1982,33,0,1.7400000000006912,2.1699999999991633,1.069999999999709,1.680000000000291,0.0003741156507274748,1,4.979999999999563,0.3493975896600136,7,15,2,1.0,0.0,0.0,0.9659258262890683,-0.25881904510252063
2025-12-24 07:30:00,4492.27,4496.99,4490.31,4495.53,3717,33,0,3.259999999999309,1.4600000000000364,1.9600000000000364,3.259999999999309,0.0007256910203525853,1,6.6799999999993815,0.4880239513651753,7,30,2,1.0,0.0,0.0,0.9659258262890683,-0.25881904510252063
2025-12-24 07:45:00,4495.54,4497.09,4488.0,4488.39,3323,33,0,7.149999999999636,1.550000000000182,0.3900000000003274,-7.139999999999418,-0.0015882443226937464,-1,9.090000000000146,0.7865786570004109,7,45,2,1.0,0.0,0.0,0.9659258262890683,-0.25881904510252063
2025-12-24 08:00:00,4488.39,4492.84,4486.49,4492.67,2644,33,0,4.279999999999745,0.17000000000007276,1.9000000000005457,4.279999999999745,0.0009535713251298895,1,6.350000000000364,0.6740157469699752,8,0,2,0.0,1.0,0.0,0.8660254037844387,-0.4999999999999998
2025-12-24 08:15:00,4492.62,4492.66,4485.26,4487.37,3193,33,0,5.25,0.03999999999996362,2.1099999999996726,-5.300000000000182,-0.0011796993769852186,-1,7.399999999999636,0.7094594585007653,8,15,2,0.0,1.0,0.0,0.8660254037844387,-0.4999999999999998
2025-12-24 08:30:00,4487.41,4497.75,4487.4,4494.58,2364,33,0,7.170000000000073,3.1700000000000728,0.010000000000218279,7.210000000000036,0.0016067317827591744,1,10.350000000000364,0.6927536225190613,8,30,2,0.0,1.0,0.0,0.8660254037844387,-0.4999999999999998
2025-12-24 08:45:00,4494.6,4497.12,4492.77,4493.47,3467,33,0,1.1300000000001091,2.519999999999527,0.6999999999998181,-1.1099999999996726,-0.00024696412123038696,-1,4.349999999999454,0.25977011434541375,8,45,2,0.0,1.0,0.0,0.8660254037844387,-0.4999999999999998
2025-12-24 09:00:00,4493.47,4495.01,4490.6,4493.49,2964,33,0,0.019999999999527063,1.5200000000004366,2.869999999999891,0.019999999999527063,4.4509031994265144e-06,1,4.4099999999998545,0.0045351473818993765,9,0,2,0.0,1.0,0.0,0.7071067811865476,-0.7071067811865475
2025-12-24 09:15:00,4493.49,4494.6,4491.09,4491.48,2054,33,0,2.0100000000002183,1.110000000000582,0.3899999999994179,-2.0100000000002183,-0.0004473137806026537,-1,3.5100000000002183,0.572649571018119,9,15,2,0.0,1.0,0.0,0.7071067811865476,-0.7071067811865475
2025-12-24 09:30:00,4491.48,4492.03,4488.0,4488.33,1714,33,0,3.149999999999636,0.5500000000001819,0.32999999999992724,-3.149999999999636,-0.0007013278473909795,-1,4.029999999999745,0.7816377151819995,9,30,2,0.0,1.0,0.0,0.7071067811865476,-0.7071067811865475
2025-12-24 09:45:00,4488.42,4489.04,4483.4,4483.83,2345,33,0,4.5900000000001455,0.6199999999998909,0.43000000000029104,-4.5,-0.0010026000761976057,-1,5.640000000000327,0.8138297857910605,9,45,2,0.0,1.0,0.0,0.7071067811865476,-0.7071067811865475
2025-12-24 10:00:00,4483.8,4486.88,4478.08,4485.14,3631,33,0,1.3400000000001455,1.7399999999997817,5.720000000000255,1.3100000000004002,0.00029216094276553753,1,8.800000000000182,0.15227272709970346,10,0,2,0.0,1.0,0.0,0.49999999999999994,-0.8660254037844387
2025-12-24 10:15:00,4485.14,4490.43,4483.12,4485.08,3064,33,0,0.06000000000040018,5.289999999999964,1.9600000000000364,-0.06000000000040018,-1.337750884039298e-05,-1,7.3100000000004,0.008207934325351237,10,15,2,0.0,1.0,0.0,0.49999999999999994,-0.8660254037844387
2025-12-24 10:30:00,4485.11,4492.71,4482.21,4490.19,3096,33,0,5.079999999999927,2.5200000000004366,2.899999999999636,5.109999999999673,0.0011393330776707823,1,10.5,0.4838095233487459,10,30,2,0.0,1.0,0.0,0.49999999999999994,-0.8660254037844387
2025-12-24 10:45:00,4490.19,4490.46,4481.45,4482.21,3194,33,0,7.979999999999563,0.27000000000043656,0.7600000000002183,-7.979999999999563,-0.0017772076460015197,-1,9.010000000000218,0.8856825739336897,10,45,2,0.0,1.0,0.0,0.49999999999999994,-0.8660254037844387
2025-12-24 11:00:00,4482.21,4487.94,4481.75,4487.71,2691,33,0,5.5,0.22999999999956344,0.4600000000000364,5.5,0.0012270732518110485,1,6.1899999999996,0.8885298854790076,11,0,2,0.0,1.0,0.0,0.258819045102521,-0.9659258262890682
2025-12-24 11:15:00,4487.7,4493.31,4487.25,4489.47,2833,33,0,1.7700000000004366,3.8400000000001455,0.4499999999998181,1.7600000000002183,0.0003921822042868675,1,6.0600000000004,0.29207920743886595,11,15,2,0.0,1.0,0.0,0.258819045102521,-0.9659258262890682
2025-12-24 11:30:00,4489.42,4492.38,4486.41,4491.3,2177,33,0,1.8800000000001091,1.0799999999999272,3.0100000000002183,1.8299999999999272,0.00040762049863345276,1,5.970000000000255,0.3149078721693384,11,30,2,0.0,1.0,0.0,0.258819045102521,-0.9659258262890682
2025-12-24 11:45:00,4491.31,4495.95,4491.22,4494.64,1927,33,0,3.3299999999999272,1.3099999999994907,0.09000000000014552,3.3400000000001455,0.0007436599648209083,1,4.729999999999563,0.7040169118308807,11,45,2,0.0,1.0,0.0,0.258819045102521,-0.9659258262890682
2025-12-24 12:00:00,4494.67,4499.83,4489.59,4490.43,2013,33,0,4.239999999999782,5.1599999999998545,0.8400000000001455,-4.210000000000036,-0.000936671235071115,-1,10.239999999999782,0.4140624995956296,12,0,2,0.0,1.0,0.0,1.2246467991473532e-16,-1.0
2025-12-24 12:15:00,4490.59,4496.39,4489.66,4494.18,1405,33,0,3.5900000000001455,2.2100000000000364,0.930000000000291,3.75,0.0008351093325138126,1,6.730000000000473,0.5334323914807682,12,15,2,0.0,1.0,0.0,1.2246467991473532e-16,-1.0
2025-12-24 12:30:00,4494.12,4494.6,4482.33,4485.8,2256,33,0,8.319999999999709,0.48000000000047294,3.4700000000002547,-8.38000000000011,-0.0018646338152900213,-1,12.270000000000437,0.6780766090642744,12,30,2,0.0,1.0,0.0,1.2246467991473532e-16,-1.0
2025-12-24 12:45:00,4485.8,4490.51,4484.7,4489.36,1786,33,0,3.5599999999994907,1.1500000000005457,1.1000000000003638,3.5599999999994907,0.0007936154086226516,1,5.8100000000004,0.612736659874678,12,45,2,0.0,1.0,0.0,1.2246467991473532e-16,-1.0
2025-12-24 13:00:00,4489.36,4490.33,4484.69,4487.7,1765,33,0,1.6599999999998545,0.9700000000002547,3.0100000000002183,-1.6599999999998545,-0.00036976317336989115,-1,5.640000000000327,0.29432624061285384,13,0,2,0.0,1.0,0.0,-0.2588190451025208,-0.9659258262890683
2025-12-24 13:15:00,4487.71,4489.1,4486.29,4487.29,1775,33,0,0.42000000000007276,1.3900000000003274,1.0,-0.4099999999998545,-9.13608307150332e-05,-1,2.8100000000004,0.14946619163891495,13,15,2,0.0,1.0,0.0,-0.2588190451025208,-0.9659258262890683
2025-12-24 13:30:00,4487.24,4488.22,4483.02,4487.84,2072,33,0,0.6000000000003638,0.38000000000010914,4.219999999999345,0.5500000000001819,0.00012256840988663132,1,5.199999999999818,0.1153846151627959,13,30,2,0.0,1.0,0.0,-0.2588190451025208,-0.9659258262890683
2025-12-24 13:45:00,4487.84,4491.79,4485.79,4491.48,2860,33,0,3.639999999999418,0.3100000000004002,2.050000000000182,3.639999999999418,0.0008110806089342351,1,6.0,0.6066666656554586,13,45,2,0.0,1.0,0.0,-0.2588190451025208,-0.9659258262890683
2025-12-24 14:00:00,4491.48,4495.7,4490.98,4495.22,2954,33,0,3.740000000000691,0.47999999999956344,0.5,3.740000000000691,0.0008326876664263654,1,4.720000000000255,0.7923728796772798,14,0,2,0.0,1.0,0.0,-0.4999999999999997,-0.8660254037844388
2025-12-24 14:15:00,4495.23,4496.06,4490.79,4493.19,3036,33,0,2.0399999999999636,0.8300000000008367,2.399999999999636,-2.030000000000655,-0.00045159080089531874,-1,5.270000000000437,0.3870967734589804,14,15,2,0.0,1.0,0.0,-0.4999999999999997,-0.8660254037844388
2025-12-24 14:30:00,4493.19,4493.43,4489.97,4490.42,2225,33,0,2.769999999999527,0.24000000000069122,0.4499999999998181,-2.769999999999527,-0.0006164885081644727,-1,3.4600000000000364,0.8005780323681265,14,30,2,0.0,1.0,0.0,-0.4999999999999997,-0.8660254037844388
2025-12-24 14:45:00,4490.42,4492.3,4489.74,4490.65,2495,33,0,0.22999999999956344,1.6500000000005457,0.680000000000291,0.22999999999956344,5.1220153125890996e-05,1,2.5600000000004,0.08984374964886328,14,45,2,0.0,1.0,0.0,-0.4999999999999997,-0.8660254037844388
2025-12-24 15:00:00,4490.72,4493.23,4481.22,4485.26,5187,33,0,5.460000000000036,2.509999999999309,4.039999999999964,-5.389999999999418,-0.0012002716755924907,-1,12.009999999999309,0.45462114866395825,15,0,2,0.0,1.0,0.0,-0.7071067811865471,-0.7071067811865479
2025-12-24 15:15:00,4485.25,4487.03,4474.39,4479.12,4459,33,0,6.130000000000109,1.7799999999997453,4.729999999999563,-6.140000000000327,-0.0013689284456197249,-1,12.639999999999418,0.48496835404673316,15,15,2,0.0,1.0,0.0,-0.7071067811865471,-0.7071067811865479
2025-12-24 15:30:00,4479.05,4486.1,4477.45,4485.11,3598,33,0,6.059999999999491,0.9900000000006912,1.6000000000003638,5.989999999999782,0.001337316258550738,1,8.650000000000546,0.700578033872061,15,30,2,0.0,1.0,0.0,-0.7071067811865471,-0.7071067811865479
2025-12-24 15:45:00,4485.12,4488.87,4483.2,4487.89,2733,33,0,2.7700000000004366,0.9799999999995634,1.9200000000000728,2.780000000000655,0.0006198287221496585,1,5.670000000000073,0.4885361543412768,15,45,2,0.0,1.0,0.0,-0.7071067811865471,-0.7071067811865479
2025-12-24 16:00:00,4487.92,4489.35,4483.7,4485.21,4060,33,0,2.7100000000000364,1.430000000000291,1.5100000000002183,-2.680000000000291,-0.000597162586427094,-1,5.650000000000546,0.4796460168501442,16,0,2,0.0,0.0,1.0,-0.8660254037844384,-0.5000000000000004
2025-12-24 16:15:00,4485.3,4487.42,4481.99,4484.91,3894,33,0,0.3900000000003274,2.119999999999891,2.9200000000000728,-0.3000000000001819,-6.688650029768548e-05,-1,5.430000000000291,0.07182320428767486,16,15,2,0.0,0.0,1.0,-0.8660254037844384,-0.5000000000000004
2025-12-24 16:30:00,4484.91,4488.76,4469.19,4481.04,6280,33,0,3.869999999999891,3.850000000000364,11.850000000000364,-3.869999999999891,-0.0008628935697706066,-1,19.57000000000062,0.19775166060410077,16,30,2,0.0,0.0,1.0,-0.8660254037844384,-0.5000000000000004
2025-12-24 16:45:00,4481.08,4482.1,4460.49,4464.79,6148,33,0,16.289999999999964,1.0200000000004366,4.300000000000182,-16.25,-0.0036263903022512632,-1,21.610000000000582,0.7538176766525381,16,45,2,0.0,0.0,1.0,-0.8660254037844384,-0.5000000000000004
2025-12-24 17:00:00,4464.78,4475.02,4461.62,4474.62,5818,33,0,9.840000000000146,0.4000000000005457,3.1599999999998545,9.829999999999927,0.002201671299210025,1,13.400000000000546,0.7343283576609299,17,0,2,0.0,0.0,1.0,-0.9659258262890683,-0.25881904510252063
2025-12-24 17:15:00,4474.66,4476.43,4461.46,4470.03,5399,33,0,4.630000000000109,1.7700000000004366,8.569999999999709,-4.5900000000001455,-0.001025785429824241,-1,14.970000000000255,0.30928523693434723,17,15,2,0.0,0.0,1.0,-0.9659258262890683,-0.25881904510252063
2025-12-24 17:30:00,4469.54,4472.67,4449.79,4453.0,5591,33,0,16.539999999999964,3.130000000000109,3.2100000000000364,-17.029999999999745,-0.0038098178312001812,-1,22.88000000000011,0.7229020975861391,17,30,2,0.0,0.0,1.0,-0.9659258262890683,-0.25881904510252063
2025-12-24 17:45:00,4452.98,4460.79,4448.25,4458.4,5490,33,0,5.420000000000073,2.3900000000003274,4.729999999999563,5.399999999999636,0.0012126656186839514,1,12.539999999999964,0.43221690555645287,17,45,2,0.0,0.0,1.0,-0.9659258262890683,-0.25881904510252063
2025-12-24 18:00:00,4458.4,4471.11,4455.91,4466.19,4173,33,0,7.789999999999964,4.920000000000073,2.4899999999997817,7.789999999999964,0.0017472635923201068,1,15.199999999999818,0.5124999996628327,18,0,2,0.0,0.0,1.0,-1.0,-1.8369701987210297e-16
2025-12-24 18:15:00,4466.0,4468.91,4464.03,4468.39,3529,33,0,2.3900000000003274,0.5199999999995271,1.9700000000002547,2.2000000000007276,0.0004925898808605831,1,4.880000000000109,0.48975409735711745,18,15,2,0.0,0.0,1.0,-1.0,-1.8369701987210297e-16
2025-12-24 18:30:00,4468.44,4476.69,4467.19,4475.24,4053,33,0,6.800000000000182,1.449999999999818,1.25,6.849999999999454,0.0015329906297345249,1,9.5,0.715789472930767,18,30,2,0.0,0.0,1.0,-1.0,-1.8369701987210297e-16
2025-12-24 18:45:00,4475.24,4478.07,4472.02,4476.74,3366,33,0,1.5,1.3299999999999272,3.219999999999345,1.5,0.0003351775547233221,1,6.049999999999272,0.2479338838877424,18,45,2,0.0,0.0,1.0,-1.0,-1.8369701987210297e-16
2025-12-24 19:00:00,4476.71,4487.71,4475.44,4483.51,3968,33,0,6.800000000000182,4.199999999999818,1.2700000000004366,6.770000000000437,0.001512261154322216,1,12.270000000000437,0.5541972285621816,19,0,2,0.0,0.0,1.0,-0.9659258262890684,0.2588190451025203
2025-12-24 19:15:00,4483.5,4484.76,4476.12,4477.85,3946,35,0,5.649999999999636,1.2600000000002183,1.730000000000473,-5.6599999999998545,-0.0012624037863191682,-1,8.640000000000327,0.6539351844282488,19,15,2,0.0,0.0,1.0,-0.9659258262890684,0.2588190451025203
2025-12-24 19:30:00,4477.86,4483.08,4477.23,4479.4,3297,34,0,1.5399999999999636,3.680000000000291,0.6300000000001091,1.5499999999992724,0.00034614826311718175,1,5.850000000000364,0.2632478627978443,19,30,2,0.0,0.0,1.0,-0.9659258262890684,0.2588190451025203
2025-12-24 19:45:00,4479.4,4483.61,4479.27,4480.57,2732,33,0,1.1700000000000728,3.0399999999999636,0.12999999999919964,1.1700000000000728,0.0002611956958521393,1,4.339999999999236,0.26958525283512125,19,45,2,0.0,0.0,1.0,-0.9659258262890684,0.2588190451025203
2025-12-24 20:00:00,4480.59,4481.5,4477.26,4477.89,1805,33,0,2.699999999999818,0.9099999999998545,0.6300000000001091,-2.6799999999993815,-0.0005981381833113604,-1,4.239999999999782,0.6367924513283095,20,0,2,0.0,0.0,1.0,-0.8660254037844386,0.5000000000000001
2025-12-24 20:15:00,4478.03,4482.45,4477.92,4480.63,1471,33,0,2.600000000000364,1.819999999999709,0.10999999999967258,2.7399999999997817,0.0006118953346330038,1,4.529999999999745,0.5739514336116989,20,15,2,0.0,0.0,1.0,-0.8660254037844386,0.5000000000000001
2025-12-24 20:30:00,4481.01,4482.09,4478.94,4479.43,581,33,0,1.5799999999999272,1.0799999999999272,0.4900000000006912,-1.199999999999818,-0.0002678194807426228,-1,3.1500000000005457,0.501587299994851,20,30,2,0.0,0.0,1.0,-0.8660254037844386,0.5000000000000001
2025-12-26 01:00:00,4487.28,4505.52,4480.03,4488.91,3000,33,0,1.6300000000001091,16.610000000000582,7.25,9.479999999999563,0.0021163406951329885,1,25.49000000000069,0.06394664571834438,1,0,4,1.0,0.0,0.0,0.25881904510252074,0.9659258262890683
2025-12-26 01:15:00,4488.84,4499.77,4486.67,4497.45,2425,40,0,8.609999999999673,2.3200000000006185,2.1700000000000728,8.539999999999964,0.001902466300282243,1,13.100000000000364,0.6572519078951843,1,15,4,1.0,0.0,0.0,0.25881904510252074,0.9659258262890683
2025-12-26 01:30:00,4497.46,4498.87,4488.59,4495.92,2025,42,0,1.5399999999999636,1.4099999999998545,7.329999999999927,-1.5299999999997453,-0.00034019277590629035,-1,10.279999999999745,0.14980544732509213,1,30,4,1.0,0.0,0.0,0.25881904510252074,0.9659258262890683
2025-12-26 01:45:00,4495.83,4499.49,4491.79,4494.96,1867,43,0,0.8699999999998909,3.6599999999998545,3.1700000000000728,-0.9600000000000364,-0.00021352693108419107,-1,7.699999999999818,0.1129870128402651,1,45,4,1.0,0.0,0.0,0.25881904510252074,0.9659258262890683
2025-12-26 02:00:00,4494.93,4505.6,4492.27,4503.31,2211,33,0,8.38000000000011,2.2899999999999636,2.6599999999998545,8.350000000000364,0.0018576361079965925,1,13.329999999999927,0.6286571638194736,2,0,4,1.0,0.0,0.0,0.49999999999999994,0.8660254037844387
2025-12-26 02:15:00,4503.31,4507.08,4501.44,4506.79,1890,33,0,3.4799999999995634,0.2899999999999636,1.8700000000008004,3.4799999999995634,0.0007727649218018664,1,5.640000000000327,0.6170212755016221,2,15,4,1.0,0.0,0.0,0.49999999999999994,0.8660254037844387
2025-12-26 02:30:00,4506.76,4508.01,4503.97,4507.5,2881,33,0,0.7399999999997817,0.5100000000002183,2.7899999999999636,0.7100000000000364,0.00015754006732065094,1,4.039999999999964,0.18316831637824388,2,30,4,1.0,0.0,0.0,0.49999999999999994,0.8660254037844387
2025-12-26 02:45:00,4507.67,4517.2,4506.35,4517.19,3101,33,0,9.519999999999527,0.010000000000218279,1.319999999999709,9.6899999999996,0.002149750415973289,1,10.849999999999454,0.8774193540300287,2,45,4,1.0,0.0,0.0,0.49999999999999994,0.8660254037844387
2025-12-26 03:00:00,4519.53,4531.23,4507.97,4510.03,5699,33,0,9.5,11.699999999999818,2.0599999999994907,-7.1599999999998545,-0.0015850561964406756,-1,23.25999999999931,0.4084264830574384,3,0,4,1.0,0.0,0.0,0.7071067811865476,0.7071067811865476
2025-12-26 03:15:00,4510.04,4518.22,4506.83,4510.12,4505,33,0,0.07999999999992724,8.100000000000364,3.2100000000000364,0.09000000000014552,1.99555213602006e-05,1,11.390000000000327,0.007023704998216671,3,15,4,1.0,0.0,0.0,0.7071067811865476,0.7071067811865476
2025-12-26 03:30:00,4509.9,4515.52,4497.56,4506.91,4175,33,0,2.9899999999997817,5.6200000000008,9.349999999999454,-3.2100000000000364,-0.000711732725515072,-1,17.960000000000036,0.1664810689496083,3,30,4,1.0,0.0,0.0,0.7071067811865476,0.7071067811865476
2025-12-26 03:45:00,4507.15,4507.46,4499.87,4503.77,3987,33,0,3.3799999999991996,0.3100000000004002,3.9000000000005457,-3.139999999999418,-0.0006967079440236033,-1,7.5900000000001455,0.4453227925620431,3,45,4,1.0,0.0,0.0,0.7071067811865476,0.7071067811865476
2025-12-26 04:00:00,4503.77,4507.71,4498.37,4506.36,4412,33,0,2.589999999999236,1.3500000000003638,5.400000000000546,2.589999999999236,0.0005750737715290159,1,9.340000000000146,0.2773019268978775,4,0,4,1.0,0.0,0.0,0.8660254037844386,0.5000000000000001
2025-12-26 04:15:00,4506.32,4509.8,4501.58,4502.03,3223,33,0,4.289999999999964,3.480000000000473,0.4499999999998181,-4.329999999999927,-0.0009608642008183828,-1,8.220000000000255,0.5218978095840453,4,15,4,1.0,0.0,0.0,0.8660254037844386,0.5000000000000001
2025-12-26 04:30:00,4502.02,4502.33,4492.33,4499.2,4077,33,0,2.8200000000006185,0.3099999999994907,6.869999999999891,-2.8299999999999272,-0.0006286053180453989,-1,10.0,0.28199999971806183,4,30,4,1.0,0.0,0.0,0.8660254037844386,0.5000000000000001
2025-12-26 04:45:00,4499.22,4508.67,4498.47,4508.64,4233,33,0,9.420000000000073,0.02999999999974534,0.75,9.44000000000051,0.0020981507823614218,1,10.199999999999818,0.9235294108593084,4,45,4,1.0,0.0,0.0,0.8660254037844386,0.5000000000000001
2025-12-26 05:00:00,4508.64,4511.84,4501.24,4511.81,3681,33,0,3.1700000000000728,0.02999999999974534,7.400000000000546,3.1700000000000728,0.000703094502998703,1,10.600000000000364,0.29905660349145263,5,0,4,1.0,0.0,0.0,0.9659258262890683,0.25881904510252074
2025-12-26 05:15:00,4511.83,4513.49,4502.89,4502.92,3212,33,0,8.909999999999854,1.6599999999998545,0.02999999999974534,-8.890000000000327,-0.001970384391186758,-1,10.599999999999454,0.8405660369428917,5,15,4,1.0,0.0,0.0,0.9659258262890683,0.25881904510252074
2025-12-26 05:30:00,4503.08,4503.67,4497.44,4502.78,3410,33,0,0.3000000000001819,0.5900000000001455,5.3400000000001455,-0.14000000000032742,-3.109093654791278e-05,-1,6.230000000000473,0.048154093020644974,5,30,4,1.0,0.0,0.0,0.9659258262890683,0.25881904510252074
2025-12-26 05:45:00,4502.78,4505.72,4500.38,4501.78,2783,33,0,1.0,2.9400000000005093,1.3999999999996362,-1.0,-0.0002220850230302169,-1,5.3400000000001455,0.1872659172523059,5,45,4,1.0,0.0,0.0,0.9659258262890683,0.25881904510252074
2025-12-26 06:00:00,4501.77,4509.66,4500.48,4507.75,2887,33,0,5.979999999999563,1.9099999999998545,1.2900000000008731,5.970000000000255,0.001326142103790113,1,9.180000000000291,0.6514161212946854,6,0,4,1.0,0.0,0.0,1.0,6.123233995736766e-17
2025-12-26 06:15:00,4507.74,4510.12,4504.69,4509.42,2336,33,0,1.680000000000291,0.6999999999998181,3.050000000000182,1.6700000000000728,0.00037047307415009103,1,5.430000000000291,0.309392264623624,6,15,4,1.0,0.0,0.0,1.0,6.123233995736766e-17
2025-12-26 06:30:00,4509.41,4511.64,4505.88,4507.85,2539,33,0,1.5599999999994907,2.230000000000473,1.9700000000002547,-1.569999999999709,-0.00034816007380100077,-1,5.760000000000218,0.2708333328630379,6,30,4,1.0,0.0,0.0,1.0,6.123233995736766e-17
2025-12-26 06:45:00,4507.84,4511.12,4506.56,4508.97,1801,33,0,1.1300000000001091,2.149999999999636,1.2799999999997453,1.1199999999998909,0.0002484554721208316,1,4.559999999999491,0.24780701700047483,6,45,4,1.0,0.0,0.0,1.0,6.123233995736766e-17
2025-12-26 07:00:00,4508.95,4511.41,4507.39,4508.98,1810,33,0,0.02999999999974534,2.430000000000291,1.5599999999994907,0.009999999999308784,2.217801404602112e-06,1,4.019999999999527,0.007462686548537812,7,0,4,1.0,0.0,0.0,0.9659258262890683,-0.25881904510252063
2025-12-26 07:15:00,4508.98,4510.1,4505.96,4507.26,2287,33,0,1.7199999999993452,1.1200000000008004,1.300000000000182,-1.7199999999993452,-0.00038146099561305334,-1,4.140000000000327,0.4154589361943526,7,15,4,1.0,0.0,0.0,0.9659258262890683,-0.25881904510252063
2025-12-26 07:30:00,4507.26,4514.73,4507.26,4512.14,3760,33,0,4.880000000000109,2.589999999999236,0.0,4.880000000000109,0.0010826976921677713,1,7.469999999999345,0.6532797849354403,7,30,4,1.0,0.0,0.0,0.9659258262890683,-0.25881904510252063
2025-12-26 07:45:00,4512.19,4513.56,4509.7,4509.9,3358,33,0,2.2899999999999636,1.3700000000008004,0.1999999999998181,-2.240000000000691,-0.0004964384970326034,-1,3.860000000000582,0.5932642471676103,7,45,4,1.0,0.0,0.0,0.9659258262890683,-0.25881904510252063
2025-12-26 08:00:00,4509.9,4513.6,4508.76,4512.47,2994,33,0,2.5700000000006185,1.1300000000001091,1.139999999999418,2.5700000000006185,0.0005698574247767397,1,4.8400000000001455,0.5309917344402115,8,0,4,0.0,1.0,0.0,0.8660254037844387,-0.4999999999999998
2025-12-26 08:15:00,4512.47,4518.67,4512.38,4518.36,2669,33,0,5.889999999999418,0.3100000000004002,0.09000000000014552,5.889999999999418,0.001305271835602102,1,6.289999999999964,0.9364069937417142,8,15,4,0.0,1.0,0.0,0.8660254037844387,-0.4999999999999998
2025-12-26 08:30:00,4518.43,4519.32,4514.82,4518.52,3855,33,0,0.09000000000014552,0.7999999999992724,3.610000000000582,0.16000000000076398,3.541107835603272e-05,1,4.5,0.019999999955587894,8,30,4,0.0,1.0,0.0,0.8660254037844387,-0.4999999999999998
2025-12-26 08:45:00,4518.52,4518.52,4507.98,4511.59,4241,33,0,6.930000000000291,0.0,3.610000000000582,-6.930000000000291,-0.0015336880217416964,-1,10.540000000000873,0.6574952555431465,8,45,4,0.0,1.0,0.0,0.8660254037844387,-0.4999999999999998
2025-12-26 09:00:00,4511.59,4515.12,4510.68,4514.35,2338,33,0,2.7600000000002183,0.7699999999995271,0.9099999999998545,2.7600000000002183,0.0006117577173458178,1,4.4399999999996,0.6216216202216781,9,0,4,0.0,1.0,0.0,0.7071067811865476,-0.7071067811865475
2025-12-26 09:15:00,4514.34,4515.56,4508.11,4509.28,2744,33,0,5.0600000000004,1.2200000000002547,1.1700000000000728,-5.0700000000006185,-0.0011230852725199903,-1,7.450000000000728,0.6791946299607999,9,15,4,0.0,1.0,0.0,0.7071067811865476,-0.7071067811865475
2025-12-26 09:30:00,4509.3,4512.9,4508.05,4508.33,2059,33,0,0.9700000000002547,3.5999999999994543,0.27999999999974534,-0.9499999999998181,-0.00021067664904370946,-1,4.849999999999454,0.19999999958770387,9,30,4,0.0,1.0,0.0,0.7071067811865476,-0.7071067811865475
2025-12-26 09:45:00,4508.33,4511.33,4506.81,4510.95,2600,33,0,2.619999999999891,0.38000000000010914,1.519999999999527,2.619999999999891,0.000581146455561126,1,4.519999999999527,0.5796460164167488,9,45,4,0.0,1.0,0.0,0.7071067811865476,-0.7071067811865475
2025-12-26 10:00:00,4510.98,4514.63,4509.57,4514.63,2090,33,0,3.6500000000005457,0.0,1.4099999999998545,3.680000000000291,0.0008157926822510317,1,5.0600000000004,0.7213438720922566,10,0,4,0.0,1.0,0.0,0.49999999999999994,-0.8660254037844387
2025-12-26 10:15:00,4514.69,4517.2,4514.11,4514.92,1758,33,0,0.23000000000047294,2.2799999999997453,0.5799999999999272,0.2899999999999636,6.423560734765941e-05,1,3.0900000000001455,0.07443365671719274,10,15,4,0.0,1.0,0.0,0.49999999999999994,-0.8660254037844387
2025-12-26 10:30:00,4515.07,4517.19,4513.18,4514.48,2016,33,0,0.5900000000001455,2.119999999999891,1.2999999999992724,-0.4400000000005093,-9.745466143375947e-05,-1,4.009999999999309,0.14713216920920835,10,30,4,0.0,1.0,0.0,0.49999999999999994,-0.8660254037844387
2025-12-26 10:45:00,4514.42,4519.35,4514.05,4518.66,2614,33,0,4.239999999999782,0.6900000000005093,0.36999999999989086,4.180000000000291,0.000925909517818285,1,5.300000000000182,0.7999999984904974,10,45,4,0.0,1.0,0.0,0.49999999999999994,-0.8660254037844387
2025-12-26 11:00:00,4518.75,4520.42,4515.09,4515.84,2260,33,0,2.9099999999998545,1.6700000000000728,0.75,-2.819999999999709,-0.0006240788198270525,-1,5.329999999999927,0.5459662278687114,11,0,4,0.0,1.0,0.0,0.258819045102521,-0.9659258262890682
2025-12-26 11:15:00,4515.89,4518.75,4515.07,4517.26,1688,33,0,1.3699999999998909,1.4899999999997817,0.8200000000006185,1.4200000000000728,0.0003144486961451408,1,3.680000000000291,0.37228260768395555,11,15,4,0.0,1.0,0.0,0.258819045102521,-0.9659258262890682
2025-12-26 11:30:00,4517.26,4518.28,4512.9,4513.64,1664,33,0,3.619999999999891,1.019999999999527,0.7400000000006912,-3.619999999999891,-0.0008013707424411902,-1,5.380000000000109,0.6728624522808909,11,30,4,0.0,1.0,0.0,0.258819045102521,-0.9659258262890682
2025-12-26 11:45:00,4513.68,4515.11,4511.77,4512.7,1775,33,0,0.9800000000004729,1.4299999999993815,0.9299999999993815,-0.9400000000005093,-0.0002082576368519663,-1,3.339999999999236,0.29341317277442075,11,45,4,0.0,1.0,0.0,0.258819045102521,-0.9659258262890682
2025-12-26 12:00:00,4512.7,4519.45,4512.07,4518.75,1808,33,0,6.050000000000182,0.6999999999998181,0.6300000000001091,6.050000000000182,0.0013406608017373595,1,7.380000000000109,0.8197831967211735,12,0,4,0.0,1.0,0.0,1.2246467991473532e-16,-1.0
2025-12-26 12:15:00,4518.8,4523.57,4516.93,4520.67,2296,33,0,1.8699999999998909,2.899999999999636,1.8699999999998909,1.9200000000000728,0.0004248962655601821,1,6.639999999999418,0.2816265055999683,12,15,4,0.0,1.0,0.0,1.2246467991473532e-16,-1.0
2025-12-26 12:30:00,4520.69,4522.08,4514.12,4515.24,3071,33,0,5.449999999999818,1.3900000000003274,1.1199999999998909,-5.430000000000291,-0.0012011493871484295,-1,7.960000000000036,0.6846733659740024,12,30,4,0.0,1.0,0.0,1.2246467991473532e-16,-1.0
2025-12-26 12:45:00,4515.18,4515.53,4511.25,4514.36,2110,33,0,0.8200000000006185,0.3499999999994543,3.1099999999996726,-0.8800000000001091,-0.00019489550943030916,-1,4.279999999999745,0.19158878459924752,12,45,4,0.0,1.0,0.0,1.2246467991473532e-16,-1.0
2025-12-26 13:00:00,4514.36,4515.12,4503.43,4509.94,3040,33,0,4.420000000000073,0.7600000000002183,6.509999999999309,-4.420000000000073,-0.000979097812314497,-1,11.6899999999996,0.37810094065177197,13,0,4,0.0,1.0,0.0,-0.2588190451025208,-0.9659258262890683
2025-12-26 13:15:00,4509.83,4512.05,4503.83,4505.25,3376,33,0,4.579999999999927,2.2200000000002547,1.4200000000000728,-4.6899999999996,-0.0010399251431282013,-1,8.220000000000255,0.5571776148939184,13,15,4,0.0,1.0,0.0,-0.2588190451025208,-0.9659258262890683
2025-12-26 13:30:00,4505.3,4509.15,4503.46,4507.7,3317,33,0,2.399999999999636,1.449999999999818,1.8400000000001455,2.449999999999818,0.0005438099994450515,1,5.6899999999996,0.42179261788785216,13,30,4,0.0,1.0,0.0,-0.2588190451025208,-0.9659258262890683
2025-12-26 13:45:00,4507.68,4509.75,4502.95,4509.74,3037,33,0,2.0599999999994907,0.010000000000218279,4.730000000000473,2.0399999999999636,0.0004525589546775437,1,6.800000000000182,0.3029411760250035,13,45,4,0.0,1.0,0.0,-0.2588190451025208,-0.9659258262890683
2025-12-26 14:00:00,4509.71,4511.08,4506.96,4510.67,2896,33,0,0.9600000000000364,0.4099999999998545,2.75,0.930000000000291,0.0002062203142532144,1,4.119999999999891,0.23300970817232153,14,0,4,0.0,1.0,0.0,-0.4999999999999997,-0.8660254037844388
2025-12-26 14:15:00,4510.7,4512.54,4508.33,4511.73,2484,33,0,1.0299999999997453,0.8100000000004002,2.369999999999891,1.0599999999994907,0.0002349983483605519,1,4.210000000000036,0.24465558136655122,14,15,4,0.0,1.0,0.0,-0.4999999999999997,-0.8660254037844388
2025-12-26 14:30:00,4511.75,4514.66,4511.75,4512.64,2151,33,0,0.8900000000003274,2.019999999999527,0.0,0.910000000000764,0.00020169646676568946,1,2.9099999999998545,0.30584192334775007,14,30,4,0.0,1.0,0.0,-0.4999999999999997,-0.8660254037844388
2025-12-26 14:45:00,4512.65,4513.98,4506.6,4508.64,1998,33,0,4.009999999999309,1.3299999999999272,2.0399999999999636,-4.0,-0.0008863990923273294,-1,7.3799999999992,0.5433604328680406,14,45,4,0.0,1.0,0.0,-0.4999999999999997,-0.8660254037844388
2025-12-26 15:00:00,4508.26,4515.06,4503.56,4514.47,4253,33,0,6.210000000000036,0.5900000000001455,4.699999999999818,5.829999999999927,0.001293072855672648,1,11.5,0.5399999995304379,15,0,4,0.0,1.0,0.0,-0.7071067811865471,-0.7071067811865479
2025-12-26 15:15:00,4514.55,4519.61,4512.82,4517.77,3964,33,0,3.2200000000002547,1.839999999999236,1.730000000000473,3.300000000000182,0.0007309828174736307,1,6.789999999999964,0.47422680342533197,15,15,4,0.0,1.0,0.0,-0.7071067811865471,-0.7071067811865479
2025-12-26 15:30:00,4517.82,4528.51,4517.76,4521.71,4285,33,0,3.8900000000003274,6.800000000000182,0.05999999999949068,3.9399999999996,0.0008721116834189432,1,10.75,0.36186046477969513,15,30,4,0.0,1.0,0.0,-0.7071067811865471,-0.7071067811865479
2025-12-26 15:45:00,4521.79,4525.81,4515.08,4525.07,4559,33,0,3.2799999999997453,0.7400000000006912,6.710000000000036,3.3599999999996726,0.0007430817102378686,1,10.730000000000473,0.3056849950552424,15,45,4,0.0,1.0,0.0,-0.7071067811865471,-0.7071067811865479
2025-12-26 16:00:00,4525.13,4526.83,4522.24,4525.3,3591,33,0,0.17000000000007276,1.5299999999997453,2.8900000000003274,0.23000000000047294,5.0827942993251586e-05,1,4.5900000000001455,0.037037036956361,16,0,4,0.0,0.0,1.0,-0.8660254037844384,-0.5000000000000004
2025-12-26 16:15:00,4525.51,4529.89,4523.0,4529.49,3614,33,0,3.9799999999995634,0.4000000000005457,2.5100000000002183,4.1899999999996,0.0009259054648309724,1,6.890000000000327,0.5776487654895336,16,15,4,0.0,0.0,1.0,-0.8660254037844384,-0.5000000000000004
2025-12-26 16:30:00,4529.55,4533.57,4518.79,4520.89,6115,34,0,8.659999999999854,4.019999999999527,2.100000000000364,-8.599999999999454,-0.0018986685035179357,-1,14.779999999999745,0.5859269278850293,16,30,4,0.0,0.0,1.0,-0.8660254037844384,-0.5000000000000004
2025-12-26 16:45:00,4521.3,4526.52,4512.92,4521.02,5594,33,0,0.27999999999974534,5.220000000000255,8.100000000000364,0.13000000000010914,2.875539993233835e-05,-1,13.600000000000364,0.020588235278959963,16,45,4,0.0,0.0,1.0,-0.8660254037844384,-0.5000000000000004
2025-12-26 17:00:00,4521.02,4530.28,4519.54,4526.81,5454,33,0,5.789999999999964,3.469999999999345,1.480000000000473,5.789999999999964,0.0012806844473149783,1,10.739999999999782,0.5391061447494432,17,0,4,0.0,0.0,1.0,-0.9659258262890683,-0.25881904510252063
2025-12-26 17:15:00,4526.86,4533.89,4525.79,4533.29,4458,33,0,6.430000000000291,0.6000000000003638,1.069999999999709,6.479999999999563,0.0014314716102508307,1,8.100000000000364,0.7938271595137938,17,15,4,0.0,0.0,1.0,-0.9659258262890683,-0.25881904510252063
2025-12-26 17:30:00,4533.29,4545.51,4531.92,4537.91,4943,33,0,4.619999999999891,7.600000000000364,1.3699999999998909,4.619999999999891,0.001019127388717662,1,13.590000000000146,0.33995584963946157,17,30,4,0.0,0.0,1.0,-0.9659258262890683,-0.25881904510252063
2025-12-26 17:45:00,4538.03,4547.3,4537.33,4546.61,4895,33,0,8.579999999999927,0.6900000000005093,0.6999999999998181,8.699999999999818,0.0019171821389141297,1,9.970000000000255,0.8605817443725066,17,45,4,0.0,0.0,1.0,-0.9659258262890683,-0.25881904510252063
2025-12-26 18:00:00,4546.56,4549.73,4534.77,4538.88,4789,33,0,7.680000000000291,3.1699999999991633,4.109999999999673,-7.729999999999563,-0.0017001678173407361,-1,14.959999999999127,0.5133689836141075,18,0,4,0.0,0.0,1.0,-1.0,-1.8369701987210297e-16
2025-12-26 18:15:00,4538.74,4546.87,4537.05,4545.73,4564,33,0,6.989999999999782,1.1400000000003274,1.6899999999995998,6.849999999999454,0.001509182882120579,1,9.819999999999709,0.7118126265663811,18,15,4,0.0,0.0,1.0,-1.0,-1.8369701987210297e-16
2025-12-26 18:30:00,4545.72,4546.11,4538.99,4539.52,3226,33,0,6.199999999999818,0.3899999999994179,0.5300000000006548,-6.209999999999127,-0.0013661172132966822,-1,7.119999999999891,0.8707865156309056,18,30,4,0.0,0.0,1.0,-1.0,-1.8369701987210297e-16
2025-12-26 18:45:00,4539.57,4543.3,4531.21,4536.32,4506,33,0,3.25,3.730000000000473,5.109999999999673,-3.2000000000007276,-0.0007049203440012881,-1,12.090000000000146,0.2688172040787253,18,45,4,0.0,0.0,1.0,-1.0,-1.8369701987210297e-16
2025-12-26 19:00:00,4536.35,4537.45,4525.58,4526.15,3571,35,0,10.200000000000728,1.0999999999994543,0.569999999999709,-10.170000000000073,-0.002241905332957127,-1,11.86999999999989,0.8593091820899519,19,0,4,0.0,0.0,1.0,-0.9659258262890684,0.2588190451025203
2025-12-26 19:15:00,4526.22,4528.22,4516.87,4518.13,4076,36,0,8.090000000000146,2.0,1.2600000000002183,-8.019999999999527,-0.001771925367033688,-1,11.350000000000364,0.7127753297684698,19,15,4,0.0,0.0,1.0,-0.9659258262890684,0.2588190451025203
2025-12-26 19:30:00,4518.16,4520.46,4510.05,4516.37,5044,33,0,1.7899999999999636,2.300000000000182,6.319999999999709,-1.7600000000002183,-0.0003895416909208496,-1,10.409999999999854,0.1719500478655608,19,30,4,0.0,0.0,1.0,-0.9659258262890684,0.2588190451025203
2025-12-26 19:45:00,4516.37,4524.7,4512.32,4519.0,4851,33,0,2.630000000000109,5.699999999999818,4.050000000000182,2.630000000000109,0.0005823260716017752,1,12.38000000000011,0.21243941824520934,19,45,4,0.0,0.0,1.0,-0.9659258262890684,0.2588190451025203
2025-12-26 20:00:00,4518.8,4521.38,4514.89,4517.71,4278,33,0,1.0900000000001455,2.5799999999999272,2.819999999999709,-1.2899999999999636,-0.0002854613852622181,-1,6.489999999999782,0.16795069311566646,20,0,4,0.0,0.0,1.0,-0.8660254037844386,0.5000000000000001
2025-12-26 20:15:00,4517.71,4524.56,4516.07,4519.04,4268,33,0,1.3299999999999272,5.520000000000437,1.6400000000003274,1.3299999999999272,0.0002943969400426161,1,8.490000000000691,0.15665488791911306,20,15,4,0.0,0.0,1.0,-0.8660254037844386,0.5000000000000001
2025-12-26 20:30:00,4519.11,4530.37,4516.21,4529.61,4631,33,0,10.5,0.7600000000002183,2.899999999999636,10.569999999999709,0.0023389923523579586,1,14.159999999999854,0.741525423205145,20,30,4,0.0,0.0,1.0,-0.8660254037844386,0.5000000000000001
2025-12-26 20:45:00,4529.69,4532.67,4527.66,4530.86,3553,33,0,1.1700000000000728,1.8100000000004002,2.0299999999997453,1.25,0.0002759619481588923,1,5.010000000000218,0.2335329336656073,20,45,4,0.0,0.0,1.0,-0.8660254037844386,0.5000000000000001
2025-12-26 21:00:00,4530.94,4534.12,4524.69,4533.58,3267,33,0,2.6400000000003274,0.5399999999999636,6.25,2.7200000000002547,0.0006003275316386414,1,9.430000000000291,0.27995758188766384,21,0,4,0.0,0.0,1.0,-0.7071067811865477,0.7071067811865474
2025-12-26 21:15:00,4533.58,4535.6,4528.85,4529.74,3318,33,0,3.8400000000001455,2.0200000000004366,0.8899999999994179,-3.8400000000001455,-0.0008470127360717458,-1,6.75,0.5688888880461122,21,15,4,0.0,0.0,1.0,-0.7071067811865477,0.7071067811865474
2025-12-26 21:30:00,4529.49,4530.18,4521.87,4525.29,2915,33,0,4.199999999999818,0.6900000000005093,3.4200000000000728,-4.449999999999818,-0.0009823963406287819,-1,8.3100000000004,0.5054151618466262,21,30,4,0.0,0.0,1.0,-0.7071067811865477,0.7071067811865474
2025-12-26 21:45:00,4525.35,4526.9,4519.93,4523.84,3186,33,0,1.5100000000002183,1.5499999999992724,3.9099999999998545,-1.449999999999818,-0.0003204214536526539,-1,6.969999999999345,0.21664275435207067,21,45,4,0.0,0.0,1.0,-0.7071067811865477,0.7071067811865474
2025-12-26 22:00:00,4523.83,4534.01,4523.09,4532.94,4413,33,0,9.109999999999673,1.0700000000006185,0.7399999999997817,9.099999999999454,0.0020115653957698447,1,10.920000000000073,0.8342490834850843,22,0,4,0.0,0.0,1.0,-0.5000000000000004,0.8660254037844384
2025-12-26 22:15:00,4533.04,4535.83,4521.57,4523.45,3213,40,0,9.590000000000146,2.7899999999999636,1.8800000000001091,-9.489999999999782,-0.00209356400040587,-1,14.260000000000218,0.672510518462475,22,15,4,0.0,0.0,1.0,-0.5000000000000004,0.8660254037844384
2025-12-26 22:30:00,4523.31,4531.28,4522.75,4530.49,3001,37,0,7.1799999999993815,0.7899999999999636,0.5600000000004002,7.039999999999964,0.0015563342139296255,1,8.529999999999745,0.8417350517681412,22,30,4,0.0,0.0,1.0,-0.5000000000000004,0.8660254037844384
2025-12-26 22:45:00,4530.49,4533.36,4525.61,4531.12,3169,36,0,0.6300000000001091,2.2399999999997817,4.880000000000109,0.6300000000001091,0.00013905780610929704,1,7.75,0.0812903224757685,22,45,4,0.0,0.0,1.0,-0.5000000000000004,0.8660254037844384
2025-12-26 23:00:00,4531.11,4532.99,4526.87,4528.28,2495,34,0,2.8299999999999272,1.8800000000001091,1.4099999999998545,-2.8400000000001455,-0.0006267766026942887,-1,6.119999999999891,0.4624182998980057,23,0,4,0.0,0.0,1.0,-0.25881904510252157,0.9659258262890681
2025-12-26 23:15:00,4528.28,4532.71,4528.14,4531.18,2226,34,0,2.9000000000005457,1.5299999999997453,0.13999999999941792,2.9000000000005457,0.0006404197620289703,1,4.569999999999709,0.634573302769146,23,15,4,0.0,0.0,1.0,-0.25881904510252157,0.9659258262890681
2025-12-26 23:30:00,4531.17,4534.47,4529.27,4531.94,2152,40,0,0.7699999999995271,2.530000000000655,1.8999999999996362,0.7599999999993088,0.00016772672901966128,1,5.199999999999818,0.148076922792074,23,30,4,0.0,0.0,1.0,-0.25881904510252157,0.9659258262890681
2025-12-26 23:45:00,4532.06,4533.55,4529.18,4531.97,1310,93,0,0.09000000000014552,1.4899999999997817,2.7899999999999636,0.030000000000654836,6.619681637588944e-06,-1,4.369999999999891,0.020594965627962956,23,45,4,0.0,0.0,1.0,-0.25881904510252157,0.9659258262890681
2025-12-29 01:00:00,4538.96,4549.67,4522.88,4533.65,3304,41,0,5.3100000000004,10.710000000000036,10.769999999999527,1.6799999999993815,0.0003706997177826379,-1,26.789999999999964,0.1982082866001614,1,0,0,1.0,0.0,0.0,0.25881904510252074,0.9659258262890683
2025-12-29 01:15:00,4533.6,4541.79,4532.37,4535.79,3092,41,0,2.1899999999996,6.0,1.230000000000473,2.1400000000003274,0.0004720258511354709,1,9.420000000000073,0.23248407618627834,1,15,0,1.0,0.0,0.0,0.25881904510252074,0.9659258262890683
2025-12-29 01:30:00,4535.79,4540.02,4530.56,4532.11,2756,40,0,3.680000000000291,4.230000000000473,1.5499999999992724,-3.680000000000291,-0.0008113250392986208,-1,9.460000000000036,0.389006342083532,1,30,0,1.0,0.0,0.0,0.25881904510252074,0.9659258262890683
2025-12-29 01:45:00,4532.06,4534.66,4525.46,4526.99,2433,38,0,5.0700000000006185,2.5999999999994543,1.5299999999997453,-5.119999999999891,-0.001129716622059017,-1,9.199999999999818,0.5510869559228097,1,45,0,1.0,0.0,0.0,0.25881904510252074,0.9659258262890683
2025-12-29 02:00:00,4527.32,4527.74,4514.3,4524.04,3849,33,0,3.2799999999997453,0.42000000000007276,9.739999999999782,-2.949999999999818,-0.0006516471209346206,-1,13.4399999999996,0.2440476188660243,2,0,0,1.0,0.0,0.0,0.49999999999999994,0.8660254037844387
2025-12-29 02:15:00,4524.04,4524.04,4481.89,4486.92,5605,33,0,37.11999999999989,0.0,5.029999999999745,-37.11999999999989,-0.008205055658216968,-1,42.149999999999636,0.8806642939784951,2,15,0,1.0,0.0,0.0,0.49999999999999994,0.8660254037844387
2025-12-29 02:30:00,4486.92,4503.23,4472.12,4489.48,4609,33,0,2.5599999999994907,13.75,14.800000000000182,2.5599999999994907,0.0005705472796482868,1,31.109999999999673,0.08228865313971813,2,30,0,1.0,0.0,0.0,0.49999999999999994,0.8660254037844387
2025-12-29 02:45:00,4489.48,4506.94,4489.23,4497.28,3607,33,0,7.800000000000182,9.659999999999854,0.25,7.800000000000182,0.0017373949767011286,1,17.710000000000036,0.4404291358326298,2,45,0,1.0,0.0,0.0,0.49999999999999994,0.8660254037844387
2025-12-29 03:00:00,4497.3,4514.48,4492.81,4512.22,5382,33,0,14.920000000000073,2.259999999999309,4.489999999999782,14.94000000000051,0.0033220079692615335,1,21.669999999999163,0.6885094597653694,3,0,0,1.0,0.0,0.0,0.7071067811865476,0.7071067811865476
2025-12-29 03:15:00,4512.21,4517.37,4496.05,4499.15,4737,33,0,13.0600000000004,5.1599999999998545,3.0999999999994543,-13.070000000000618,-0.0028965786242693436,-1,21.31999999999971,0.6125703561855007,3,15,0,1.0,0.0,0.0,0.7071067811865476,0.7071067811865476
2025-12-29 03:30:00,4499.12,4507.72,4492.12,4501.71,5231,33,0,2.5900000000001455,6.010000000000218,7.0,2.5600000000004,0.0005689963659803297,1,15.600000000000364,0.16602564091921979,3,30,0,1.0,0.0,0.0,0.7071067811865476,0.7071067811865476
2025-12-29 03:45:00,4501.71,4506.65,4494.86,4496.99,4318,33,0,4.720000000000255,4.9399999999996,2.130000000000109,-4.720000000000255,-0.0010484904625131905,-1,11.789999999999964,0.40033927022874266,3,45,0,1.0,0.0,0.0,0.7071067811865476,0.7071067811865476
2025-12-29 04:00:00,4496.97,4509.13,4496.13,4507.09,4284,33,0,10.11999999999989,2.0399999999999636,0.8400000000001455,10.100000000000364,0.002245946733259439,1,13.0,0.7784615378627134,4,0,0,1.0,0.0,0.0,0.8660254037844386,0.5000000000000001
2025-12-29 04:15:00,4507.01,4514.04,4504.17,4512.38,2889,33,0,5.369999999999891,1.6599999999998545,2.8400000000001455,5.289999999999964,0.0011737063160487061,1,9.86999999999989,0.5440729477770233,4,15,0,1.0,0.0,0.0,0.8660254037844386,0.5000000000000001
2025-12-29 04:30:00,4512.31,4515.37,4508.63,4511.63,3779,33,0,0.680000000000291,3.0599999999994907,3.0,-0.75,-0.0001662094061227113,-1,6.739999999999782,0.10089020756549125,4,30,0,1.0,0.0,0.0,0.8660254037844386,0.5000000000000001
2025-12-29 04:45:00,4511.62,4515.71,4509.25,4512.33,3310,33,0,0.7100000000000364,3.380000000000109,2.369999999999891,0.6999999999998181,0.00015515456719629447,1,6.460000000000036,0.10990712057290421,4,45,0,1.0,0.0,0.0,0.8660254037844386,0.5000000000000001
2025-12-29 05:00:00,4512.32,4518.8,4509.36,4515.22,3697,33,0,2.9000000000005457,3.5799999999999272,2.9600000000000364,2.8900000000003274,0.0006404673417060205,1,9.44000000000051,0.3072033895051224,5,0,0,1.0,0.0,0.0,0.9659258262890683,0.25881904510252074
2025-12-29 05:15:00,4515.22,4518.14,4512.16,4512.77,4535,33,0,2.449999999999818,2.9200000000000728,0.6100000000005821,-2.449999999999818,-0.0005426092194842815,-1,5.980000000000473,0.4096989959703402,5,15,0,1.0,0.0,0.0,0.9659258262890683,0.25881904510252074
2025-12-29 05:30:00,4512.78,4520.33,4512.78,4516.51,3163,33,0,3.730000000000473,3.819999999999709,0.0,3.7399999999997817,0.0008287592764532164,1,7.550000000000182,0.49403973444503124,5,30,0,1.0,0.0,0.0,0.9659258262890683,0.25881904510252074
2025-12-29 05:45:00,4516.56,4517.45,4513.51,4516.45,2406,33,0,0.11000000000058208,0.8899999999994179,2.9399999999996,-0.06000000000040018,-1.3284593635439793e-05,-1,3.9399999999996,0.027918781655179043,5,45,0,1.0,0.0,0.0,0.9659258262890683,0.25881904510252074
2025-12-29 06:00:00,4516.24,4516.77,4507.9,4515.01,3078,33,0,1.2299999999995634,0.5300000000006548,7.110000000000582,-1.4399999999995998,-0.00031883448283488133,-1,8.8700000000008,0.13866967289884505,6,0,0,1.0,0.0,0.0,1.0,6.123233995736766e-17
2025-12-29 06:15:00,4515.02,4515.96,4510.76,4514.08,2642,33,0,0.9400000000005093,0.9399999999995998,3.319999999999709,-0.930000000000291,-0.00020597961023348585,-1,5.199999999999818,0.1807692304217019,6,15,0,1.0,0.0,0.0,1.0,6.123233995736766e-17
2025-12-29 06:30:00,4514.11,4519.45,4512.94,4515.55,1825,33,0,1.4400000000005093,3.899999999999636,1.1700000000000728,1.4700000000002547,0.00032564775103681253,1,6.510000000000218,0.22119815634231635,6,30,0,1.0,0.0,0.0,1.0,6.123233995736766e-17
2025-12-29 06:45:00,4515.55,4516.27,4513.25,4515.62,2471,33,0,0.06999999999970896,0.6500000000005457,2.300000000000182,0.06999999999970896,1.550198757619979e-05,1,3.0200000000004366,0.023178807870169127,6,45,0,1.0,0.0,0.0,1.0,6.123233995736766e-17
2025-12-29 07:00:00,4515.45,4515.45,4509.81,4514.61,2771,33,0,0.8400000000001455,0.0,4.799999999999272,-1.0100000000002183,-0.0002236680677293967,-1,5.639999999999418,0.1489361699487359,7,0,0,1.0,0.0,0.0,0.9659258262890683,-0.25881904510252063
2025-12-29 07:15:00,4514.64,4515.81,4510.99,4513.92,1928,33,0,0.7200000000002547,1.1700000000000728,2.930000000000291,-0.6899999999995998,-0.00015283712214335233,-1,4.8200000000006185,0.1493775930511175,7,15,0,1.0,0.0,0.0,0.9659258262890683,-0.25881904510252063
2025-12-29 07:30:00,4513.96,4519.23,4512.08,4516.24,2870,33,0,2.2799999999997453,2.9899999999997817,1.8800000000001091,2.319999999999709,0.0005139656883594989,1,7.149999999999636,0.3188811184351119,7,30,0,1.0,0.0,0.0,0.9659258262890683,-0.25881904510252063
2025-12-29 07:45:00,4516.57,4517.49,4504.86,4506.32,3854,33,0,10.25,0.9200000000000728,1.4600000000000364,-9.920000000000073,-0.002196517456999644,-1,12.63000000000011,0.8115597776630493,7,45,0,1.0,0.0,0.0,0.9659258262890683,-0.25881904510252063
2025-12-29 08:00:00,4506.58,4510.61,4500.2,4505.86,4315,33,0,0.7200000000002547,4.029999999999745,5.6599999999998545,-0.4600000000000364,-0.00010207885813702454,-1,10.409999999999854,0.0691642650632682,8,0,0,0.0,1.0,0.0,0.8660254037844387,-0.4999999999999998
2025-12-29 08:15:00,4505.86,4507.02,4489.17,4490.62,4358,33,0,15.239999999999782,1.160000000000764,1.449999999999818,-15.239999999999782,-0.0033822622096558222,-1,17.850000000000364,0.8537815121267034,8,15,0,0.0,1.0,0.0,0.8660254037844387,-0.4999999999999998
2025-12-29 08:30:00,4490.55,4497.72,4484.55,4486.97,4586,33,0,3.5799999999999272,7.170000000000073,2.4200000000000728,-3.649999999999636,-0.0008128053587254402,-1,13.170000000000073,0.2718299162704334,8,30,0,0.0,1.0,0.0,0.8660254037844387,-0.4999999999999998
2025-12-29 08:45:00,4486.98,4487.71,4471.12,4475.07,4789,33,0,11.909999999999854,0.7300000000004729,3.949999999999818,-11.900000000000546,-0.0026521238162948596,-1,16.590000000000146,0.7179023503809961,8,45,0,0.0,1.0,0.0,0.8660254037844387,-0.4999999999999998
2025-12-29 09:00:00,4474.99,4476.09,4445.08,4473.31,5769,33,0,1.6799999999993815,1.1000000000003638,28.230000000000473,-1.7599999999993088,-0.0003932899373639538,-1,31.01000000000022,0.054176072217272137,9,0,0,0.0,1.0,0.0,0.7071067811865476,-0.7071067811865475
2025-12-29 09:15:00,4473.28,4481.73,4471.19,4471.29,3665,33,0,1.9899999999997817,8.449999999999818,0.1000000000003638,-2.0200000000004366,-0.0004515671840316089,-1,10.539999999999964,0.18880455390054487,9,15,0,0.0,1.0,0.0,0.7071067811865476,-0.7071067811865475
2025-12-29 09:30:00,4471.29,4479.48,4470.19,4473.41,3082,33,0,2.119999999999891,6.069999999999709,1.1000000000003638,2.119999999999891,0.000474136099425421,1,9.289999999999964,0.22820236789212867,9,30,0,0.0,1.0,0.0,0.7071067811865476,-0.7071067811865475
2025-12-29 09:45:00,4473.35,4478.6,4472.88,4474.53,3193,33,0,1.1799999999993815,4.0700000000006185,0.47000000000025466,1.1199999999998909,0.0002503682872797018,1,5.720000000000255,0.20629370593293567,9,45,0,0.0,1.0,0.0,0.7071067811865476,-0.7071067811865475
2025-12-29 10:00:00,4474.67,4485.7,4466.13,4483.81,4075,33,0,9.140000000000327,1.889999999999418,8.539999999999964,9.280000000000655,0.002073960840580051,1,19.56999999999971,0.4670413896438451,10,0,0,0.0,1.0,0.0,0.49999999999999994,-0.8660254037844387
2025-12-29 10:15:00,4483.8,4488.36,4479.86,4479.88,3179,33,0,3.9200000000000728,4.559999999999491,0.020000000000436557,-3.930000000000291,-0.0008764867378413204,-1,8.5,0.46117647004568324,10,15,0,0.0,1.0,0.0,0.49999999999999994,-0.8660254037844387
2025-12-29 10:30:00,4479.88,4480.64,4469.41,4469.94,4027,33,0,9.94000000000051,0.7600000000002183,0.5299999999997453,-9.94000000000051,-0.002218809432395624,-1,11.230000000000473,0.8851291176445947,10,30,0,0.0,1.0,0.0,0.49999999999999994,-0.8660254037844387
2025-12-29 10:45:00,4470.05,4471.77,4452.44,4461.0,4283,33,0,9.050000000000182,1.7200000000002547,8.5600000000004,-8.9399999999996,-0.0020000268459978436,-1,19.330000000000837,0.4681841694422115,10,45,0,0.0,1.0,0.0,0.49999999999999994,-0.8660254037844387
2025-12-29 11:00:00,4460.98,4467.72,4458.99,4467.43,4353,33,0,6.450000000000728,0.2899999999999636,1.9899999999997817,6.430000000000291,0.0014413808563103097,1,8.730000000000473,0.7388316142740048,11,0,0,0.0,1.0,0.0,0.258819045102521,-0.9659258262890682
2025-12-29 11:15:00,4467.28,4468.68,4462.09,4465.97,2910,33,0,1.3099999999994907,1.4000000000005457,3.880000000000109,-1.4600000000000364,-0.0003268098213066654,-1,6.5900000000001455,0.19878603915198806,11,15,0,0.0,1.0,0.0,0.258819045102521,-0.9659258262890682
2025-12-29 11:30:00,4465.99,4475.53,4460.15,4475.5,3057,33,0,9.510000000000218,0.02999999999974534,5.8400000000001455,9.529999999999745,0.0021339149165802156,1,15.38000000000011,0.6183355002481662,11,30,0,0.0,1.0,0.0,0.258819045102521,-0.9659258262890682
2025-12-29 11:45:00,4475.49,4476.01,4468.96,4472.0,2417,33,0,3.4899999999997817,0.5200000000004366,3.0399999999999636,-3.5,-0.000782035526756787,-1,7.050000000000182,0.4950354602906861,11,45,0,0.0,1.0,0.0,0.258819045102521,-0.9659258262890682
2025-12-29 12:00:00,4471.99,4474.39,4468.77,4471.06,2627,33,0,0.9299999999993815,2.4000000000005457,2.2899999999999636,-0.9399999999995998,-0.00021019677996413235,-1,5.619999999999891,0.16548042675170735,12,0,0,0.0,1.0,0.0,1.2246467991473532e-16,-1.0
2025-12-29 12:15:00,4471.02,4472.24,4462.52,4462.55,2668,33,0,8.470000000000255,1.2199999999993452,0.02999999999974534,-8.510000000000218,-0.0019033517778782251,-1,9.719999999999345,0.8713991760583162,12,15,0,0.0,1.0,0.0,1.2246467991473532e-16,-1.0
2025-12-29 12:30:00,4462.51,4463.64,4457.01,4459.91,3353,33,0,2.600000000000364,1.1300000000001091,2.899999999999636,-2.6400000000003274,-0.0005915900101960375,-1,6.630000000000109,0.39215686215365797,12,30,0,0.0,1.0,0.0,1.2246467991473532e-16,-1.0
2025-12-29 12:45:00,4459.91,4463.22,4458.46,4460.87,2804,33,0,0.9600000000000364,2.350000000000364,1.449999999999818,0.9600000000000364,0.00021525098040095795,1,4.760000000000218,0.20168067184520708,12,45,0,0.0,1.0,0.0,1.2246467991473532e-16,-1.0
2025-12-29 13:00:00,4460.87,4460.95,4455.86,4458.28,2597,33,0,2.5900000000001455,0.07999999999992724,2.4200000000000728,-2.5900000000001455,-0.0005806042319099515,-1,5.0900000000001455,0.5088408634404052,13,0,0,0.0,1.0,0.0,-0.2588190451025208,-0.9659258262890683
2025-12-29 13:15:00,4458.28,4467.59,4457.75,4465.18,2384,33,0,6.900000000000546,2.4099999999998545,0.5299999999997453,6.900000000000546,0.001547682065729507,1,9.840000000000146,0.7012195114825456,13,15,0,0.0,1.0,0.0,-0.2588190451025208,-0.9659258262890683
2025-12-29 13:30:00,4465.11,4465.73,4434.17,4452.89,3456,33,0,12.219999999999345,0.6199999999998909,18.720000000000255,-12.289999999999964,-0.002752408637501727,-1,31.55999999999949,0.38719898593560054,13,30,0,0.0,1.0,0.0,-0.2588190451025208,-0.9659258262890683
2025-12-29 13:45:00,4452.94,4453.23,4441.57,4446.71,4597,33,0,6.229999999999563,0.2899999999999636,5.140000000000327,-6.180000000000291,-0.0013878627138780187,-1,11.659999999999854,0.5343053168659166,13,45,0,0.0,1.0,0.0,-0.2588190451025208,-0.9659258262890683
2025-12-29 14:00:00,4446.67,4456.22,4445.56,4452.57,3968,33,0,5.899999999999636,3.6500000000005457,1.1099999999996726,5.859999999999673,0.001317828237056087,1,10.659999999999854,0.5534709188053477,14,0,0,0.0,1.0,0.0,-0.4999999999999997,-0.8660254037844388
2025-12-29 14:15:00,4452.62,4457.01,4451.68,4456.66,2765,33,0,4.039999999999964,0.3500000000003638,0.9399999999995998,4.0900000000001455,0.0009185706232580612,1,5.329999999999927,0.7579737321614036,14,15,0,0.0,1.0,0.0,-0.4999999999999997,-0.8660254037844388
2025-12-29 14:30:00,4456.52,4464.3,4454.63,4462.25,2736,33,0,5.729999999999563,2.050000000000182,1.8900000000003274,5.5900000000001455,0.001254302549442889,1,9.670000000000073,0.5925542910107525,14,30,0,0.0,1.0,0.0,-0.4999999999999997,-0.8660254037844388
2025-12-29 14:45:00,4462.23,4464.57,4460.5,4464.28,3272,33,0,2.050000000000182,0.2899999999999636,1.7299999999995634,2.0299999999997453,0.00045492744691573656,1,4.069999999999709,0.5036855024480279,14,45,0,0.0,1.0,0.0,-0.4999999999999997,-0.8660254037844388
2025-12-29 15:00:00,4464.35,4467.43,4456.67,4457.69,4776,33,0,6.660000000000764,3.0799999999999272,1.019999999999527,-6.5900000000001455,-0.0014761618894872511,-1,10.760000000000218,0.618959107231509,15,0,0,0.0,1.0,0.0,-0.7071067811865471,-0.7071067811865479
2025-12-29 15:15:00,4457.76,4459.83,4445.26,4451.57,4815,33,0,6.190000000000509,2.069999999999709,6.309999999999491,-6.119999999999891,-0.0013729083897713594,-1,14.569999999999709,0.42484557280385565,15,15,0,0.0,1.0,0.0,-0.7071067811865471,-0.7071067811865479
2025-12-29 15:30:00,4451.57,4454.71,4425.07,4429.43,5640,33,0,22.139999999999418,3.1400000000003274,4.360000000000582,-22.139999999999418,-0.004973526194129132,-1,29.640000000000327,0.7469635625009965,15,30,0,0.0,1.0,0.0,-0.7071067811865471,-0.7071067811865479
2025-12-29 15:45:00,4429.43,4429.43,4406.78,4421.47,5910,33,0,7.960000000000036,0.0,14.69000000000051,-7.960000000000036,-0.00179707095495358,-1,22.650000000000546,0.3514348784320307,15,45,0,0.0,1.0,0.0,-0.7071067811865471,-0.7071067811865479
2025-12-29 16:00:00,4421.47,4421.47,4386.17,4398.54,6498,33,0,22.93000000000029,0.0,12.36999999999989,-22.93000000000029,-0.005186058030474093,-1,35.30000000000018,0.6495750706375191,16,0,0,0.0,0.0,1.0,-0.8660254037844384,-0.5000000000000004
2025-12-29 16:15:00,4398.6,4405.62,4386.94,4389.72,5192,33,0,8.88000000000011,7.019999999999527,2.780000000000655,-8.819999999999709,-0.002005210819953828,-1,18.68000000000029,0.47537473207956227,16,15,0,0.0,0.0,1.0,-0.8660254037844384,-0.5000000000000004
2025-12-29 16:30:00,4389.78,4389.78,4356.52,4373.35,7343,33,0,16.42999999999938,0.0,16.829999999999927,-16.36999999999989,-0.003729167236179048,-1,33.25999999999931,0.49398677074744,16,30,0,0.0,0.0,1.0,-0.8660254037844384,-0.5000000000000004
2025-12-29 16:45:00,4373.32,4384.56,4358.66,4360.06,6661,33,0,13.259999999999309,11.240000000000691,1.4000000000005457,-13.289999999999964,-0.0030388603701967513,-1,25.900000000000546,0.511969111771403,16,45,0,0.0,0.0,1.0,-0.8660254037844384,-0.5000000000000004
2025-12-29 17:00:00,4360.13,4360.55,4328.37,4342.86,6815,33,0,17.270000000000437,0.42000000000007276,14.489999999999782,-17.200000000000728,-0.003944899840828045,-1,32.18000000000029,0.536668738180037,17,0,0,0.0,0.0,1.0,-0.9659258262890683,-0.25881904510252063
2025-12-29 17:15:00,4342.88,4342.88,4301.54,4319.75,6244,33,0,23.13000000000011,0.0,18.210000000000036,-23.109999999999673,-0.005321378078040663,-1,41.340000000000146,0.5595065310693024,17,15,0,0.0,0.0,1.0,-0.9659258262890683,-0.25881904510252063
2025-12-29 17:30:00,4319.7,4336.64,4316.8,4331.21,6148,33,0,11.510000000000218,5.430000000000291,2.899999999999636,11.460000000000036,0.0026529313038949095,1,19.840000000000146,0.5801411287398549,17,30,0,0.0,0.0,1.0,-0.9659258262890683,-0.25881904510252063
2025-12-29 17:45:00,4331.23,4339.61,4322.41,4325.15,5024,33,0,6.079999999999927,8.38000000000011,2.7399999999997817,-6.0600000000004,-0.0013991471205507006,-1,17.199999999999818,0.35348837188750626,17,45,0,0.0,0.0,1.0,-0.9659258262890683,-0.25881904510252063
2025-12-29 18:00:00,4325.13,4342.67,4323.28,4333.62,5330,33,0,8.489999999999782,9.050000000000182,1.8500000000003638,8.470000000000255,0.0019583135845000184,1,19.390000000000327,0.43785456398252154,18,0,0,0.0,0.0,1.0,-1.0,-1.8369701987210297e-16
2025-12-29 18:15:00,4333.7,4337.58,4324.12,4334.08,5197,33,0,0.38000000000010914,3.5,9.579999999999927,0.4600000000000364,0.00010614682413318113,1,13.460000000000036,0.0282317978987957,18,15,0,0.0,0.0,1.0,-1.0,-1.8369701987210297e-16
2025-12-29 18:30:00,4333.98,4342.18,4328.89,4334.92,4811,33,0,0.9400000000005093,7.260000000000218,5.089999999999236,0.8400000000001455,0.0001938127584170448,1,13.289999999999964,0.07072987203109203,18,30,0,0.0,0.0,1.0,-1.0,-1.8369701987210297e-16
2025-12-29 18:45:00,4334.77,4347.43,4334.55,4341.66,4370,33,0,6.889999999999418,5.770000000000437,0.22000000000025466,6.739999999999782,0.0015548153137773665,1,12.88000000000011,0.5349378877833836,18,45,0,0.0,0.0,1.0,-1.0,-1.8369701987210297e-16
2025-12-29 19:00:00,4341.66,4342.95,4325.86,4330.1,4635,33,0,11.55999999999949,1.2899999999999636,4.240000000000691,-11.55999999999949,-0.002662576065375799,-1,17.090000000000146,0.6764189580594033,19,0,0,0.0,0.0,1.0,-0.9659258262890684,0.2588190451025203
2025-12-29 19:15:00,4329.94,4333.52,4322.53,4329.28,3879,33,0,0.6599999999998545,3.5800000000008367,6.75,-0.8200000000006185,-0.00018937206992924375,-1,10.990000000000691,0.060054595031780435,19,15,0,0.0,0.0,1.0,-0.9659258262890684,0.2588190451025203
2025-12-29 19:30:00,4329.3,4329.95,4315.01,4319.77,4190,33,0,9.529999999999745,0.6499999999996362,4.760000000000218,-9.509999999999309,-0.0021966701160468505,-1,14.9399999999996,0.6378848723976674,19,30,0,0.0,0.0,1.0,-0.9659258262890684,0.2588190451025203
2025-12-29 19:45:00,4319.77,4329.34,4319.61,4328.02,3393,33,0,8.25,1.319999999999709,0.16000000000076398,8.25,0.0019098239026614841,1,9.730000000000473,0.8478931132087016,19,45,0,0.0,0.0,1.0,-0.9659258262890684,0.2588190451025203
2025-12-29 20:00:00,4328.01,4333.4,4325.81,4329.61,4594,33,0,1.5999999999994543,3.7899999999999636,2.199999999999818,1.589999999999236,0.00036737353339384656,1,7.589999999999236,0.21080368878676922,20,0,0,0.0,0.0,1.0,-0.8660254037844386,0.5000000000000001
2025-12-29 20:15:00,4329.8,4334.51,4322.8,4327.61,4725,33,0,2.1900000000005093,4.710000000000036,4.809999999999491,-2.0,-0.00046193537062229627,-1,11.710000000000036,0.18701964117252826,20,15,0,0.0,0.0,1.0,-0.8660254037844386,0.5000000000000001
2025-12-29 20:30:00,4327.52,4334.2,4326.23,4330.35,2576,33,0,2.8299999999999272,3.8499999999994543,1.2900000000008731,2.740000000000691,0.0006331439293283571,1,7.970000000000255,0.3550815553888358,20,30,0,0.0,0.0,1.0,-0.8660254037844386,0.5000000000000001
2025-12-29 20:45:00,4330.35,4332.09,4327.91,4331.3,2072,33,0,0.9499999999998181,0.7899999999999636,2.4400000000005093,0.9499999999998181,0.00021938180516582216,1,4.180000000000291,0.22727272672895327,20,45,0,0.0,0.0,1.0,-0.8660254037844386,0.5000000000000001
2025-12-29 21:00:00,4331.63,4335.34,4327.54,4335.12,2625,33,0,3.4899999999997817,0.22000000000025466,4.0900000000001455,3.819999999999709,0.0008819523006948742,1,7.800000000000182,0.44743589686222324,21,0,0,0.0,0.0,1.0,-0.7071067811865477,0.7071067811865474
2025-12-29 21:15:00,4335.22,4336.53,4328.58,4330.46,2987,33,0,4.760000000000218,1.3099999999994907,1.8800000000001091,-4.6599999999998545,-0.0010749414087729647,-1,7.949999999999818,0.5987421376116863,21,15,0,0.0,0.0,1.0,-0.7071067811865477,0.7071067811865474
2025-12-29 21:30:00,4330.76,4335.71,4330.21,4332.25,2445,33,0,1.4899999999997817,3.4600000000000364,0.5500000000001819,1.7899999999999636,0.00041335100659051547,1,5.5,0.27090909041648925,21,30,0,0.0,0.0,1.0,-0.7071067811865477,0.7071067811865474
2025-12-29 21:45:00,4332.36,4337.86,4331.08,4336.85,2094,33,0,4.490000000000691,1.0099999999993088,1.2799999999997453,4.600000000000364,0.0010618039125166747,1,6.779999999999745,0.6622418869289736,21,45,0,0.0,0.0,1.0,-0.7071067811865477,0.7071067811865474
2025-12-29 22:00:00,4336.82,4344.53,4336.44,4342.29,2774,35,0,5.470000000000255,2.2399999999997817,0.38000000000010914,5.4399999999996,0.0012543666486043094,1,8.090000000000146,0.6761433860616467,22,0,0,0.0,0.0,1.0,-0.5000000000000004,0.8660254037844384
2025-12-29 22:15:00,4342.37,4342.56,4337.02,4340.59,2509,33,0,1.7799999999997453,0.19000000000050932,3.569999999999709,-1.699999999999818,-0.00039149849503368456,-1,5.539999999999964,0.3212996384091626,22,15,0,0.0,0.0,1.0,-0.5000000000000004,0.8660254037844384
2025-12-29 22:30:00,4340.69,4341.23,4325.88,4333.35,3222,33,0,7.339999999999236,0.5399999999999636,7.470000000000255,-7.239999999999782,-0.001667976012477516,-1,15.349999999999454,0.47817589545392425,22,30,0,0.0,0.0,1.0,-0.5000000000000004,0.8660254037844384
2025-12-29 22:45:00,4333.39,4335.49,4329.35,4334.13,2608,33,0,0.7399999999997817,1.3599999999996726,4.039999999999964,0.7799999999997453,0.00017999930769491162,1,6.139999999999418,0.1205211724421238,22,45,0,0.0,0.0,1.0,-0.5000000000000004,0.8660254037844384
2025-12-29 23:00:00,4333.89,4338.03,4328.52,4335.71,1370,33,0,1.819999999999709,2.319999999999709,5.369999999999891,1.5799999999999272,0.00036454836380079214,1,9.509999999999309,0.19137749716993335,23,0,0,0.0,0.0,1.0,-0.25881904510252157,0.9659258262890681
2025-12-29 23:15:00,4335.7,4337.76,4330.76,4331.55,1255,33,0,4.149999999999636,2.0600000000004,0.7899999999999636,-4.1599999999998545,-0.0009594737655424035,-1,7.0,0.5928571420101522,23,15,0,0.0,0.0,1.0,-0.25881904510252157,0.9659258262890681
2025-12-29 23:30:00,4331.55,4332.38,4327.77,4329.79,1422,33,0,1.7600000000002183,0.8299999999999272,2.019999999999527,-1.7600000000002183,-0.0004063210628990126,-1,4.609999999999673,0.38177874103743076,23,30,0,0.0,0.0,1.0,-0.25881904510252157,0.9659258262890681
2025-12-29 23:45:00,4329.79,4333.06,4329.59,4331.35,873,41,0,1.5600000000004002,1.7100000000000364,0.1999999999998181,1.5600000000004002,0.0003602946101312997,1,3.4700000000002547,0.4495677220474376,23,45,0,0.0,0.0,1.0,-0.25881904510252157,0.9659258262890681
2025-12-30 01:00:00,4331.69,4347.23,4331.69,4340.67,1863,35,0,8.980000000000473,6.559999999999491,0.0,9.319999999999709,0.002151754072055989,1,15.539999999999964,0.577863577491754,1,0,1,1.0,0.0,0.0,0.25881904510252074,0.9659258262890683
2025-12-30 01:15:00,4340.67,4340.91,4323.35,4333.89,2391,35,0,6.779999999999745,0.23999999999978172,10.539999999999964,-6.779999999999745,-0.0015619708478183656,-1,17.55999999999949,0.38610478337920806,1,15,1,1.0,0.0,0.0,0.25881904510252074,0.9659258262890683
2025-12-30 01:30:00,4333.89,4337.17,4330.7,4336.94,1452,35,0,3.0499999999992724,0.23000000000047294,3.1900000000005093,3.0499999999992724,0.0007037557482998581,1,6.470000000000255,0.4714064907704927,1,30,1,1.0,0.0,0.0,0.25881904510252074,0.9659258262890683
2025-12-30 01:45:00,4336.98,4346.93,4336.32,4345.59,1757,38,0,8.610000000000582,1.3400000000001455,0.6599999999998545,8.650000000000546,0.001994493813610644,1,10.610000000000582,0.8114985854745639,1,45,1,1.0,0.0,0.0,0.25881904510252074,0.9659258262890683
2025-12-30 02:00:00,4345.56,4347.49,4337.98,4346.75,2622,33,0,1.1899999999995998,0.7399999999997817,7.580000000000837,1.1599999999998545,0.00026693728584607714,1,9.510000000000218,0.12513144045723007,2,0,1,1.0,0.0,0.0,0.49999999999999994,0.8660254037844387
2025-12-30 02:15:00,4346.75,4350.76,4343.73,4349.16,2073,33,0,2.4099999999998545,1.6000000000003638,3.0200000000004366,2.4099999999998545,0.0005544372232127116,1,7.030000000000655,0.342816500223537,2,15,1,1.0,0.0,0.0,0.49999999999999994,0.8660254037844387
2025-12-30 02:30:00,4349.24,4349.34,4339.82,4340.61,2544,33,0,8.63000000000011,0.1000000000003638,0.7899999999999636,-8.550000000000182,-0.001965896862842522,-1,9.520000000000437,0.9065126040897675,2,30,1,1.0,0.0,0.0,0.49999999999999994,0.8660254037844387
2025-12-30 02:45:00,4340.6,4342.88,4334.5,4339.57,2949,33,0,1.0300000000006548,2.2799999999997453,5.069999999999709,-1.0399999999999636,-0.00023959766023668648,-1,8.38000000000011,0.12291169436414372,2,45,1,1.0,0.0,0.0,0.49999999999999994,0.8660254037844387
2025-12-30 03:00:00,4339.58,4339.86,4324.4,4334.75,5070,33,0,4.829999999999927,0.27999999999974534,10.350000000000364,-4.819999999999709,-0.001110709125558456,-1,15.460000000000036,0.3124191459816122,3,0,1,1.0,0.0,0.0,0.7071067811865476,0.7071067811865476
2025-12-30 03:15:00,4334.76,4343.28,4334.76,4336.48,3865,33,0,1.7199999999993452,6.800000000000182,0.0,1.7299999999995634,0.0003991002941345091,1,8.519999999999527,0.20187793403528886,3,15,1,1.0,0.0,0.0,0.7071067811865476,0.7071067811865476
2025-12-30 03:30:00,4336.48,4349.42,4331.86,4346.95,4183,33,0,10.470000000000255,2.4700000000002547,4.619999999999891,10.470000000000255,0.0024144006198576393,1,17.5600000000004,0.5962414575192255,3,30,1,1.0,0.0,0.0,0.7071067811865476,0.7071067811865476
2025-12-30 03:45:00,4346.95,4360.06,4346.47,4360.06,5293,33,0,13.110000000000582,0.0,0.47999999999956344,13.110000000000582,0.0030159077054027726,1,13.590000000000146,0.9646799109899663,3,45,1,1.0,0.0,0.0,0.7071067811865476,0.7071067811865476
2025-12-30 04:00:00,4360.05,4361.75,4351.75,4355.51,4775,33,0,4.539999999999964,1.699999999999818,3.7600000000002183,-4.550000000000182,-0.0010435636206841607,-1,10.0,0.45399999954599635,4,0,1,1.0,0.0,0.0,0.8660254037844386,0.5000000000000001
2025-12-30 04:15:00,4355.43,4357.64,4352.66,4355.61,3484,33,0,0.17999999999938154,2.030000000000655,2.7700000000004366,0.0999999999994543,2.2959423810174768e-05,1,4.980000000000473,0.03614457824054592,4,15,1,1.0,0.0,0.0,0.8660254037844386,0.5000000000000001
2025-12-30 04:30:00,4354.7,4356.93,4348.84,4354.42,4305,33,0,0.27999999999974534,2.230000000000473,5.579999999999927,-1.1899999999995998,-0.0002732108705783116,-1,8.090000000000146,0.03461063036509691,4,30,1,1.0,0.0,0.0,0.8660254037844386,0.5000000000000001
2025-12-30 04:45:00,4354.42,4364.72,4354.37,4362.48,3625,33,0,8.05999999999949,2.240000000000691,0.0500000000001819,8.05999999999949,0.001850992784343148,1,10.350000000000364,0.7787439606001707,4,45,1,1.0,0.0,0.0,0.8660254037844386,0.5000000000000001
2025-12-30 05:00:00,4362.51,4365.16,4357.23,4360.63,3579,33,0,1.8800000000001091,2.649999999999636,3.4000000000005457,-1.8499999999994543,-0.0004240707120719074,-1,7.930000000000291,0.2370744007098734,5,0,1,1.0,0.0,0.0,0.9659258262890683,0.25881904510252074
2025-12-30 05:15:00,4360.79,4369.05,4358.94,4367.89,3316,33,0,7.100000000000364,1.1599999999998545,1.8500000000003638,7.260000000000218,0.0016648970446931333,1,10.110000000000582,0.7022749745773694,5,15,1,1.0,0.0,0.0,0.9659258262890683,0.25881904510252074
2025-12-30 05:30:00,4367.88,4368.62,4361.16,4363.4,2417,33,0,4.480000000000473,0.7399999999997817,2.2399999999997817,-4.490000000000691,-0.0010279562901081966,-1,7.460000000000036,0.6005361922245428,5,30,1,1.0,0.0,0.0,0.9659258262890683,0.25881904510252074
2025-12-30 05:45:00,4363.4,4364.71,4356.12,4359.22,2796,33,0,4.1799999999993815,1.3100000000004002,3.100000000000364,-4.1799999999993815,-0.0009579685566300091,-1,8.590000000000146,0.48661233936358406,5,45,1,1.0,0.0,0.0,0.9659258262890683,0.25881904510252074
2025-12-30 06:00:00,4359.24,4362.24,4357.48,4361.21,1627,33,0,1.9700000000002547,1.0299999999997453,1.7600000000002183,1.9899999999997817,0.000456503686439267,1,4.760000000000218,0.4138655453490565,6,0,1,1.0,0.0,0.0,1.0,6.123233995736766e-17
2025-12-30 06:15:00,4361.21,4365.72,4360.51,4363.06,1370,33,0,1.8500000000003638,2.6599999999998545,0.6999999999998181,1.8500000000003638,0.00042419420298503484,1,5.210000000000036,0.35508637167936413,6,15,1,1.0,0.0,0.0,1.0,6.123233995736766e-17
2025-12-30 06:30:00,4363.06,4369.55,4362.17,4366.75,1659,33,0,3.6899999999996,2.800000000000182,0.8900000000003274,3.6899999999996,0.0008457367077233867,1,7.380000000000109,0.4999999993224316,6,30,1,1.0,0.0,0.0,1.0,6.123233995736766e-17
2025-12-30 06:45:00,4366.75,4367.15,4362.22,4363.38,1181,33,0,3.369999999999891,0.3999999999996362,1.1599999999998545,-3.369999999999891,-0.0007717409973091867,-1,4.9299999999993815,0.6835699783295363,6,45,1,1.0,0.0,0.0,1.0,6.123233995736766e-17
2025-12-30 07:00:00,4363.73,4364.67,4358.72,4363.91,1542,33,0,0.18000000000029104,0.7600000000002183,5.009999999999309,0.5299999999997453,0.00012146546942960396,1,5.949999999999818,0.030252100789542106,7,0,1,1.0,0.0,0.0,0.9659258262890683,-0.25881904510252063
2025-12-30 07:15:00,4363.88,4376.12,4362.43,4372.3,2765,33,0,8.420000000000073,3.819999999999709,1.449999999999818,8.390000000000327,0.0019225877710585984,1,13.6899999999996,0.6150474794631003,7,15,1,1.0,0.0,0.0,0.9659258262890683,-0.25881904510252063
2025-12-30 07:30:00,4372.29,4379.94,4372.0,4374.68,5228,33,0,2.3900000000003274,5.259999999999309,0.2899999999999636,2.380000000000109,0.0005443359330329824,1,7.9399999999996,0.30100755629601667,7,30,1,1.0,0.0,0.0,0.9659258262890683,-0.25881904510252063
2025-12-30 07:45:00,4374.61,4379.55,4372.75,4377.59,4306,33,0,2.980000000000473,1.9600000000000364,1.8599999999996726,2.9099999999998545,0.0006651915111504966,1,6.800000000000182,0.43823529347324125,7,45,1,1.0,0.0,0.0,0.9659258262890683,-0.25881904510252063
2025-12-30 08:00:00,4377.61,4378.48,4372.47,4373.14,3798,33,0,4.469999999999345,0.8699999999998909,0.6700000000000728,-4.449999999999818,-0.0010165410648324347,-1,6.009999999999309,0.7437603980968811,8,0,1,0.0,1.0,0.0,0.8660254037844387,-0.4999999999999998
2025-12-30 08:15:00,4373.14,4373.85,4364.33,4366.55,4440,33,0,6.5900000000001455,0.7100000000000364,2.2200000000002547,-6.5900000000001455,-0.0015069263732695832,-1,9.520000000000437,0.6922268900291569,8,15,1,0.0,1.0,0.0,0.8660254037844387,-0.4999999999999998
2025-12-30 08:30:00,4366.53,4369.63,4360.04,4361.91,4401,33,0,4.619999999999891,3.100000000000364,1.8699999999998909,-4.640000000000327,-0.001062623810559899,-1,9.590000000000146,0.4817518243151514,8,30,1,0.0,1.0,0.0,0.8660254037844387,-0.4999999999999998
2025-12-30 08:45:00,4361.77,4366.79,4359.82,4364.66,4112,33,0,2.889999999999418,2.130000000000109,1.9500000000007276,2.75,0.0006304577581839149,1,6.970000000000255,0.4146341457464808,8,45,1,0.0,1.0,0.0,0.8660254037844387,-0.4999999999999998
2025-12-30 09:00:00,4364.64,4368.46,4359.07,4368.45,3633,33,0,3.8099999999994907,0.010000000000218279,5.5700000000006185,3.7899999999999636,0.0008683379690514184,1,9.390000000000327,0.4057507982898668,9,0,1,0.0,1.0,0.0,0.7071067811865476,-0.7071067811865475
2025-12-30 09:15:00,4368.46,4372.33,4365.74,4368.07,3057,33,0,0.3900000000003274,3.869999999999891,2.3299999999999272,-0.38000000000010914,-8.69873753848869e-05,-1,6.5900000000001455,0.05918057654150426,9,15,1,0.0,1.0,0.0,0.7071067811865476,-0.7071067811865475
2025-12-30 09:30:00,4368.08,4376.98,4368.07,4376.96,3121,33,0,8.88000000000011,0.019999999999527063,0.010000000000218279,8.890000000000327,0.002035223794490548,1,8.909999999999854,0.9966329955144695,9,30,1,0.0,1.0,0.0,0.7071067811865476,-0.7071067811865475
2025-12-30 09:45:00,4376.97,4383.16,4370.24,4372.41,3494,33,0,4.5600000000004,6.1899999999996,2.1700000000000728,-4.550000000000182,-0.0010395342886387313,-1,12.920000000000073,0.3529411761974429,9,45,1,0.0,1.0,0.0,0.7071067811865476,-0.7071067811865475
2025-12-30 10:00:00,4372.52,4373.62,4363.41,4370.29,3089,33,0,2.230000000000473,1.0999999999994543,6.880000000000109,-2.119999999999891,-0.0004848584647825549,-1,10.210000000000036,0.21841332006036548,10,0,1,0.0,1.0,0.0,0.49999999999999994,-0.8660254037844387
2025-12-30 10:15:00,4370.35,4371.31,4351.79,4353.17,3059,33,0,17.18000000000029,0.9600000000000364,1.3800000000001091,-17.11999999999989,-0.003917360175182858,-1,19.520000000000437,0.8801229503687846,10,15,1,0.0,1.0,0.0,0.49999999999999994,-0.8660254037844387
2025-12-30 10:30:00,4353.21,4360.26,4350.06,4359.13,3182,33,0,5.920000000000073,1.1300000000001091,3.149999999999636,5.960000000000036,0.001369117218027331,1,10.199999999999818,0.5803921562937506,10,30,1,0.0,1.0,0.0,0.49999999999999994,-0.8660254037844387
2025-12-30 10:45:00,4359.13,4366.15,4354.27,4364.91,3205,33,0,5.779999999999745,1.2399999999997817,4.859999999999673,5.779999999999745,0.001325952655690412,1,11.8799999999992,0.4865319861224591,10,45,1,0.0,1.0,0.0,0.49999999999999994,-0.8660254037844387
2025-12-30 11:00:00,4364.91,4373.58,4364.04,4372.97,3087,33,0,8.0600000000004,0.6099999999996726,0.8699999999998909,8.0600000000004,0.001846544373194499,1,9.539999999999964,0.8448637307706282,11,0,1,0.0,1.0,0.0,0.258819045102521,-0.9659258262890682
2025-12-30 11:15:00,4372.97,4376.27,4367.68,4368.43,3071,33,0,4.539999999999964,3.300000000000182,0.75,-4.539999999999964,-0.0010381960086622967,-1,8.590000000000146,0.5285215360552585,11,15,1,0.0,1.0,0.0,0.258819045102521,-0.9659258262890682
2025-12-30 11:30:00,4368.43,4371.59,4367.15,4368.14,2446,33,0,0.2899999999999636,3.1599999999998545,0.9900000000006912,-0.2899999999999636,-6.638540619855729e-05,-1,4.440000000000509,0.06531531516819307,11,30,1,0.0,1.0,0.0,0.258819045102521,-0.9659258262890682
2025-12-30 11:45:00,4368.14,4373.75,4367.39,4372.01,2543,33,0,3.869999999999891,1.7399999999997817,0.75,3.869999999999891,0.0008859606148154341,1,6.359999999999673,0.6084905650810039,11,45,1,0.0,1.0,0.0,0.258819045102521,-0.9659258262890682
2025-12-30 12:00:00,4371.98,4376.05,4367.56,4375.8,2604,33,0,3.8200000000006185,0.25,4.419999999999163,3.7899999999999636,0.0008668781635906513,1,8.489999999999782,0.44994110665504183,12,0,1,0.0,1.0,0.0,1.2246467991473532e-16,-1.0
2025-12-30 12:15:00,4375.94,4382.7,4374.64,4382.2,3283,33,0,6.260000000000218,0.5,1.2999999999992724,6.399999999999636,0.0014625896978837324,1,8.05999999999949,0.7766749370017201,12,15,1,0.0,1.0,0.0,1.2246467991473532e-16,-1.0
2025-12-30 12:30:00,4382.21,4391.56,4381.65,4382.7,3505,33,0,0.4899999999997817,8.860000000000582,0.5600000000004002,0.5,0.00011409794167313223,1,9.910000000000764,0.04944500499548878,12,30,1,0.0,1.0,0.0,1.2246467991473532e-16,-1.0
2025-12-30 12:45:00,4382.7,4385.51,4378.55,4384.78,2541,33,0,2.0799999999999272,0.7300000000004729,4.149999999999636,2.0799999999999272,0.00047459328724300715,1,6.960000000000036,0.2988505742832487,12,45,1,0.0,1.0,0.0,1.2246467991473532e-16,-1.0
2025-12-30 13:00:00,4385.54,4390.2,4385.12,4386.74,3109,33,0,1.199999999999818,3.4600000000000364,0.42000000000007276,1.9600000000000364,0.0004470007617257962,1,5.079999999999927,0.23622047197591153,13,0,1,0.0,1.0,0.0,-0.2588190451025208,-0.9659258262890683
2025-12-30 13:15:00,4386.73,4389.51,4385.65,4388.71,3251,33,0,1.980000000000473,0.8000000000001819,1.0799999999999272,1.9700000000002547,0.00044908063846962773,1,3.860000000000582,0.5129533665467981,13,15,1,0.0,1.0,0.0,-0.2588190451025208,-0.9659258262890683
2025-12-30 13:30:00,4388.75,4389.24,4383.66,4384.7,2426,33,0,4.050000000000182,0.4899999999997817,1.0399999999999636,-4.010000000000218,-0.0009137081283566739,-1,5.579999999999927,0.7258064503122169,13,30,1,0.0,1.0,0.0,-0.2588190451025208,-0.9659258262890683
2025-12-30 13:45:00,4384.7,4385.18,4381.13,4384.2,2441,33,0,0.5,0.48000000000047294,3.069999999999709,-0.5,-0.00011403288708463521,-1,4.050000000000182,0.12345678981861967,13,45,1,0.0,1.0,0.0,-0.2588190451025208,-0.9659258262890683
2025-12-30 14:00:00,4384.15,4397.28,4383.35,4396.18,3070,33,0,12.030000000000655,1.0999999999994543,0.7999999999992724,11.980000000000473,0.002732539573924655,1,13.929999999999382,0.8636037323305923,14,0,1,0.0,1.0,0.0,-0.4999999999999997,-0.8660254037844388
2025-12-30 14:15:00,4396.19,4399.12,4391.67,4393.82,3971,33,0,2.369999999999891,2.930000000000291,2.149999999999636,-2.360000000000582,-0.0005368297021506358,-1,7.449999999999818,0.31812080494211287,14,15,1,0.0,1.0,0.0,-0.4999999999999997,-0.8660254037844388
2025-12-30 14:30:00,4393.81,4402.71,4393.07,4399.79,3386,33,0,5.979999999999563,2.9200000000000728,0.7400000000006912,5.970000000000255,0.0013587265750532008,1,9.640000000000327,0.6203319495639046,14,30,1,0.0,1.0,0.0,-0.4999999999999997,-0.8660254037844388
2025-12-30 14:45:00,4399.83,4402.1,4396.5,4401.14,4450,33,0,1.3100000000004002,0.9600000000000364,3.3299999999999272,1.3500000000003638,0.000306832826112238,1,5.600000000000364,0.2339285710108981,14,45,1,0.0,1.0,0.0,-0.4999999999999997,-0.8660254037844388
2025-12-30 15:00:00,4401.4,4404.08,4397.1,4399.28,4994,33,0,2.119999999999891,2.680000000000291,2.1799999999993815,-1.860000000000582,-0.00042261777630354453,-1,6.979999999999563,0.30372492793162953,15,0,1,0.0,1.0,0.0,-0.7071067811865471,-0.7071067811865479
2025-12-30 15:15:00,4399.31,4399.32,4389.39,4393.38,4672,33,0,5.930000000000291,0.009999999999308784,3.9899999999997817,-5.899999999999636,-0.0013411285483078223,-1,9.929999999999382,0.5971802612315062,15,15,1,0.0,1.0,0.0,-0.7071067811865471,-0.7071067811865479
2025-12-30 15:30:00,4393.37,4393.47,4376.1,4379.36,5735,33,0,14.010000000000218,0.1000000000003638,3.259999999999309,-14.020000000000437,-0.0031911648889921735,-1,17.36999999999989,0.8065630392593365,15,30,1,0.0,1.0,0.0,-0.7071067811865471,-0.7071067811865479
2025-12-30 15:45:00,4379.33,4389.48,4376.27,4388.38,4441,33,0,9.050000000000182,1.0999999999994543,3.0599999999994907,9.020000000000437,0.002059661685725868,1,13.209999999999127,0.6850870547426123,15,45,1,0.0,1.0,0.0,-0.7071067811865471,-0.7071067811865479
2025-12-30 16:00:00,4388.44,4390.5,4382.56,4386.12,4072,33,0,2.319999999999709,2.0600000000004,3.5599999999994907,-2.2600000000002183,-0.000514996422370036,-1,7.9399999999996,0.29219143540024073,16,0,1,0.0,0.0,1.0,-0.8660254037844384,-0.5000000000000004
2025-12-30 16:15:00,4386.12,4391.2,4380.88,4390.57,4150,33,0,4.449999999999818,0.6300000000001091,5.239999999999782,4.449999999999818,0.001014564125012498,1,10.319999999999709,0.43120154996976046,16,15,1,0.0,0.0,1.0,-0.8660254037844384,-0.5000000000000004
2025-12-30 16:30:00,4390.65,4392.07,4364.17,4371.35,6187,33,0,19.299999999999272,1.4200000000000728,7.180000000000291,-19.219999999999345,-0.004377563733182559,-1,27.899999999999636,0.6917562721534753,16,30,1,0.0,0.0,1.0,-0.8660254037844384,-0.5000000000000004
2025-12-30 16:45:00,4371.22,4372.13,4355.67,4366.35,6544,33,0,4.869999999999891,0.9099999999998545,10.680000000000291,-5.0,-0.001143811408374987,-1,16.460000000000036,0.2958687726027456,16,45,1,0.0,0.0,1.0,-0.8660254037844384,-0.5000000000000004
2025-12-30 17:00:00,4366.26,4373.19,4360.76,4369.1,5799,33,0,2.8400000000001455,4.089999999999236,5.5,2.75,0.000629816666094106,1,12.429999999999382,0.22847948493286338,17,0,1,0.0,0.0,1.0,-0.9659258262890683,-0.25881904510252063
2025-12-30 17:15:00,4369.25,4377.46,4365.0,4366.08,4764,33,0,3.1700000000000728,8.210000000000036,1.0799999999999272,-3.0200000000004366,-0.0006912178709575053,-1,12.460000000000036,0.25441412499646243,17,15,1,0.0,0.0,1.0,-0.9659258262890683,-0.25881904510252063
2025-12-30 17:30:00,4366.21,4374.38,4359.25,4362.29,5287,33,0,3.9200000000000728,8.170000000000073,3.0399999999999636,-3.7899999999999636,-0.0008680555555555473,-1,15.13000000000011,0.25908790465361303,17,30,1,0.0,0.0,1.0,-0.9659258262890683,-0.25881904510252063
2025-12-30 17:45:00,4362.23,4370.79,4361.01,4365.0,5058,33,0,2.7700000000004366,5.789999999999964,1.2199999999993452,2.7100000000000364,0.0006212333430377248,1,9.779999999999745,0.2832310835550304,17,45,1,0.0,0.0,1.0,-0.9659258262890683,-0.25881904510252063
2025-12-30 18:00:00,4365.0,4365.2,4354.66,4358.41,4578,33,0,6.5900000000001455,0.1999999999998181,3.75,-6.5900000000001455,-0.001509736540664409,-1,10.539999999999964,0.6252371910576656,18,0,1,0.0,0.0,1.0,-1.0,-1.8369701987210297e-16
2025-12-30 18:15:00,4358.4,4371.41,4357.56,4368.78,5103,33,0,10.38000000000011,2.630000000000109,0.839999999999236,10.36999999999989,0.002379308050412855,1,13.849999999999454,0.7494584832134248,18,15,1,0.0,0.0,1.0,-1.0,-1.8369701987210297e-16
2025-12-30 18:30:00,4368.86,4368.86,4362.54,4367.18,3755,33,0,1.6799999999993815,0.0,4.640000000000327,-1.5999999999994543,-0.00036623496719895586,-1,6.319999999999709,0.2658227843894353,18,30,1,0.0,0.0,1.0,-1.0,-1.8369701987210297e-16
2025-12-30 18:45:00,4367.23,4379.84,4366.3,4377.72,4277,33,0,10.490000000000691,2.119999999999891,0.9299999999993815,10.539999999999964,0.0024134567386734605,1,13.539999999999964,0.7747415060748378,18,45,1,0.0,0.0,1.0,-1.0,-1.8369701987210297e-16
2025-12-30 19:00:00,4377.72,4381.67,4373.23,4373.3,4431,33,0,4.420000000000073,3.949999999999818,0.07000000000061846,-4.420000000000073,-0.0010096579954862513,-1,8.44000000000051,0.5236966818439382,19,0,1,0.0,0.0,1.0,-0.9659258262890684,0.2588190451025203
2025-12-30 19:15:00,4373.28,4376.69,4368.44,4374.84,3986,33,0,1.5600000000004002,1.8499999999994543,4.8400000000001455,1.5399999999999636,0.0003521368303111983,1,8.25,0.18909090886175647,19,15,1,0.0,0.0,1.0,-0.9659258262890684,0.2588190451025203
2025-12-30 19:30:00,4374.89,4376.16,4364.92,4368.52,3711,33,0,6.369999999999891,1.269999999999527,3.600000000000364,-6.319999999999709,-0.001444624260544319,-1,11.239999999999782,0.5667259781434835,19,30,1,0.0,0.0,1.0,-0.9659258262890684,0.2588190451025203
2025-12-30 19:45:00,4368.39,4370.53,4364.27,4370.05,2848,33,0,1.6599999999998545,0.47999999999956344,4.119999999999891,1.5299999999997453,0.0003502330308662305,1,6.259999999999309,0.26517571842624293,19,45,1,0.0,0.0,1.0,-0.9659258262890684,0.2588190451025203
2025-12-30 20:00:00,4370.14,4378.57,4368.85,4370.99,3668,33,0,0.8499999999994543,7.579999999999927,1.2899999999999636,0.9399999999995998,0.0002151005137240077,1,9.719999999999345,0.08744855958076399,20,0,1,0.0,0.0,1.0,-0.8660254037844386,0.5000000000000001
2025-12-30 20:15:00,4370.99,4372.0,4365.98,4370.73,3618,33,0,0.2600000000002183,1.0100000000002183,4.75,-0.2600000000002183,-5.948309193116852e-05,-1,6.020000000000437,0.04318936869905411,20,15,1,0.0,0.0,1.0,-0.8660254037844386,0.5000000000000001
2025-12-30 20:30:00,4370.78,4370.96,4362.5,4365.94,3149,33,0,4.8400000000001455,0.18000000000029104,3.4399999999996,-4.789999999999964,-0.0010959267673820996,-1,8.460000000000036,0.5721040182362983,20,30,1,0.0,0.0,1.0,-0.8660254037844386,0.5000000000000001
2025-12-30 20:45:00,4365.95,4367.52,4363.31,4364.69,2660,33,0,1.2600000000002183,1.5700000000006185,1.3799999999991996,-1.25,-0.0002863071869975309,-1,4.210000000000036,0.2992874102155186,20,45,1,0.0,0.0,1.0,-0.8660254037844386,0.5000000000000001
2025-12-30 21:00:00,4364.69,4367.94,4363.6,4366.65,2637,33,0,1.9600000000000364,1.2899999999999636,1.089999999999236,1.9600000000000364,0.00044905823781300313,1,4.339999999999236,0.45161290218531164,21,0,1,0.0,0.0,1.0,-0.7071067811865477,0.7071067811865474
2025-12-30 21:15:00,4366.63,4367.5,4363.92,4365.84,2741,33,0,0.7899999999999636,0.8699999999998909,1.9200000000000728,-0.8099999999994907,-0.00018549689120939182,-1,3.5799999999999272,0.2206703904450491,21,15,1,0.0,0.0,1.0,-0.7071067811865477,0.7071067811865474
2025-12-30 21:30:00,4365.81,4366.42,4359.89,4362.81,2355,33,0,3.0,0.6099999999996726,2.9200000000000728,-3.0299999999997453,-0.0006940245176185443,-1,6.529999999999745,0.4594180697405722,21,30,1,0.0,0.0,1.0,-0.7071067811865477,0.7071067811865474
2025-12-30 21:45:00,4362.81,4363.09,4337.21,4348.42,4969,33,0,14.390000000000327,0.27999999999974534,11.210000000000036,-14.390000000000327,-0.003298332955136787,-1,25.88000000000011,0.5560278204961355,21,45,1,0.0,0.0,1.0,-0.7071067811865477,0.7071067811865474
2025-12-30 22:00:00,4348.5,4350.15,4338.24,4348.06,4546,35,0,0.4399999999995998,1.6499999999996362,9.820000000000618,-0.3599999999996726,-8.278869106472525e-05,-1,11.909999999999854,0.036943744721256735,22,0,1,0.0,0.0,1.0,-0.5000000000000004,0.8660254037844384
2025-12-30 22:15:00,4348.06,4352.77,4346.18,4350.47,2944,34,0,2.4099999999998545,2.300000000000182,1.8800000000001091,2.4099999999998545,0.0005542701802642683,1,6.5900000000001455,0.3657056140125562,22,15,1,0.0,0.0,1.0,-0.5000000000000004,0.8660254037844384
2025-12-30 22:30:00,4350.42,4355.36,4346.06,4348.57,2862,33,0,1.8500000000003638,4.9399999999996,2.509999999999309,-1.9000000000005457,-0.00043673442179823,-1,9.299999999999272,0.1989247309689528,22,30,1,0.0,0.0,1.0,-0.5000000000000004,0.8660254037844384
2025-12-30 22:45:00,4348.72,4351.53,4337.7,4341.28,3626,40,0,7.440000000000509,2.8099999999994907,3.5799999999999272,-7.289999999999964,-0.0016764131657073392,-1,13.829999999999927,0.5379609540579131,22,45,1,0.0,0.0,1.0,-0.5000000000000004,0.8660254037844384
2025-12-30 23:00:00,4341.51,4350.43,4340.72,4348.49,2742,33,0,6.979999999999563,1.9400000000005093,0.7899999999999636,7.210000000000036,0.0016608005012346673,1,9.710000000000036,0.7188465492081433,23,0,1,0.0,0.0,1.0,-0.25881904510252157,0.9659258262890681
2025-12-30 23:15:00,4348.49,4349.02,4346.42,4346.43,1421,33,0,2.0599999999994907,0.5300000000006548,0.010000000000218279,-2.0599999999994907,-0.00047372766178592815,-1,2.600000000000364,0.7923076892600484,23,15,1,0.0,0.0,1.0,-0.25881904510252157,0.9659258262890681
2025-12-30 23:30:00,4346.46,4349.12,4346.1,4348.57,910,35,0,2.1099999999996726,0.5500000000001819,0.3599999999996726,2.139999999999418,0.0004923580961845509,1,3.019999999999527,0.6986754943752477,23,30,1,0.0,0.0,1.0,-0.25881904510252157,0.9659258262890681
2025-12-30 23:45:00,4348.52,4349.3,4334.2,4338.61,1462,41,0,9.910000000000764,0.7799999999997453,4.4099999999998545,-9.960000000000036,-0.0022904081111721868,-1,15.100000000000364,0.6562913902938815,23,45,1,0.0,0.0,1.0,-0.25881904510252157,0.9659258262890681
2025-12-31 01:00:00,4338.15,4346.09,4337.04,4345.71,1483,39,0,7.5600000000004,0.38000000000010914,1.1099999999996726,7.100000000000364,0.0016364688229641208,1,9.050000000000182,0.835359115099078,1,0,2,1.0,0.0,0.0,0.25881904510252074,0.9659258262890683
2025-12-31 01:15:00,4345.71,4345.71,4332.04,4334.03,1731,38,0,11.680000000000291,0.0,1.9899999999997817,-11.680000000000291,-0.002687708107536005,-1,13.670000000000073,0.8544257491920974,1,15,2,1.0,0.0,0.0,0.25881904510252074,0.9659258262890683
2025-12-31 01:30:00,4333.93,4342.61,4327.92,4339.55,2248,35,0,5.619999999999891,3.0599999999994907,6.010000000000218,5.520000000000437,0.0012736413914994674,1,14.6899999999996,0.38257317877292796,1,30,2,1.0,0.0,0.0,0.25881904510252074,0.9659258262890683
2025-12-31 01:45:00,4339.38,4339.63,4333.25,4338.99,1991,35,0,0.3900000000003274,0.25,5.739999999999782,-0.5600000000004002,-0.00012904563837273452,-1,6.380000000000109,0.061128526550005564,1,45,2,1.0,0.0,0.0,0.25881904510252074,0.9659258262890683
2025-12-31 02:00:00,4339.03,4344.01,4338.94,4341.56,1481,33,0,2.530000000000655,2.449999999999818,0.09000000000014552,2.5700000000006185,0.0005923037388886858,1,5.0700000000006185,0.49901380572193454,2,0,2,1.0,0.0,0.0,0.49999999999999994,0.8660254037844387
2025-12-31 02:15:00,4341.56,4343.18,4332.57,4336.51,1699,33,0,5.050000000000182,1.6199999999998909,3.9400000000005093,-5.050000000000182,-0.0011631763697841748,-1,10.610000000000582,0.4759660692969127,2,15,2,1.0,0.0,0.0,0.49999999999999994,0.8660254037844387
2025-12-31 02:30:00,4336.51,4346.64,4332.89,4342.9,2777,33,0,6.389999999999418,3.740000000000691,3.619999999999891,6.389999999999418,0.0014735351699867907,1,13.75,0.4647272723892469,2,30,2,1.0,0.0,0.0,0.49999999999999994,0.8660254037844387
2025-12-31 02:45:00,4343.02,4343.86,4336.44,4342.32,3235,33,0,0.7000000000007276,0.839999999999236,5.880000000000109,-0.5799999999999272,-0.0001335513136383355,-1,7.420000000000073,0.09433962251446422,2,45,2,1.0,0.0,0.0,0.49999999999999994,0.8660254037844387
2025-12-31 03:00:00,4342.27,4355.76,4336.76,4353.26,5239,33,0,10.989999999999782,2.5,5.510000000000218,10.94000000000051,0.0025193905562004896,1,19.0,0.5784210523271353,3,0,2,1.0,0.0,0.0,0.7071067811865476,0.7071067811865476
2025-12-31 03:15:00,4353.28,4360.85,4349.01,4354.65,4016,33,0,1.3699999999998909,6.200000000000728,4.269999999999527,1.389999999999418,0.00031930093768794374,1,11.840000000000146,0.11570945936172122,3,15,2,1.0,0.0,0.0,0.7071067811865476,0.7071067811865476
2025-12-31 03:30:00,4354.68,4369.5,4354.42,4368.76,3547,33,0,14.079999999999927,0.7399999999997817,0.2600000000002183,14.110000000000582,0.003240214483368487,1,15.079999999999927,0.9336870020333636,3,30,2,1.0,0.0,0.0,0.7071067811865476,0.7071067811865476
2025-12-31 03:45:00,4368.77,4373.06,4365.4,4365.97,3369,33,0,2.800000000000182,4.289999999999964,0.5700000000006185,-2.7899999999999636,-0.0006386251476391386,-1,7.660000000000764,0.3655352475645627,3,45,2,1.0,0.0,0.0,0.7071067811865476,0.7071067811865476
2025-12-31 04:00:00,4365.98,4371.0,4361.14,4362.06,2999,33,0,3.9199999999991633,5.020000000000437,0.9200000000000728,-3.9099999999998545,-0.0008955627271831584,-1,9.859999999999673,0.3975659225176099,4,0,2,1.0,0.0,0.0,0.8660254037844386,0.5000000000000001
2025-12-31 04:15:00,4362.06,4364.06,4357.6,4360.87,2721,33,0,1.1900000000005093,2.0,3.269999999999527,-1.1900000000005093,-0.0002728068848205915,-1,6.460000000000036,0.18421052603071167,4,15,2,1.0,0.0,0.0,0.8660254037844386,0.5000000000000001
2025-12-31 04:30:00,4360.83,4370.92,4357.79,4370.07,4214,33,0,9.239999999999782,0.8500000000003638,3.0399999999999636,9.199999999999818,0.002109670776702772,1,13.13000000000011,0.7037319111167087,4,30,2,1.0,0.0,0.0,0.8660254037844386,0.5000000000000001
2025-12-31 04:45:00,4370.11,4370.56,4346.88,4348.61,5924,33,0,21.5,0.4500000000007276,1.7299999999995634,-21.460000000000036,-0.004910676488019652,-1,23.68000000000029,0.9079391888057577,4,45,2,1.0,0.0,0.0,0.8660254037844386,0.5000000000000001
2025-12-31 05:00:00,4348.61,4359.69,4343.65,4359.41,4590,33,0,10.800000000000182,0.27999999999974534,4.960000000000036,10.800000000000182,0.002483552215535581,1,16.039999999999964,0.6733167078096658,5,0,2,1.0,0.0,0.0,0.9659258262890683,0.25881904510252074
2025-12-31 05:15:00,4359.4,4359.78,4340.8,4348.51,4995,33,0,10.889999999999418,0.38000000000010914,7.710000000000036,-10.899999999999636,-0.002500338348537907,-1,18.979999999999563,0.5737618542814568,5,15,2,1.0,0.0,0.0,0.9659258262890683,0.25881904510252074
2025-12-31 05:30:00,4348.49,4353.87,4346.53,4351.93,3328,33,0,3.4400000000005093,1.9399999999995998,1.9600000000000364,3.4200000000000728,0.0007864762872800275,1,7.3400000000001455,0.4686648494977919,5,30,2,1.0,0.0,0.0,0.9659258262890683,0.25881904510252074
2025-12-31 05:45:00,4351.93,4352.44,4345.49,4348.5,2863,33,0,3.430000000000291,0.5099999999993088,3.0100000000002183,-3.430000000000291,-0.000788156059495509,-1,6.949999999999818,0.49352517914606175,5,45,2,1.0,0.0,0.0,0.9659258262890683,0.25881904510252074
2025-12-31 06:00:00,4348.3,4351.24,4344.69,4348.27,3072,33,0,0.02999999999974534,2.9399999999996,3.5800000000008367,-0.22999999999956344,-5.2891801770625144e-05,-1,6.550000000000182,0.004580152664724119,6,0,2,1.0,0.0,0.0,1.0,6.123233995736766e-17
2025-12-31 06:15:00,4348.22,4348.47,4342.19,4346.45,2599,33,0,1.7700000000004366,0.25,4.260000000000218,-1.8200000000006185,-0.0004185572653033547,-1,6.280000000000655,0.28184713330920075,6,15,2,1.0,0.0,0.0,1.0,6.123233995736766e-17
2025-12-31 06:30:00,4346.43,4348.19,4342.55,4343.16,2301,33,0,3.2700000000004366,1.7599999999993088,0.6099999999996726,-3.2899999999999636,-0.0007569395713743316,-1,5.639999999999418,0.5797872330146989,6,30,2,1.0,0.0,0.0,1.0,6.123233995736766e-17
2025-12-31 06:45:00,4343.17,4346.01,4330.67,4332.85,2912,33,0,10.319999999999709,2.8400000000001455,2.180000000000291,-10.30999999999949,-0.002373847613258432,-1,15.340000000000146,0.6727509773971383,6,45,2,1.0,0.0,0.0,1.0,6.123233995736766e-17
2025-12-31 07:00:00,4332.97,4334.57,4329.32,4334.57,3386,33,0,1.5999999999994543,0.0,3.6500000000005457,1.7199999999993452,0.0003969673540508776,1,5.25,0.30476190418130195,7,0,2,1.0,0.0,0.0,0.9659258262890683,-0.25881904510252063
2025-12-31 07:15:00,4334.49,4343.0,4332.78,4342.48,2831,33,0,7.989999999999782,0.5200000000004366,1.7100000000000364,7.9099999999998545,0.0018248638273230921,1,10.220000000000255,0.7818003906244205,7,15,2,1.0,0.0,0.0,0.9659258262890683,-0.25881904510252063
2025-12-31 07:30:00,4342.72,4343.0,4318.77,4324.8,4681,33,0,17.920000000000073,0.27999999999974534,6.029999999999745,-17.67999999999938,-0.004071406201064687,-1,24.229999999999563,0.7395790339498393,7,30,2,1.0,0.0,0.0,0.9659258262890683,-0.25881904510252063
2025-12-31 07:45:00,4325.05,4327.74,4276.19,4285.88,5616,33,0,39.17000000000007,2.6899999999996,9.69000000000051,-38.92000000000007,-0.008999260081391064,-1,51.55000000000018,0.7598448107158388,7,45,2,1.0,0.0,0.0,0.9659258262890683,-0.25881904510252063
2025-12-31 08:00:00,4285.95,4301.38,4274.39,4299.02,4295,33,0,13.070000000000618,2.3599999999996726,11.55999999999949,13.140000000000327,0.00306588145258391,1,26.98999999999978,0.48425342701586477,8,0,2,0.0,1.0,0.0,0.8660254037844387,-0.4999999999999998
2025-12-31 08:15:00,4298.87,4308.7,4292.52,4307.24,3864,33,0,8.36999999999989,1.4600000000000364,6.349999999999454,8.219999999999345,0.0019120636796291584,1,16.17999999999938,0.5173053148842495,8,15,2,0.0,1.0,0.0,0.8660254037844387,-0.4999999999999998
2025-12-31 08:30:00,4307.44,4317.19,4304.73,4314.39,3010,33,0,6.950000000000728,2.7999999999992724,2.7100000000000364,7.150000000000546,0.0016599957281230083,1,12.460000000000036,0.5577849112698923,8,30,2,0.0,1.0,0.0,0.8660254037844387,-0.4999999999999998
2025-12-31 08:45:00,4314.38,4328.59,4311.72,4328.02,3064,33,0,13.640000000000327,0.569999999999709,2.6599999999998545,13.63000000000011,0.0031591951585276503,1,16.86999999999989,0.8085358619985215,8,45,2,0.0,1.0,0.0,0.8660254037844387,-0.4999999999999998
2025-12-31 09:00:00,4328.32,4332.32,4323.56,4330.57,3134,33,0,2.25,1.75,4.759999999999309,2.5499999999992724,0.0005891839686506236,1,8.759999999999309,0.2568493147753064,9,0,2,0.0,1.0,0.0,0.7071067811865476,-0.7071067811865475
2025-12-31 09:15:00,4330.57,4334.81,4328.79,4333.15,2784,33,0,2.5799999999999272,1.660000000000764,1.7799999999997453,2.5799999999999272,0.000595764529842475,1,6.020000000000437,0.4285714278594727,9,15,2,0.0,1.0,0.0,0.7071067811865476,-0.7071067811865475
2025-12-31 09:30:00,4333.15,4334.67,4330.35,4332.1,2190,33,0,1.0499999999992724,1.5200000000004366,1.75,-1.0499999999992724,-0.00024231794422054914,-1,4.319999999999709,0.2430555549927749,9,30,2,0.0,1.0,0.0,0.7071067811865476,-0.7071067811865475
2025-12-31 09:45:00,4332.11,4332.62,4326.76,4331.01,2627,33,0,1.0999999999994543,0.5100000000002183,4.25,-1.0900000000001455,-0.0002516100736363762,-1,5.859999999999673,0.18771331025979227,9,45,2,0.0,1.0,0.0,0.7071067811865476,-0.7071067811865475
2025-12-31 10:00:00,4331.0,4332.74,4320.1,4322.77,3434,33,0,8.229999999999563,1.7399999999997817,2.6700000000000728,-8.239999999999782,-0.0019025585256094494,-1,12.639999999999418,0.6511075944215875,10,0,2,0.0,1.0,0.0,0.49999999999999994,-0.8660254037844387
2025-12-31 10:15:00,4322.72,4327.4,4321.92,4326.1,2351,33,0,3.380000000000109,1.2999999999992724,0.8000000000001819,3.3299999999999272,0.0007703393888640679,1,5.479999999999563,0.6167883200424261,10,15,2,0.0,1.0,0.0,0.49999999999999994,-0.8660254037844387
2025-12-31 10:30:00,4326.1,4326.35,4316.97,4317.22,1783,33,0,8.88000000000011,0.25,0.25,-8.88000000000011,-0.0020526571276669766,-1,9.38000000000011,0.9466950949395581,10,30,2,0.0,1.0,0.0,0.49999999999999994,-0.8660254037844387
2025-12-31 10:45:00,4317.22,4317.79,4303.3,4307.29,3129,33,0,9.930000000000291,0.569999999999709,3.9899999999997817,-9.930000000000291,-0.0023000912624328365,-1,14.489999999999782,0.6853002065664209,10,45,2,0.0,1.0,0.0,0.49999999999999994,-0.8660254037844387
2025-12-31 11:00:00,4307.28,4318.08,4306.94,4317.0,3164,33,0,9.720000000000255,1.0799999999999272,0.3400000000001455,9.710000000000036,0.0022543176800261964,1,11.140000000000327,0.8725314175291431,11,0,2,0.0,1.0,0.0,0.258819045102521,-0.9659258262890682
2025-12-31 11:15:00,4316.83,4327.12,4310.85,4323.57,2840,33,0,6.739999999999782,3.550000000000182,5.979999999999563,6.569999999999709,0.001521890201528772,1,16.269999999999527,0.4142593728246702,11,15,2,0.0,1.0,0.0,0.258819045102521,-0.9659258262890682
2025-12-31 11:30:00,4323.57,4337.09,4323.21,4336.17,2279,33,0,12.600000000000364,0.9200000000000728,0.3599999999996726,12.600000000000364,0.002914258355942049,1,13.88000000000011,0.9077809791730875,11,30,2,0.0,1.0,0.0,0.258819045102521,-0.9659258262890682
2025-12-31 11:45:00,4336.07,4337.16,4325.08,4325.78,2580,33,0,10.289999999999964,1.0900000000001455,0.6999999999998181,-10.390000000000327,-0.00239612376821027,-1,12.079999999999927,0.8518211913478322,11,45,2,0.0,1.0,0.0,0.258819045102521,-0.9659258262890682
2025-12-31 12:00:00,4325.76,4331.38,4324.54,4327.07,2326,33,0,1.3099999999994907,4.3100000000004,1.2200000000002547,1.2899999999999636,0.00029821211434699954,1,6.8400000000001455,0.1915204675561781,12,0,2,0.0,1.0,0.0,1.2246467991473532e-16,-1.0
2025-12-31 12:15:00,4327.04,4330.11,4319.55,4319.56,2142,33,0,7.479999999999563,3.069999999999709,0.010000000000218279,-7.509999999999309,-0.0017355855116740217,-1,10.55999999999949,0.7083333326625559,12,15,2,0.0,1.0,0.0,1.2246467991473532e-16,-1.0
2025-12-31 12:30:00,4319.51,4319.51,4305.18,4307.19,2559,33,0,12.320000000000618,0.0,2.009999999999309,-12.3700000000008,-0.00286371760086694,-1,14.329999999999927,0.8597348214517329,12,30,2,0.0,1.0,0.0,1.2246467991473532e-16,-1.0
2025-12-31 12:45:00,4307.19,4310.85,4303.45,4306.46,1920,33,0,0.7299999999995634,3.660000000000764,3.0100000000002183,-0.7299999999995634,-0.00016948404876487071,-1,7.400000000000546,0.0986486485152734,12,45,2,0.0,1.0,0.0,1.2246467991473532e-16,-1.0
2025-12-31 13:00:00,4306.36,4315.27,4304.02,4313.84,2212,33,0,7.480000000000473,1.430000000000291,2.339999999999236,7.380000000000109,0.0017137045276166757,1,11.25,0.6648888882979185,13,0,2,0.0,1.0,0.0,-0.2588190451025208,-0.9659258262890683
2025-12-31 13:15:00,4313.84,4315.97,4309.77,4311.21,1719,33,0,2.630000000000109,2.130000000000109,1.4399999999995998,-2.630000000000109,-0.0006096656343304594,-1,6.199999999999818,0.4241935477029437,13,15,2,0.0,1.0,0.0,-0.2588190451025208,-0.9659258262890683
2025-12-31 13:30:00,4311.16,4313.51,4307.44,4312.58,2087,33,0,1.4200000000000728,0.930000000000291,3.7200000000002547,1.3699999999998909,0.0003177762159579076,1,6.0700000000006185,0.2339373966491852,13,30,2,0.0,1.0,0.0,-0.2588190451025208,-0.9659258262890683
2025-12-31 13:45:00,4312.57,4316.24,4309.25,4310.9,2599,33,0,1.6700000000000728,3.6700000000000728,1.6499999999996362,-1.680000000000291,-0.00038955799080835394,-1,6.989999999999782,0.23891273213318992,13,45,2,0.0,1.0,0.0,-0.2588190451025208,-0.9659258262890683
2025-12-31 14:00:00,4310.76,4312.37,4305.35,4308.94,2699,33,0,1.8200000000006185,1.6099999999996726,3.589999999999236,-1.9600000000000364,-0.00045466143960658717,-1,7.019999999999527,0.25925925889004964,14,0,2,0.0,1.0,0.0,-0.4999999999999997,-0.8660254037844388
2025-12-31 14:15:00,4308.93,4310.75,4303.01,4306.85,3202,33,0,2.0799999999999272,1.819999999999709,3.8400000000001455,-2.089999999999236,-0.0004850380836120336,-1,7.739999999999782,0.26873384978199577,14,15,2,0.0,1.0,0.0,-0.4999999999999997,-0.8660254037844388
2025-12-31 14:30:00,4306.86,4317.98,4306.71,4317.15,3237,33,0,10.289999999999964,0.8299999999999272,0.1499999999996362,10.299999999999272,0.002391539059869573,1,11.269999999999527,0.9130434774507507,14,30,2,0.0,1.0,0.0,-0.4999999999999997,-0.8660254037844388
2025-12-31 14:45:00,4317.21,4317.48,4310.66,4313.77,2853,33,0,3.4399999999996,0.26999999999952706,3.110000000000582,-3.3799999999991996,-0.0007829239197153678,-1,6.819999999999709,0.5043988262398472,14,45,2,0.0,1.0,0.0,-0.4999999999999997,-0.8660254037844388
2025-12-31 15:00:00,4313.86,4316.88,4307.9,4311.69,3444,33,0,2.1700000000000728,3.0200000000004366,3.7899999999999636,-2.0800000000008367,-0.0004821768429936776,-1,8.980000000000473,0.2416481066351311,15,0,2,0.0,1.0,0.0,-0.7071067811865471,-0.7071067811865479
2025-12-31 15:15:00,4311.68,4329.27,4311.52,4328.39,4473,33,0,16.710000000000036,0.8800000000001091,0.15999999999985448,16.700000000000728,0.003873191254473473,1,17.75,0.9414084501738564,15,15,2,0.0,1.0,0.0,-0.7071067811865471,-0.7071067811865479
2025-12-31 15:30:00,4328.4,4334.93,4325.8,4333.01,3936,33,0,4.610000000000582,1.9200000000000728,2.5999999999994543,4.619999999999891,0.0010673714706853797,1,9.13000000000011,0.5049288055806395,15,30,2,0.0,1.0,0.0,-0.7071067811865471,-0.7071067811865479
2025-12-31 15:45:00,4333.02,4348.22,4332.08,4345.77,4012,33,0,12.75,2.449999999999818,0.9400000000005093,12.760000000000218,0.0029448351146201413,1,16.140000000000327,0.7899628247893502,15,45,2,0.0,1.0,0.0,-0.7071067811865471,-0.7071067811865479
2025-12-31 16:00:00,4345.78,4348.33,4334.26,4340.04,4088,33,0,5.739999999999782,2.550000000000182,5.779999999999745,-5.730000000000473,-0.0013185235297773403,-1,14.069999999999709,0.40796019871501765,16,0,2,0.0,0.0,1.0,-0.8660254037844384,-0.5000000000000004
2025-12-31 16:15:00,4340.04,4344.73,4332.98,4336.95,3422,33,0,3.0900000000001455,4.6899999999996,3.9700000000002547,-3.0900000000001455,-0.0007119750048386987,-1,11.75,0.262978723180456,16,15,2,0.0,0.0,1.0,-0.8660254037844384,-0.5000000000000004
2025-12-31 16:30:00,4337.08,4348.46,4332.81,4343.85,6343,33,0,6.770000000000437,4.609999999999673,4.269999999999527,6.900000000000546,0.0015909798360600298,1,15.649999999999636,0.4325878591485441,16,30,2,0.0,0.0,1.0,-0.8660254037844384,-0.5000000000000004
2025-12-31 16:45:00,4343.88,4353.19,4342.34,4345.9,4909,33,0,2.019999999999527,7.289999999999964,1.5399999999999636,2.0499999999992724,0.0004719315814310513,1,10.849999999999454,0.18617511503574907,16,45,2,0.0,0.0,1.0,-0.8660254037844384,-0.5000000000000004
2025-12-31 17:00:00,4345.9,4346.25,4328.49,4331.68,4931,33,0,14.219999999999345,0.3500000000003638,3.1900000000005093,-14.219999999999345,-0.0032720495179362954,-1,17.76000000000022,0.800675675224798,17,0,2,0.0,0.0,1.0,-0.9659258262890683,-0.25881904510252063
2025-12-31 17:15:00,4331.68,4338.7,4327.19,4337.2,5515,33,0,5.519999999999527,1.5,4.490000000000691,5.519999999999527,0.0012743323606544173,1,11.510000000000218,0.4795829709125623,17,15,2,0.0,0.0,1.0,-0.9659258262890683,-0.25881904510252063
2025-12-31 17:30:00,4337.22,4341.49,4328.99,4331.04,4962,33,0,6.180000000000291,4.269999999999527,2.050000000000182,-6.1599999999998545,-0.0014202711426726585,-1,12.5,0.49439999960450326,17,30,2,0.0,0.0,1.0,-0.9659258262890683,-0.25881904510252063
2025-12-31 17:45:00,4330.9,4337.66,4327.39,4337.27,4312,33,0,6.3700000000008,0.3899999999994179,3.509999999999309,6.230000000000473,0.0014384535815879034,1,10.269999999999527,0.6202531639531219,17,45,2,0.0,0.0,1.0,-0.9659258262890683,-0.25881904510252063
2025-12-31 18:00:00,4337.36,4339.71,4321.12,4324.03,4235,33,0,13.329999999999927,2.350000000000364,2.9099999999998545,-13.240000000000691,-0.0030526114353039333,-1,18.590000000000146,0.7170521782049113,18,0,2,0.0,0.0,1.0,-1.0,-1.8369701987210297e-16
2025-12-31 18:15:00,4324.0,4329.75,4321.9,4325.5,3949,33,0,1.5,4.25,2.100000000000364,1.4700000000002547,0.0003399606385710216,1,7.850000000000364,0.19108280230434427,18,15,2,0.0,0.0,1.0,-1.0,-1.8369701987210297e-16
2025-12-31 18:30:00,4325.5,4329.69,4319.24,4319.67,3232,33,0,5.829999999999927,4.1899999999996,0.43000000000029104,-5.829999999999927,-0.0013478210611489834,-1,10.449999999999818,0.5578947363082374,18,30,2,0.0,0.0,1.0,-1.0,-1.8369701987210297e-16
2025-12-31 18:45:00,4319.69,4324.49,4317.05,4322.89,2830,33,0,3.2000000000007276,1.5999999999994543,2.639999999999418,3.2200000000002547,0.0007454273127345966,1,7.4399999999996,0.43010752630373983,18,45,2,0.0,0.0,1.0,-1.0,-1.8369701987210297e-16
2025-12-31 19:00:00,4322.91,4328.26,4320.42,4323.28,2608,33,0,0.36999999999989086,4.980000000000473,2.4899999999997817,0.3899999999994179,9.021742399168563e-05,1,7.8400000000001455,0.04719387749080934,19,0,2,0.0,0.0,1.0,-0.9659258262890684,0.2588190451025203
2025-12-31 19:15:00,4323.29,4324.66,4317.96,4320.64,2741,33,0,2.649999999999636,1.3699999999998909,2.680000000000291,-2.639999999999418,-0.0006106474713641999,-1,6.699999999999818,0.395522387469326,19,15,2,0.0,0.0,1.0,-0.9659258262890684,0.2588190451025203
2025-12-31 19:30:00,4320.57,4329.54,4318.93,4325.44,3004,33,0,4.869999999999891,4.100000000000364,1.639999999999418,4.799999999999272,0.0011109465264403588,1,10.609999999999673,0.459000942074461,19,30,2,0.0,0.0,1.0,-0.9659258262890684,0.2588190451025203
2025-12-31 19:45:00,4325.44,4326.94,4320.2,4321.84,2880,33,0,3.5999999999994543,1.5,1.6400000000003274,-3.5999999999994543,-0.0008322852704001106,-1,6.739999999999782,0.5341246282875852,19,45,2,0.0,0.0,1.0,-0.9659258262890684,0.2588190451025203
2025-12-31 20:00:00,4321.84,4327.76,4321.53,4327.56,3465,33,0,5.720000000000255,0.1999999999998181,0.3100000000004002,5.720000000000255,0.0013235103566999829,1,6.230000000000473,0.9181380402597817,20,0,2,0.0,0.0,1.0,-0.8660254037844386,0.5000000000000001
2025-12-31 20:15:00,4327.56,4331.4,4323.81,4328.49,3431,33,0,0.9299999999993815,2.9099999999998545,3.75,0.9299999999993815,0.00021490169980297938,1,7.589999999999236,0.12252964410726992,20,15,2,0.0,0.0,1.0,-0.8660254037844386,0.5000000000000001
2025-12-31 20:30:00,4328.39,4328.98,4318.52,4322.1,2895,33,0,6.289999999999964,0.589999999999236,3.5799999999999272,-6.389999999999418,-0.0014762653950914563,-1,10.459999999999127,0.6013384315475243,20,30,2,0.0,0.0,1.0,-0.8660254037844386,0.5000000000000001
2025-12-31 20:45:00,4322.06,4322.1,4315.71,4319.6,2331,33,0,2.4600000000000364,0.03999999999996362,3.8900000000003274,-2.5,-0.0005784225260868559,-1,6.390000000000327,0.384976525219115,20,45,2,0.0,0.0,1.0,-0.8660254037844386,0.5000000000000001
2025-12-31 21:00:00,4319.6,4322.89,4315.68,4317.72,2743,33,0,1.8800000000001091,3.2899999999999636,2.0399999999999636,-1.8800000000001091,-0.00043522548384112165,-1,7.210000000000036,0.26074895941645077,21,0,2,0.0,0.0,1.0,-0.7071067811865477,0.7071067811865474
2025-12-31 21:15:00,4317.73,4319.9,4316.58,4317.59,1913,33,0,0.13999999999941792,2.1700000000000728,1.0100000000002183,-0.13000000000010914,-3.0108483180963363e-05,-1,3.319999999999709,0.04216867457160947,21,15,2,0.0,0.0,1.0,-0.7071067811865477,0.7071067811865474
2025-12-31 21:30:00,4317.6,4317.9,4307.77,4310.81,3596,33,0,6.789999999999964,0.2999999999992724,3.0399999999999636,-6.779999999999745,-0.0015703204797120026,-1,10.1299999999992,0.6702862777194113,21,30,2,0.0,0.0,1.0,-0.7071067811865477,0.7071067811865474
2025-12-31 21:45:00,4310.81,4314.01,4308.52,4311.29,3310,33,0,0.47999999999956344,2.7200000000002547,2.2899999999999636,0.47999999999956344,0.00011134798332553821,1,5.489999999999782,0.08743169382973873,21,45,2,0.0,0.0,1.0,-0.7071067811865477,0.7071067811865474
2025-12-31 22:00:00,4311.3,4315.59,4304.5,4314.91,2855,33,0,3.6099999999996726,0.680000000000291,6.800000000000182,3.619999999999891,0.0008396558802585516,1,11.090000000000146,0.32551848482817314,22,0,2,0.0,0.0,1.0,-0.5000000000000004,0.8660254037844384
2025-12-31 22:15:00,4314.93,4318.91,4312.9,4314.72,2787,35,0,0.21000000000003638,3.9799999999995634,1.8200000000006185,-0.18999999999959982,-4.4033363384079815e-05,-1,6.010000000000218,0.034941763668986874,22,15,2,0.0,0.0,1.0,-0.5000000000000004,0.8660254037844384
2025-12-31 22:30:00,4314.74,4324.32,4314.39,4321.17,2925,35,0,6.430000000000291,3.149999999999636,0.3499999999994543,6.449999999999818,0.0014948826343308065,1,9.929999999999382,0.6475327284516983,22,30,2,0.0,0.0,1.0,-0.5000000000000004,0.8660254037844384
2025-12-31 22:45:00,4321.17,4321.71,4306.8,4313.22,3239,38,0,7.949999999999818,0.5399999999999636,6.420000000000073,-7.949999999999818,-0.001839779504162025,-1,14.909999999999854,0.5331991948134074,22,45,2,0.0,0.0,1.0,-0.5000000000000004,0.8660254037844384
2025-12-31 23:00:00,4313.24,4314.58,4310.72,4313.11,1406,35,0,0.13000000000010914,1.3400000000001455,2.389999999999418,-0.11000000000058208,-2.5502988486694876e-05,-1,3.8599999999996726,0.0336787563894644,23,0,2,0.0,0.0,1.0,-0.25881904510252157,0.9659258262890681
2025-12-31 23:15:00,4313.1,4313.12,4306.93,4309.91,977,35,0,3.1900000000005093,0.019999999999527063,2.9799999999995634,-3.199999999999818,-0.0007419240408892466,-1,6.1899999999996,0.5153473335779066,23,15,2,0.0,0.0,1.0,-0.25881904510252157,0.9659258262890681
2025-12-31 23:30:00,4309.92,4316.31,4309.28,4314.64,1224,40,0,4.720000000000255,1.6700000000000728,0.6400000000003274,4.730000000000473,0.0010974707128456216,1,7.030000000000655,0.6714082494005309,23,30,2,0.0,0.0,1.0,-0.25881904510252157,0.9659258262890681
2025-12-31 23:45:00,4314.69,4318.46,4313.69,4318.4,952,45,0,3.7100000000000364,0.06000000000040018,1.0,3.759999999999309,0.0008714516158936339,1,4.770000000000437,0.7777777761471528,23,45,2,0.0,0.0,1.0,-0.25881904510252157,0.9659258262890681
2026-01-02 01:00:00,4325.06,4335.18,4324.28,4330.72,1409,43,0,5.6599999999998545,4.460000000000036,0.7800000000006548,12.320000000000618,0.002852908484624078,1,10.900000000000546,0.5192660545694413,1,0,4,1.0,0.0,0.0,0.25881904510252074,0.9659258262890683
2026-01-02 01:15:00,4330.77,4342.38,4328.13,4340.9,1334,43,0,10.1299999999992,1.480000000000473,2.6400000000003274,10.179999999999382,0.002350648391029524,1,14.25,0.7108771924835388,1,15,4,1.0,0.0,0.0,0.25881904510252074,0.9659258262890683
2026-01-02 01:30:00,4341.27,4345.39,4339.14,4345.13,1357,41,0,3.8599999999996726,0.2600000000002183,2.130000000000109,4.230000000000473,0.0009744523025180201,1,6.25,0.6175999990117876,1,30,4,1.0,0.0,0.0,0.25881904510252074,0.9659258262890683
2026-01-02 01:45:00,4345.21,4351.18,4341.83,4348.29,1514,39,0,3.0799999999999272,2.8900000000003274,3.380000000000109,3.1599999999998545,0.0007272509683254251,1,9.350000000000364,0.3294117643535497,1,45,4,1.0,0.0,0.0,0.25881904510252074,0.9659258262890683
2026-01-02 02:00:00,4348.48,4352.75,4344.53,4347.97,1291,33,0,0.5099999999993088,4.270000000000437,3.4400000000005093,-0.31999999999970896,-7.359214771777158e-05,-1,8.220000000000255,0.06204379554487287,2,0,4,1.0,0.0,0.0,0.49999999999999994,0.8660254037844387
2026-01-02 02:15:00,4347.97,4349.29,4341.38,4347.2,1481,33,0,0.7700000000004366,1.319999999999709,5.819999999999709,-0.7700000000004366,-0.0001770941381841265,-1,7.9099999999998545,0.09734513262035391,2,15,4,1.0,0.0,0.0,0.49999999999999994,0.8660254037844387
2026-01-02 02:30:00,4347.2,4350.74,4346.58,4349.5,2207,33,0,2.300000000000182,1.2399999999997817,0.6199999999998909,2.300000000000182,0.0005290761869709657,1,4.1599999999998545,0.5528846140556289,2,30,4,1.0,0.0,0.0,0.49999999999999994,0.8660254037844387
2026-01-02 02:45:00,4349.54,4355.9,4349.54,4353.95,2021,33,0,4.4099999999998545,1.949999999999818,0.0,4.449999999999818,0.0010231061041498604,1,6.359999999999673,0.6933962253248616,2,45,4,1.0,0.0,0.0,0.49999999999999994,0.8660254037844387
